Number,Name,URLLink,Team,Country,AgeDate,Weight,Height,Contract,Rookie,PProtected,NoApplyRerate,AvailableforTrade,NoTrade,CanPlayPro,CanPlayFarm,ForceWaiver,StarPower,Salary1,Salary2,Salary3,Salary4,Salary5,Salary6,Salary7,Salary8,Salary9,Salary10,Injury,NumberOfInjury,Condition,Suspension,Status1,Status2,Status3,Status4,Status5,Status6,Status7,Status8,Status9,Status10,SK,DU,EN,SZ,AG,RB,SC,HS,RT,PH,PS,EX,LD,PO,MO,Overall,ProGP,ProSecPlay,ProW,ProL,ProOTL,ProShutout,ProGA,ProSA,ProSARebound,ProPim,ProA,ProPenalityShotsShots,ProPenalityShotsGoals,ProStartGoaler,ProBackupGoaler,ProEmptyNetGoal,ProStar(1),ProStar(2),ProStar(3),ProStarPower7Days,ProStarPower30Days,ProStarPowerYear,FarmGp,FarmSecPlay,FarmW,FarmL,FarmOTL,FarmShutout,FarmGA,FarmSA,FarmSARebound,FarmPim,FarmA,FarmPenalityShotsShots,FarmPenalityShotsGoals,FarmStartGoaler,FarmBackupGoaler,FarmEmptyNetGoal,FarmStar(1),FarmStar(2),FarmStar(3),FarmStarPower7Days,FarmStarPower30Days,FarmStarPowerYear,ExcludeFromPayroll
439,Collin Delia,https://www.tsn.ca/nhl/player-bio/collin-delia,13,USA,1994-06-19,190,74,2,False,False,False,False,False,True,True,False,0,950000,950000,0,0,0,0,0,0,0,0,,0,100,0,2,2,2,2,2,2,2,2,2,2,70,70,66,75,76,64,45,67,78,70,45,45,45,67,50,64,1,3072,0,0,0,0,3,42,0,0,0,0,0,0,5,0,0,0,0,0,0,240,0,0,0,0,0,0,0,0,0,0,0,0,0,0,0,0,0,0,0,0,0,0,False
465,Ian Scott,,1,ALB,1999-01-11,168,77,2,True,False,False,False,False,True,True,False,0,820000,820000,0,0,0,0,0,0,0,0,,0,100,0,1,1,1,1,1,1,1,1,1,1,55,55,55,55,55,55,55,55,55,55,55,55,55,55,50,55,1,2358,0,0,0,0,0,20,0,0,0,0,0,0,4,0,0,0,0,0,0,0,14,47646,10,2,0,2,38,283,0,0,1,3,0,13,67,0,0,0,0,0,0,1000,False
466,Francois Brassard,,27,QUE,1994-01-31,172,73,2,True,False,False,False,False,True,True,False,0,700000,700000,0,0,0,0,0,0,0,0,,0,100,0,3,3,3,3,3,3,3,3,3,3,51,55,55,55,55,55,55,55,55,55,55,55,55,55,50,54,1,1551,0,0,0,0,1,8,0,0,0,0,0,0,3,0,0,0,0,0,0,0,76,258061,40,32,3,3,206,2109,0,2,7,10,4,76,0,0,3,3,4,0,0,9720,False
417,David Rittich,http://www.tsn.ca/nhl/player-bio/david-rittich,13,CZE,1992-08-18,202,75,1,False,False,False,False,False,True,True,False,0,1000000,0,0,0,0,0,0,0,0,0,,0,100,0,3,3,3,3,3,3,3,3,3,3,79,69,66,81,83,75,66,76,81,79,57,52,52,75,50,72,50,167775,31,14,3,2,107,1393,0,2,1,23,8,49,30,0,6,3,2,140,280,9920,0,0,0,0,0,0,0,0,0,0,0,0,0,0,0,0,0,0,0,0,0,0,False
418,Alex Nedeljkovic,http://www.tsn.ca/nhl/player-bio/alex-nedeljkovic,16,USA,1996-01-07,189,72,1,False,False,False,False,False,True,True,False,0,894167,0,0,0,0,0,0,0,0,0,,0,100,0,1,1,1,1,1,1,1,1,1,1,67,80,99,70,63,70,64,72,66,66,30,44,44,68,50,66,0,0,0,0,0,0,0,0,0,0,0,0,0,0,0,0,0,0,0,0,0,0,82,295432,70,9,3,17,131,1227,0,2,3,23,4,82,0,0,0,1,2,220,220,7200,False
379,Semyon Varlamov,http://www.tsn.ca/nhl/player-bio/semyon-varlamov,24,RUS,1988-04-26,209,74,4,False,False,False,False,True,True,True,False,0,6000000,6000000,6000000,6000000,0,0,0,0,0,0,,3,98,0,3,3,3,3,3,3,3,3,3,3,76,80,79,80,76,75,62,78,79,76,95,70,72,75,50,74,63,215200,21,40,0,1,195,2086,0,2,1,13,1,58,23,2,9,2,3,580,580,8715,0,0,0,0,0,0,0,0,0,0,0,0,0,0,0,0,0,0,0,0,0,0,False
7,Jonathan Bernier,http://www.tsn.ca/nhl/player-bio/jonathan-bernier,6,QUE,1988-08-07,184,72,1,False,False,False,False,False,True,True,False,0,4200000,0,0,0,0,0,0,0,0,0,,17,100,0,3,3,3,3,3,3,3,3,3,3,64,66,66,67,64,64,55,65,73,65,68,66,67,65,50,64,18,56021,3,11,2,0,51,613,0,2,0,2,1,14,52,1,2,0,2,0,0,2100,0,0,0,0,0,0,0,0,0,0,0,0,0,0,0,0,0,0,0,0,0,0,False
8,Curtis McElhinney,http://www.tsn.ca/nhl/player-bio/curtis-mcelhinney,30,ONT,1983-05-22,200,75,1,False,False,False,False,False,True,True,False,0,1600000,0,0,0,0,0,0,0,0,0,,37,97,0,3,3,3,3,3,3,3,3,3,3,74,55,56,80,77,72,68,74,82,75,69,63,64,72,50,70,35,123510,23,7,2,1,78,984,0,2,0,30,5,35,34,0,2,4,1,60,700,5875,0,0,0,0,0,0,0,0,0,0,0,0,0,0,0,0,0,0,0,0,0,0,False
9,Matej Tomek,,0,,0001-01-01,0,0,0,False,False,False,False,False,True,True,False,0,0,0,0,0,0,0,0,0,0,0,,0,0,0,0,0,0,0,0,0,0,0,0,0,0,0,0,0,0,0,0,0,0,0,0,0,0,0,0,2,0,0,0,0,0,0,0,0,0,0,0,0,0,0,0,0,0,0,0,0,0,0,0,0,0,0,0,0,0,0,0,0,0,0,0,0,0,0,0,0,0,0,0,0,False
380,Cam Talbot,http://www.tsn.ca/nhl/player-bio/cam-talbot,10,ONT,1987-07-04,196,76,4,False,False,False,False,False,True,True,False,0,6250000,6250000,6250000,6250000,0,0,0,0,0,0,,4,98,0,3,2,2,2,2,2,2,2,2,2,70,90,86,80,71,68,54,68,69,70,54,65,66,62,50,69,53,191840,25,24,4,1,177,1792,0,6,1,18,7,53,29,2,4,2,1,1125,1125,7285,0,0,0,0,0,0,0,0,0,0,0,0,0,0,0,0,0,0,0,0,0,0,False
419,Alex Lyon,http://www.tsn.ca/nhl/player-bio/alex-lyon,9,USA,1992-12-08,201,73,2,False,False,False,False,False,True,True,False,0,750000,750000,0,0,0,0,0,0,0,0,,0,100,0,3,3,3,3,3,3,3,3,3,3,62,69,86,75,63,66,53,64,60,59,30,45,45,62,50,61,23,64218,8,11,0,0,67,640,0,2,0,0,0,20,29,0,3,2,1,0,580,2880,14,50055,13,1,0,3,24,214,0,0,0,4,1,14,0,0,0,0,0,0,0,1420,False
12,Ryan Miller,http://www.tsn.ca/nhl/player-bio/ryan-miller,22,USA,1980-07-17,173,75,1,False,False,False,False,False,True,True,False,0,5000000,0,0,0,0,0,0,0,0,0,,0,100,0,1,1,1,1,1,1,1,1,1,1,59,54,58,69,50,68,64,63,82,60,87,79,82,63,50,65,0,0,0,0,0,0,0,0,0,0,0,0,0,0,0,0,0,0,0,0,0,0,74,264810,58,14,1,17,104,1246,0,4,3,22,5,74,0,0,3,1,3,1555,1555,10555,False
420,Thatcher Demko,http://www.tsn.ca/nhl/player-bio/thatcher-demko,0,USA,1995-12-07,192,76,1,False,False,False,False,False,True,True,False,0,800000,0,0,0,0,0,0,0,0,0,,0,100,0,0,0,0,0,0,0,0,0,0,0,60,66,83,81,60,62,56,65,58,58,30,44,44,60,50,61,0,0,0,0,0,0,0,0,0,0,0,0,0,0,0,0,0,0,0,0,0,0,0,0,0,0,0,0,0,0,0,0,0,0,0,0,0,0,0,0,0,0,0,0,False
382,Linus Ullmark,http://www.tsn.ca/nhl/player-bio/linus-ullmark,4,SWE,1993-07-30,221,76,1,False,False,False,False,False,True,True,False,0,750000,0,0,0,0,0,0,0,0,0,,0,98,0,3,3,3,3,3,3,3,3,3,3,70,73,70,88,72,68,56,72,75,70,95,51,51,70,50,68,22,74360,9,8,4,1,56,617,0,4,1,14,7,20,62,0,1,1,2,160,160,3795,0,0,0,0,0,0,0,0,0,0,0,0,0,0,0,0,0,0,0,0,0,0,False
343,Andrei Vasilevskiy,http://www.tsn.ca/nhl/player-bio/andrei-vasilevskiy,21,RUS,1994-07-24,207,75,1,False,False,False,False,False,True,True,False,0,4000000,0,0,0,0,0,0,0,0,0,,8,98,0,3,3,3,3,3,3,3,3,3,3,86,89,85,82,86,86,73,87,90,86,95,63,64,85,50,80,52,186328,27,21,3,4,125,1735,0,4,0,26,5,51,29,0,13,6,3,920,1495,13090,0,0,0,0,0,0,0,0,0,0,0,0,0,0,0,0,0,0,0,0,0,0,False
440,Dylan Ferguson,https://www.tsn.ca/nhl/player-bio/dylan-ferguson-260871/,0,BC,1998-09-20,189,73,2,True,False,False,False,False,True,True,False,0,716666,716666,0,0,0,0,0,0,0,0,,0,100,0,0,0,0,0,0,0,0,0,0,0,42,50,63,73,40,43,40,46,40,40,30,44,44,43,50,47,0,0,0,0,0,0,0,0,0,0,0,0,0,0,0,0,0,0,0,0,0,0,0,0,0,0,0,0,0,0,0,0,0,0,0,0,0,0,0,0,0,0,0,0,False
501,Matej Tomek,,24,SVK,1995-02-10,181,75,3,True,False,False,False,False,True,True,False,1,700000,700000,700000,0,0,0,0,0,0,0,,0,100,0,2,2,2,2,2,2,2,2,2,2,55,55,55,55,55,55,55,55,55,55,55,55,55,55,55,54,1,1106,0,0,0,0,4,19,0,0,0,0,0,1,2,0,0,0,0,0,0,0,0,0,0,0,0,0,0,0,0,0,0,0,0,0,0,0,0,0,0,0,0,0,False
384,Juuse Saros,https://www.tsn.ca/nhl/player-bio/juuse-saros,2,FIN,1995-04-18,180,71,1,False,False,False,False,False,True,True,False,0,925000,0,0,0,0,0,0,0,0,0,,58,100,0,2,2,2,2,2,2,2,2,2,2,77,63,62,63,80,74,66,75,85,77,60,54,54,74,50,69,24,77109,13,9,0,2,60,672,0,2,3,3,0,24,37,0,5,2,1,0,0,4350,0,0,0,0,0,0,0,0,0,0,0,0,0,0,0,0,0,0,0,0,0,0,False
19,Ben Bishop,http://www.tsn.ca/nhl/player-bio/ben-bishop,16,USA,1986-11-21,215,79,1,False,False,False,False,False,True,True,False,0,5500000,0,0,0,0,0,0,0,0,0,,0,99,0,3,3,3,3,3,3,3,3,3,3,94,79,77,89,98,90,83,93,97,94,85,68,70,91,50,86,65,233860,40,20,4,7,140,2017,0,4,4,51,13,64,18,2,14,4,6,180,180,16015,0,0,0,0,0,0,0,0,0,0,0,0,0,0,0,0,0,0,0,0,0,0,False
421,Lars Johansson,http://www.tsn.ca/nhl/player-bio/lars-johansson,0,SWE,1987-07-10,198,73,0,False,False,False,False,False,True,True,False,0,0,0,0,0,0,0,0,0,0,0,,0,100,0,0,0,0,0,0,0,0,0,0,0,59,67,84,75,58,62,54,63,58,57,30,44,44,59,50,60,0,0,0,0,0,0,0,0,0,0,0,0,0,0,0,0,0,0,0,0,0,0,0,0,0,0,0,0,0,0,0,0,0,0,0,0,0,0,0,0,0,0,0,0,False
502,Elvis Merlikins,,12,LAT,1994-04-13,181,75,3,True,False,False,False,False,True,True,False,0,1844559,1844559,1844559,0,0,0,0,0,0,0,,0,100,0,3,3,3,3,3,3,3,3,3,3,60,60,60,60,60,60,60,60,60,60,60,60,60,60,60,59,1,3900,1,0,0,0,3,32,0,0,0,3,1,1,1,0,0,0,0,0,40,40,0,0,0,0,0,0,0,0,0,0,0,0,0,0,0,0,0,0,0,0,0,0,False
22,Corey Crawford,http://www.tsn.ca/nhl/player-bio/corey-crawford,7,QUE,1984-12-31,216,74,2,False,False,False,False,False,True,True,False,0,6850000,6850000,0,0,0,0,0,0,0,0,,0,100,0,3,3,3,3,3,3,3,3,3,3,72,63,64,82,73,70,60,73,78,72,90,67,72,71,50,70,22,74485,12,6,2,1,49,571,0,0,1,0,0,20,62,1,2,1,0,0,0,3170,0,0,0,0,0,0,0,0,0,0,0,0,0,0,0,0,0,0,0,0,0,0,False
386,Zachary Fucale,https://www.tsn.ca/nhl/player-bio/zach-fucale,28,QUE,1995-05-27,187,74,2,False,False,False,False,False,True,True,False,0,863000,863000,0,0,0,0,0,0,0,0,,0,100,0,1,0,0,0,0,0,0,0,0,0,56,46,58,74,59,56,58,62,59,59,30,44,44,57,50,57,0,0,0,0,0,0,0,0,0,0,0,0,0,0,0,0,0,0,0,0,0,0,0,0,0,0,0,0,0,0,0,0,0,0,0,0,0,0,0,0,0,0,0,0,False
422,MacKenzie Blackwood,http://www.tsn.ca/nhl/player-bio/mackenzie-blackwood,31,ONT,1996-12-08,225,76,2,False,False,False,False,False,True,True,False,0,913333,913333,0,0,0,0,0,0,0,0,,0,98,0,3,3,3,3,3,3,3,3,3,3,75,70,66,90,78,71,66,76,84,75,95,46,46,74,50,71,31,110570,12,16,3,1,88,967,0,2,3,21,8,30,17,1,2,1,0,60,60,3715,33,118105,24,9,0,7,62,703,0,0,0,8,0,33,0,0,1,1,2,0,0,4455,False
25,Michael Leighton,http://www.tsn.ca/nhl/player-bio/michael-leighton,23,ONT,1981-05-19,186,75,1,False,False,False,False,False,True,True,False,0,650000,0,0,0,0,0,0,0,0,0,,0,100,0,2,0,0,0,0,0,0,0,0,0,50,53,66,76,48,49,51,55,49,49,30,44,44,51,50,53,1,753,0,0,0,0,0,5,0,0,0,0,0,0,2,0,0,0,0,0,0,0,3,11100,2,0,1,1,5,55,0,0,0,4,2,3,0,0,0,0,0,0,0,175,False
26,Anton Khudobin,http://www.tsn.ca/nhl/player-bio/anton-khudobin,13,KAZ,1986-05-07,200,71,2,False,False,False,False,True,True,True,False,0,3000000,3000000,0,0,0,0,0,0,0,0,,49,95,0,2,2,2,2,2,2,2,2,2,2,85,66,65,70,90,79,68,85,89,85,95,62,62,81,50,76,33,114932,14,7,9,1,86,1020,0,4,3,22,7,30,31,0,2,5,1,0,0,4760,0,0,0,0,0,0,0,0,0,0,0,0,0,0,0,0,0,0,0,0,0,0,False
503,Matthew Villalta,,3,ONT,1999-06-03,187,76,3,True,False,False,False,False,True,True,False,0,778333,778333,778333,0,0,0,0,0,0,0,,0,99,0,3,3,3,3,3,3,3,3,3,3,55,55,55,55,55,55,55,55,55,55,55,55,55,55,55,54,1,3600,1,0,0,0,2,23,0,0,0,0,0,1,1,0,0,0,0,60,60,60,0,0,0,0,0,0,0,0,0,0,0,0,0,0,0,0,0,0,0,0,0,0,False
28,John Curry,,0,USA,1984-07-01,185,71,0,False,False,False,False,False,True,True,False,0,0,0,0,0,0,0,0,0,0,0,,0,100,0,2,2,2,2,2,2,2,2,2,2,55,54,69,61,66,58,61,65,66,59,55,74,66,15,50,61,0,0,0,0,0,0,0,0,0,0,0,0,0,0,0,0,0,0,0,0,0,0,0,0,0,0,0,0,0,0,0,0,0,0,0,0,0,0,0,0,0,0,0,0,False
387,Leland Irving,https://www.tsn.ca/nhl/player-bio/leland-irving,0,AB,1988-04-11,177,72,0,False,False,False,False,False,True,True,False,0,0,0,0,0,0,0,0,0,0,0,,0,100,0,0,0,0,0,0,0,0,0,0,0,56,52,65,63,59,57,50,58,55,54,30,44,44,55,50,55,0,0,0,0,0,0,0,0,0,0,0,0,0,0,0,0,0,0,0,0,0,0,0,0,0,0,0,0,0,0,0,0,0,0,0,0,0,0,0,0,0,0,0,0,False
388,Tristan Jarry,http://www.tsn.ca/nhl/player-bio/tristan-jarry,1,BC,1995-04-25,194,74,1,False,False,False,False,False,True,True,False,0,905000,0,0,0,0,0,0,0,0,0,,0,100,0,1,1,1,1,1,1,1,1,1,1,73,70,78,76,75,71,65,72,74,70,77,47,47,62,50,68,2,7200,1,1,0,0,5,92,0,0,0,0,0,2,2,0,1,0,0,0,0,840,74,259106,56,15,3,8,168,1859,0,4,2,11,1,74,0,1,3,4,3,0,0,10830,False
389,Zane McIntyre,https://www.tsn.ca/nhl/player-bio/zane-mcintyre,12,USA,1992-08-20,206,74,1,False,False,False,False,False,True,True,False,0,925000,0,0,0,0,0,0,0,0,0,,0,100,0,1,1,1,1,1,1,1,1,1,1,57,75,94,79,51,59,58,64,56,56,30,44,44,59,50,60,0,0,0,0,0,0,0,0,0,0,0,0,0,0,0,0,0,0,0,0,0,0,5,16908,4,1,0,0,9,63,0,0,1,0,0,4,41,0,0,0,0,0,0,180,False
33,Mike Smith,http://www.tsn.ca/nhl/player-bio/mike-smith,1,ONT,1982-03-21,215,76,2,False,False,False,False,False,True,True,False,0,5800000,5800000,0,0,0,0,0,0,0,0,,0,100,0,3,3,3,3,3,3,3,3,3,3,73,81,80,86,74,71,65,72,74,73,66,73,74,66,50,73,50,166210,20,20,6,3,132,1402,0,0,1,23,11,46,36,1,7,3,1,0,0,6665,0,0,0,0,0,0,0,0,0,0,0,0,0,0,0,0,0,0,0,0,0,0,False
423,Nick Ellis,http://www.tsn.ca/nhl/player-bio/nick-ellis-173422,0,USA,1994-01-17,180,73,1,False,False,False,False,False,True,True,False,0,625000,0,0,0,0,0,0,0,0,0,,0,100,0,0,0,0,0,0,0,0,0,0,0,51,56,70,68,49,53,50,56,51,51,30,44,44,52,50,53,0,0,0,0,0,0,0,0,0,0,0,0,0,0,0,0,0,0,0,0,0,0,0,0,0,0,0,0,0,0,0,0,0,0,0,0,0,0,0,0,0,0,0,0,False
391,Daniel Altshuller,http://www.eliteprospects.com/player.php?player=78200,0,ONT,1994-07-24,205,75,0,False,False,False,False,False,True,True,False,0,0,0,0,0,0,0,0,0,0,0,,0,100,0,0,0,0,0,0,0,0,0,0,0,55,53,66,81,57,56,51,59,55,54,30,44,44,55,50,57,0,0,0,0,0,0,0,0,0,0,0,0,0,0,0,0,0,0,0,0,0,0,0,0,0,0,0,0,0,0,0,0,0,0,0,0,0,0,0,0,0,0,0,0,False
392,Tom McCollum,http://www.tsn.ca/nhl/player-bio/tom-mccollum,24,USA,1989-12-06,226,74,2,False,False,False,False,True,True,True,False,0,700000,700000,0,0,0,0,0,0,0,0,,12,100,0,1,1,1,1,1,1,1,1,1,1,53,64,80,85,49,55,52,58,52,52,30,44,44,54,50,57,2,4691,0,1,0,0,4,32,0,0,0,0,0,2,6,0,0,0,0,0,0,0,63,218363,36,26,1,2,188,1787,0,2,2,3,1,63,0,2,3,0,2,320,620,7040,False
37,Cory Schneider,http://www.tsn.ca/nhl/player-bio/cory-schneider,29,USA,1986-03-18,200,75,3,False,False,False,False,True,True,True,False,0,4000000,4000000,4000000,0,0,0,0,0,0,0,,0,100,0,1,1,1,1,1,1,1,1,1,1,64,67,67,80,65,63,57,65,71,64,72,68,69,65,50,66,9,32666,5,4,0,1,24,245,0,0,0,3,1,9,49,0,0,0,0,0,0,795,16,55245,13,3,0,2,30,234,0,0,0,5,1,16,0,0,0,0,0,200,220,875,False
467,Adam Huska,https://www.eliteprospects.com/player/201638/adam-huska,0,SLO,1997-05-12,220,76,2,True,False,False,False,False,True,True,False,0,925000,925000,0,0,0,0,0,0,0,0,,0,100,0,0,0,0,0,0,0,0,0,0,0,45,50,63,88,42,44,50,52,45,46,30,44,44,47,50,51,0,0,0,0,0,0,0,0,0,0,0,0,0,0,0,0,0,0,0,0,0,0,0,0,0,0,0,0,0,0,0,0,0,0,0,0,0,0,0,0,0,0,0,0,False
424,Brandon Halverson,http://www.tsn.ca/nhl/player-bio/brandon-halverson,19,USA,1996-03-28,209,76,3,True,False,False,False,False,True,True,False,0,650000,650000,650000,0,0,0,0,0,0,0,,0,100,0,1,1,1,1,1,1,1,1,1,1,50,54,68,85,49,50,50,55,49,49,30,44,44,51,50,54,0,0,0,0,0,0,0,0,0,0,0,0,0,0,12,0,0,0,0,0,0,0,0,0,0,0,0,0,0,0,0,0,0,0,0,0,0,0,0,0,0,0,0,0,False
394,Eetu Laurikainen,http://www.tsn.ca/nhl/player-bio/eetu-laurikainen,0,FIN,1993-07-01,185,72,0,True,False,False,False,False,True,True,False,0,0,0,0,0,0,0,0,0,0,0,,0,100,0,0,0,0,0,0,0,0,0,0,0,57,75,54,67,57,64,39,55,52,49,54,44,44,1,50,54,0,0,0,0,0,0,0,0,0,0,0,0,0,0,0,0,0,0,0,0,0,0,0,0,0,0,0,0,0,0,0,0,0,0,0,0,0,0,0,0,0,0,0,0,False
468,Alex Sakellaropoulos,https://www.eliteprospects.com/player/135056/alex-sakellaropoulos,0,USA,1994-05-02,215,75,1,True,False,False,False,False,True,True,False,0,625000,0,0,0,0,0,0,0,0,0,,0,100,0,0,0,0,0,0,0,0,0,0,0,48,41,51,84,50,48,51,54,50,50,30,44,44,49,50,52,0,0,0,0,0,0,0,0,0,0,0,0,0,0,0,0,0,0,0,0,0,0,0,0,0,0,0,0,0,0,0,0,0,0,0,0,0,0,0,0,0,0,0,0,False
395,Spencer Martin,http://www.tsn.ca/nhl/player-bio/spencer-martin,30,ONT,1995-06-07,210,75,1,False,False,False,False,False,True,True,False,0,894000,0,0,0,0,0,0,0,0,0,,0,100,0,1,1,1,1,1,1,1,1,1,1,53,58,73,83,52,60,50,57,57,56,30,44,44,55,50,57,0,0,0,0,0,0,0,0,0,0,0,0,0,0,0,0,0,0,0,0,0,0,61,212010,44,15,1,5,140,1433,0,10,3,21,5,61,0,1,1,2,1,300,300,7105,False
469,Angus Redmond,https://www.eliteprospects.com/player/153251/angus-redmond,0,BC,1995-10-03,200,73,2,True,False,False,False,False,True,True,False,0,842500,842500,0,0,0,0,0,0,0,0,,0,100,0,0,0,0,0,0,0,0,0,0,0,55,46,58,75,59,56,52,59,56,55,30,44,44,55,50,56,0,0,0,0,0,0,0,0,0,0,0,0,0,0,0,0,0,0,0,0,0,0,0,0,0,0,0,0,0,0,0,0,0,0,0,0,0,0,0,0,0,0,0,0,False
45,Craig Anderson,http://www.tsn.ca/nhl/player-bio/craig-anderson,10,USA,1981-05-21,185,74,2,False,False,False,False,True,True,True,False,0,2300000,2300000,0,0,0,0,0,0,0,0,,2,96,0,3,2,2,2,2,2,2,2,2,2,67,84,83,73,65,69,47,68,71,67,78,75,77,67,50,68,29,104567,8,19,2,0,100,927,0,6,0,13,6,29,53,3,1,0,1,560,820,2700,0,0,0,0,0,0,0,0,0,0,0,0,0,0,0,0,0,0,0,0,0,0,False
397,Philippe Desrosiers,https://www.tsn.ca/nhl/player-bio/philippe-desrosiers,0,QUE,1995-08-15,195,73,0,True,False,False,False,False,True,True,False,0,0,0,0,0,0,0,0,0,0,0,,0,100,0,0,0,0,0,0,0,0,0,0,0,59,60,75,74,60,62,57,64,61,60,30,44,44,60,50,60,0,0,0,0,0,0,0,0,0,0,0,0,0,0,0,0,0,0,0,0,0,0,0,0,0,0,0,0,0,0,0,0,0,0,0,0,0,0,0,0,0,0,0,0,False
398,Ken Appleby,https://www.tsn.ca/nhl/player-bio/ken-appleby,4,ONT,1995-04-09,207,76,2,False,False,False,True,False,True,True,False,0,650000,650000,0,0,0,0,0,0,0,0,,0,100,0,1,1,1,1,1,1,1,1,1,1,48,52,65,84,46,52,50,54,52,52,30,44,44,51,50,54,0,0,0,0,0,0,0,0,0,0,0,0,0,0,4,0,0,0,0,0,0,0,78,279502,61,9,7,10,144,1381,0,2,5,29,8,78,0,0,2,1,1,0,0,7890,False
399,Jon Gillies,http://www.tsn.ca/nhl/player-bio/jon-gillies,31,USA,1994-01-21,223,78,1,False,False,False,False,False,True,True,False,0,925000,0,0,0,0,0,0,0,0,0,,0,100,0,1,1,1,1,1,1,1,1,1,1,54,77,96,91,47,55,50,58,48,48,30,45,45,54,50,58,0,0,0,0,0,0,0,0,0,0,0,0,0,0,0,0,0,0,0,0,0,0,44,151968,24,15,5,2,118,1115,0,2,3,7,5,44,0,1,1,1,3,0,0,4835,False
400,Jussi Olkinuora,http://www.tsn.ca/nhl/player-bio/juho-olkinuora,0,FIN,1990-07-01,201,74,0,False,False,False,False,False,True,True,False,0,0,0,0,0,0,0,0,0,0,0,,0,100,0,0,0,0,0,0,0,0,0,0,0,47,75,48,74,42,50,35,47,39,38,43,44,44,1,50,48,0,0,0,0,0,0,0,0,0,0,0,0,0,0,0,0,0,0,0,0,0,0,0,0,0,0,0,0,0,0,0,0,0,0,0,0,0,0,0,0,0,0,0,0,False
51,Carey Price,http://www.tsn.ca/nhl/player-bio/carey-price,17,BC,1987-08-15,215,75,1,False,False,False,False,False,True,True,False,0,8000000,0,0,0,0,0,0,0,0,0,,0,100,0,3,3,3,3,3,3,3,3,3,3,84,87,85,84,80,89,70,85,86,85,88,75,78,83,50,80,63,222441,38,20,3,8,154,2007,0,8,1,25,2,62,20,1,14,0,5,0,0,14620,0,0,0,0,0,0,0,0,0,0,0,0,0,0,0,0,0,0,0,0,0,0,False
401,Nick Schneider,https://www.tsn.ca/nhl/player-bio/nick-schneider,0,AB,1997-07-20,170,74,0,True,False,False,False,False,True,True,False,0,0,0,0,0,0,0,0,0,0,0,,0,100,0,0,0,0,0,0,0,0,0,0,0,65,66,83,65,66,66,59,68,63,62,30,44,44,64,50,62,0,0,0,0,0,0,0,0,0,0,0,0,0,0,0,0,0,0,0,0,0,0,0,0,0,0,0,0,0,0,0,0,0,0,0,0,0,0,0,0,0,0,0,0,False
53,Jaroslav Halak,http://www.tsn.ca/nhl/player-bio/jaroslav-halak,22,SVK,1985-05-13,183,71,2,False,False,False,False,False,True,True,False,0,4500000,4500000,0,0,0,0,0,0,0,0,,2,98,0,3,3,3,3,3,3,3,3,3,3,87,77,76,64,96,78,75,86,88,87,83,71,73,84,50,79,65,225850,28,28,6,2,161,2066,0,10,1,15,6,61,21,0,4,8,5,1120,1120,12085,0,0,0,0,0,0,0,0,0,0,0,0,0,0,0,0,0,0,0,0,0,0,False
402,Jason Kasdorf,http://www.tsn.ca/nhl/player-bio/jason-kasdorf,0,MB,1992-07-01,178,75,0,False,False,False,False,False,True,True,False,0,0,0,0,0,0,0,0,0,0,0,,0,100,0,0,0,0,0,0,0,0,0,0,0,62,62,45,67,62,62,62,62,62,62,62,44,44,1,50,59,0,0,0,0,0,0,0,0,0,0,0,0,0,0,0,0,0,0,0,0,0,0,0,0,0,0,0,0,0,0,0,0,0,0,0,0,0,0,0,0,0,0,0,0,False
425,Eamon McAdam,http://www.tsn.ca/nhl/player-bio/eamon-mcadam,0,USA,1994-09-23,199,75,1,False,False,False,False,False,True,True,False,0,625000,0,0,0,0,0,0,0,0,0,,0,100,0,0,0,0,0,0,0,0,0,0,0,51,58,73,80,49,53,52,57,52,52,30,44,44,53,50,55,0,0,0,0,0,0,0,0,0,0,0,0,0,0,0,0,0,0,0,0,0,0,0,0,0,0,0,0,0,0,0,0,0,0,0,0,0,0,0,0,0,0,0,0,False
403,Charlie Lindgren,http://www.tsn.ca/nhl/player-bio/charlie-lindgren,20,USA,1993-12-17,190,74,2,False,False,False,False,False,True,True,False,0,1000000,1000000,0,0,0,0,0,0,0,0,,0,100,0,3,1,1,1,1,1,1,1,1,1,52,72,90,75,46,53,51,58,48,49,30,45,45,53,50,55,0,0,0,0,0,0,0,0,0,0,0,0,0,0,1,0,0,0,0,0,0,0,0,0,0,0,0,0,0,0,0,0,0,0,0,0,0,0,0,0,0,0,0,0,False
404,Josh Robinson,http://www.eliteprospects.com/player.php?player=15530,0,USA,1989-07-01,185,72,0,False,False,False,False,False,True,True,False,0,0,0,0,0,0,0,0,0,0,0,,0,100,0,0,0,0,0,0,0,0,0,0,0,50,50,46,67,50,50,50,50,50,50,50,44,44,1,50,50,0,0,0,0,0,0,0,0,0,0,0,0,0,0,0,0,0,0,0,0,0,0,0,0,0,0,0,0,0,0,0,0,0,0,0,0,0,0,0,0,0,0,0,0,False
58,Sergei Bobrovsky,http://www.tsn.ca/nhl/player-bio/sergei-bobrovsky,11,RUS,1988-09-19,182,74,6,False,False,False,False,True,True,True,False,0,9150000,9150000,9150000,9150000,9150000,9150000,0,0,0,0,,0,98,0,3,3,3,3,3,3,3,3,3,3,86,93,89,71,85,86,70,85,85,85,80,71,72,80,50,79,64,234185,31,23,10,4,166,2058,0,6,1,34,14,64,18,0,9,2,4,460,480,11260,0,0,0,0,0,0,0,0,0,0,0,0,0,0,0,0,0,0,0,0,0,0,False
405,Casey DeSmith,https://www.tsn.ca/nhl/player-bio/casey-desmith,5,USA,1991-08-12,181,72,2,False,False,False,False,False,True,True,False,0,1150000,1150000,0,0,0,0,0,0,0,0,,0,100,0,3,3,3,3,3,3,3,3,3,3,82,68,65,66,88,76,64,79,85,82,59,48,48,77,50,71,28,101050,19,7,2,1,64,834,0,6,0,14,2,27,55,1,1,1,1,0,0,4815,0,0,0,0,0,0,0,0,0,0,0,0,0,0,0,0,0,0,0,0,0,0,False
406,Connor Knapp,http://www.tsn.ca/nhl/player-bio/connor-knapp,0,USA,1990-07-01,206,78,0,False,False,False,False,False,True,True,False,0,0,0,0,0,0,0,0,0,0,0,,0,100,0,0,0,0,0,0,0,0,0,0,0,50,50,46,79,50,50,50,50,50,50,50,44,44,1,50,51,0,0,0,0,0,0,0,0,0,0,0,0,0,0,0,0,0,0,0,0,0,0,0,0,0,0,0,0,0,0,0,0,0,0,0,0,0,0,0,0,0,0,0,0,False
407,Jake Paterson,https://www.tsn.ca/nhl/player-bio/jake-paterson,0,ONT,1994-05-02,176,73,0,False,False,False,False,False,True,True,False,0,0,0,0,0,0,0,0,0,0,0,,0,100,0,0,0,0,0,0,0,0,0,0,0,44,51,64,66,40,43,50,52,44,45,30,44,44,46,50,49,0,0,0,0,0,0,0,0,0,0,0,0,0,0,0,0,0,0,0,0,0,0,0,0,0,0,0,0,0,0,0,0,0,0,0,0,0,0,0,0,0,0,0,0,False
408,Joel Rumpel,http://www.tsn.ca/nhl/player-bio/joel-rumpel,0,SKW,1991-07-01,190,75,0,False,False,False,False,False,True,True,False,0,0,0,0,0,0,0,0,0,0,0,,0,100,0,0,0,0,0,0,0,0,0,0,0,50,50,46,72,50,50,50,50,50,50,50,44,44,1,50,51,0,0,0,0,0,0,0,0,0,0,0,0,0,0,0,0,0,0,0,0,0,0,0,0,0,0,0,0,0,0,0,0,0,0,0,0,0,0,0,0,0,0,0,0,False
409,Kasimir Kaskisuo,https://www.tsn.ca/nhl/player-bio/kasimir-kaskisuo,0,FIN,1993-10-01,201,74,0,False,False,False,False,False,True,True,False,0,0,0,0,0,0,0,0,0,0,0,,0,100,0,0,0,0,0,0,0,0,0,0,0,51,59,74,78,48,57,50,56,55,54,30,44,44,54,50,56,0,0,0,0,0,0,0,0,0,0,0,0,0,0,0,0,0,0,0,0,0,0,0,0,0,0,0,0,0,0,0,0,0,0,0,0,0,0,0,0,0,0,0,0,False
410,Adin Hill,https://www.tsn.ca/nhl/player-bio/adin-hill,31,AB,1996-05-11,202,78,1,False,False,False,False,False,True,True,False,0,925000,0,0,0,0,0,0,0,0,0,,0,100,0,3,3,3,3,3,3,3,3,3,3,57,73,69,86,60,54,64,55,67,57,45,45,45,60,50,61,11,40369,5,4,2,0,35,371,0,2,0,6,2,11,11,0,1,1,0,60,100,1280,59,206923,38,18,3,8,128,1291,0,2,5,29,6,59,0,0,1,1,0,0,0,6250,False
411,Clay Witt,http://www.eliteprospects.com/player.php?player=31611,0,USA,1991-07-01,201,74,0,False,False,False,False,False,True,True,False,0,0,0,0,0,0,0,0,0,0,0,,0,100,0,0,0,0,0,0,0,0,0,0,0,50,50,45,74,50,50,50,50,50,50,50,44,44,1,50,51,0,0,0,0,0,0,0,0,0,0,0,0,0,0,0,0,0,0,0,0,0,0,0,0,0,0,0,0,0,0,0,0,0,0,0,0,0,0,0,0,0,0,0,0,False
412,Frank Palazzese,http://www.eliteprospects.com/player.php?player=49394,0,ONT,1993-07-01,174,73,0,True,False,False,False,False,True,True,False,0,0,0,0,0,0,0,0,0,0,0,,0,100,0,0,0,0,0,0,0,0,0,0,0,50,50,45,64,50,50,50,50,50,50,50,44,44,1,50,50,0,0,0,0,0,0,0,0,0,0,0,0,0,0,0,0,0,0,0,0,0,0,0,0,0,0,0,0,0,0,0,0,0,0,0,0,0,0,0,0,0,0,0,0,False
470,Atte Tolvanen,https://www.eliteprospects.com/player/50604/atte-tolvanen,0,FIN,1994-11-23,187,72,1,True,False,False,False,False,True,True,False,0,625000,0,0,0,0,0,0,0,0,0,,0,100,0,0,0,0,0,0,0,0,0,0,0,64,50,63,69,69,73,65,71,76,74,30,44,44,67,50,65,0,0,0,0,0,0,0,0,0,0,0,0,0,0,0,0,0,0,0,0,0,0,0,0,0,0,0,0,0,0,0,0,0,0,0,0,0,0,0,0,0,0,0,0,False
69,Brian Elliott,http://www.tsn.ca/nhl/player-bio/brian-elliott,27,ONT,1985-04-09,209,74,1,False,False,False,False,True,True,True,False,0,2000000,0,0,0,0,0,0,0,0,0,,0,97,0,3,3,3,3,3,3,3,3,3,3,73,65,66,80,78,68,60,73,77,73,77,70,72,71,50,70,24,73172,10,8,0,0,55,674,0,2,0,7,0,19,63,1,4,2,0,220,220,3700,0,0,0,0,0,0,0,0,0,0,0,0,0,0,0,0,0,0,0,0,0,0,False
414,Mark Dekanich,http://www.tsn.ca/nhl/player-bio/mark-dekanich,0,BC,1986-07-01,185,74,0,False,False,False,False,False,True,True,False,0,0,0,0,0,0,0,0,0,0,0,,0,100,0,0,0,0,0,0,0,0,0,0,0,50,50,45,69,50,50,50,50,50,50,50,44,44,1,50,50,0,0,0,0,0,0,0,0,0,0,0,0,0,0,0,0,0,0,0,0,0,0,0,0,0,0,0,0,0,0,0,0,0,0,0,0,0,0,0,0,0,0,0,0,False
415,Matthew Ginn,http://www.eliteprospects.com/player.php?player=76232,0,ONT,1991-07-01,176,71,0,False,False,False,False,False,True,True,False,0,0,0,0,0,0,0,0,0,0,0,,0,100,0,2,2,2,2,2,2,2,2,2,2,50,50,45,63,50,50,50,50,50,50,50,44,44,1,50,50,0,0,0,0,0,0,0,0,0,0,0,0,0,0,0,0,0,0,0,0,0,0,0,0,0,0,0,0,0,0,0,0,0,0,0,0,0,0,0,0,0,0,0,0,False
416,Ryan Massa,,0,USA,1990-07-01,172,72,0,False,False,False,False,False,True,True,False,0,0,0,0,0,0,0,0,0,0,0,,0,100,0,0,0,0,0,0,0,0,0,0,0,50,50,45,63,50,50,50,50,50,50,50,44,44,1,50,50,0,0,0,0,0,0,0,0,0,0,0,0,0,0,0,0,0,0,0,0,0,0,0,0,0,0,0,0,0,0,0,0,0,0,0,0,0,0,0,0,0,0,0,0,False
426,Mantas Armalis,http://www.tsn.ca/nhl/player-bio/mantas-armalis,0,LIT,1992-09-05,194,76,1,False,False,False,False,False,True,True,False,0,625000,0,0,0,0,0,0,0,0,0,,0,100,0,0,0,0,0,0,0,0,0,0,0,49,59,74,81,46,52,50,55,51,51,30,44,44,52,50,54,0,0,0,0,0,0,0,0,0,0,0,0,0,0,0,0,0,0,0,0,0,0,0,0,0,0,0,0,0,0,0,0,0,0,0,0,0,0,0,0,0,0,0,0,False
427,Jeff Glass,http://www.tsn.ca/nhl/player-bio/jeff-glass,0,AB,1985-11-18,206,75,0,False,False,False,False,False,True,True,False,0,0,0,0,0,0,0,0,0,0,0,,0,100,0,0,0,0,0,0,0,0,0,0,0,50,65,81,82,45,52,50,56,49,49,30,45,45,52,50,55,0,0,0,0,0,0,0,0,0,0,0,0,0,0,0,0,0,0,0,0,0,0,0,0,0,0,0,0,0,0,0,0,0,0,0,0,0,0,0,0,0,0,0,0,False
428,Ville Husso,http://www.tsn.ca/nhl/player-bio/ville-husso,0,FIN,1995-02-05,205,75,1,False,False,False,False,False,True,True,False,0,625000,0,0,0,0,0,0,0,0,0,,0,100,0,0,0,0,0,0,0,0,0,0,0,48,62,78,81,43,50,50,54,48,48,30,44,44,50,50,53,0,0,0,0,0,0,0,0,0,0,0,0,0,0,0,0,0,0,0,0,0,0,0,0,0,0,0,0,0,0,0,0,0,0,0,0,0,0,0,0,0,0,0,0,False
429,Kevin Boyle,http://www.tsn.ca/nhl/player-bio/kevin-boyle,6,USA,1992-05-29,200,74,4,False,False,False,False,True,True,True,False,0,975000,975000,975000,975000,0,0,0,0,0,0,,0,100,0,1,1,1,1,1,1,1,1,1,1,59,70,88,78,58,61,52,62,56,55,30,44,44,59,50,60,0,0,0,0,0,0,0,0,0,0,0,0,0,0,0,0,0,0,0,0,0,0,76,271911,62,10,3,9,154,1369,0,4,5,14,6,76,0,1,0,2,3,0,20,6740,False
430,Landon Bow,http://www.tsn.ca/nhl/player-bio/landon-bow,29,USA,1995-08-23,214,76,1,True,False,False,False,False,True,True,False,0,625000,0,0,0,0,0,0,0,0,0,,0,100,0,1,1,1,1,1,1,1,1,1,1,54,77,96,86,48,56,51,59,50,50,30,44,44,55,50,58,0,0,0,0,0,0,0,0,0,0,0,0,0,0,0,0,0,0,0,0,0,0,42,142761,31,7,1,10,71,612,0,2,0,4,0,40,44,1,1,2,1,0,0,4630,False
431,Jonas Gunnarsson,http://www.tsn.ca/nhl/player-bio/jonas-gunnarsson,0,SWE,1992-03-30,196,73,1,False,False,False,False,False,True,True,False,0,625000,0,0,0,0,0,0,0,0,0,,0,100,0,0,0,0,0,0,0,0,0,0,0,49,59,74,74,46,52,50,55,51,51,30,44,44,52,50,54,0,0,0,0,0,0,0,0,0,0,0,0,0,0,0,0,0,0,0,0,0,0,0,0,0,0,0,0,0,0,0,0,0,0,0,0,0,0,0,0,0,0,0,0,False
433,Jamie Phillips,https://www.tsn.ca/nhl/player-bio/jamie-phillips,0,ONT,1993-03-24,170,73,1,False,False,False,False,False,True,True,False,0,625000,0,0,0,0,0,0,0,0,0,,0,100,0,0,0,0,0,0,0,0,0,0,0,57,48,60,63,61,58,53,60,58,57,30,44,44,56,50,56,0,0,0,0,0,0,0,0,0,0,0,0,0,0,0,0,0,0,0,0,0,0,0,0,0,0,0,0,0,0,0,0,0,0,0,0,0,0,0,0,0,0,0,0,False
441,Alexandar Georgiev,https://www.tsn.ca/nhl/player-bio/alexandar-georgiev,29,BUL,1996-02-10,176,73,2,False,False,False,False,False,True,True,False,0,925000,925000,0,0,0,0,0,0,0,0,,0,99,0,3,3,3,3,3,3,3,3,3,3,74,75,71,66,74,73,60,74,84,74,75,47,47,73,50,68,13,47472,8,4,1,0,37,422,0,0,0,8,2,13,26,0,1,0,0,0,0,1880,22,79574,17,3,2,5,33,319,0,2,2,2,1,22,0,0,0,0,2,0,0,1825,False
434,Dan Vladar,https://www.tsn.ca/nhl/player-bio/dan-vladar,0,CZE,1997-08-20,185,77,1,True,False,False,False,False,True,True,False,0,650000,0,0,0,0,0,0,0,0,0,,0,100,0,0,0,0,0,0,0,0,0,0,0,54,67,84,80,50,57,54,60,55,55,30,44,44,56,50,58,0,0,0,0,0,0,0,0,0,0,0,0,0,0,0,0,0,0,0,0,0,0,0,0,0,0,0,0,0,0,0,0,0,0,0,0,0,0,0,0,0,0,0,0,False
349,Adam Wilcox,https://www.tsn.ca/nhl/player-bio/adam-wilcox,9,USA,1994-04-25,187,72,2,False,False,False,False,False,True,True,False,0,650000,650000,0,0,0,0,0,0,0,0,,0,100,0,1,1,1,1,1,1,1,1,1,1,52,58,73,69,49,51,53,58,51,51,30,44,44,53,50,54,0,0,0,0,0,0,0,0,0,0,0,0,0,0,0,0,0,0,0,0,0,0,6,9579,0,3,0,0,11,87,0,0,0,0,0,0,48,0,0,0,0,0,0,0,False
471,Branden Komm,https://www.eliteprospects.com/player/94799/branden-komm,0,USA,1991-03-19,181,73,1,True,False,False,False,False,True,True,False,0,625000,0,0,0,0,0,0,0,0,0,,0,100,0,0,0,0,0,0,0,0,0,0,0,51,50,63,68,51,51,50,55,51,51,30,44,44,51,50,52,0,0,0,0,0,0,0,0,0,0,0,0,0,0,0,0,0,0,0,0,0,0,0,0,0,0,0,0,0,0,0,0,0,0,0,0,0,0,0,0,0,0,0,0,False
86,Jimmy Howard,http://www.tsn.ca/nhl/player-bio/jimmy-howard,7,USA,1984-03-25,218,73,2,False,False,False,False,True,True,True,False,0,4200000,4200000,0,0,0,0,0,0,0,0,,0,100,0,3,3,3,3,3,3,3,3,3,3,80,87,85,80,83,77,57,80,79,80,84,72,75,78,50,76,63,222949,34,23,5,4,156,1800,0,4,4,35,15,62,20,1,8,6,1,300,540,10765,0,0,0,0,0,0,0,0,0,0,0,0,0,0,0,0,0,0,0,0,0,0,False
435,Michael Garteig,https://www.tsn.ca/nhl/player-bio/michael-garteig,0,BC,1991-11-04,190,73,0,True,False,False,False,False,True,True,False,0,0,0,0,0,0,0,0,0,0,0,,0,100,0,0,0,0,0,0,0,0,0,0,0,59,48,60,73,63,59,57,63,61,60,30,44,44,59,50,58,0,0,0,0,0,0,0,0,0,0,0,0,0,0,0,0,0,0,0,0,0,0,0,0,0,0,0,0,0,0,0,0,0,0,0,0,0,0,0,0,0,0,0,0,False
472,Callum Booth,https://www.eliteprospects.com/player/231344/callum-booth,0,QUE,1997-05-21,187,75,2,True,False,False,False,False,True,True,False,0,741667,741667,0,0,0,0,0,0,0,0,,0,100,0,0,0,0,0,0,0,0,0,0,0,48,53,66,76,46,48,50,54,48,48,30,44,44,49,50,52,0,0,0,0,0,0,0,0,0,0,0,0,0,0,0,0,0,0,0,0,0,0,0,0,0,0,0,0,0,0,0,0,0,0,0,0,0,0,0,0,0,0,0,0,False
89,Pekka Rinne,http://www.tsn.ca/nhl/player-bio/pekka-rinne,5,FIN,1982-11-02,217,77,1,False,False,False,False,False,True,True,False,0,7000000,0,0,0,0,0,0,0,0,0,,0,99,0,3,3,3,3,3,3,3,3,3,3,90,88,86,87,93,87,74,88,89,90,75,75,78,84,50,84,55,197436,32,16,6,5,133,1639,0,8,0,20,7,55,27,0,8,4,2,440,440,11065,0,0,0,0,0,0,0,0,0,0,0,0,0,0,0,0,0,0,0,0,0,0,False
436,Jonas Johansson,https://www.tsn.ca/nhl/player-bio/jonas-johansson,0,SWE,1995-09-18,206,76,1,False,False,False,False,False,True,True,False,0,625000,0,0,0,0,0,0,0,0,0,,0,100,0,0,0,0,0,0,0,0,0,0,0,64,52,65,84,68,64,64,70,66,66,30,44,44,64,50,64,0,0,0,0,0,0,0,0,0,0,0,0,0,0,0,0,0,0,0,0,0,0,0,0,0,0,0,0,0,0,0,0,0,0,0,0,0,0,0,0,0,0,0,0,False
91,Braden Holtby,http://www.tsn.ca/nhl/player-bio/braden-holtby,3,SKW,1989-09-16,211,74,2,False,False,False,False,False,True,True,False,0,7100000,7100000,0,0,0,0,0,0,0,0,,0,100,0,3,3,3,3,3,3,3,3,3,3,81,86,83,80,82,81,62,81,81,81,80,69,72,79,50,76,65,222755,38,17,7,1,157,1889,0,0,1,39,12,61,17,2,5,4,4,0,0,9395,0,0,0,0,0,0,0,0,0,0,0,0,0,0,0,0,0,0,0,0,0,0,False
92,Marc-Andre Fleury,http://www.tsn.ca/nhl/player-bio/marc-andre-fleury,20,QUE,1984-11-28,180,74,3,False,False,False,False,True,True,True,False,0,8300000,8300000,8300000,0,0,0,0,0,0,0,,0,100,9,2,2,2,2,2,2,2,2,2,2,84,77,78,70,84,85,74,84,87,84,83,80,85,80,50,79,66,233763,36,25,5,5,165,1870,0,2,3,37,6,66,15,3,13,3,2,0,100,10905,0,0,0,0,0,0,0,0,0,0,0,0,0,0,0,0,0,0,0,0,0,0,False
93,Henrik Lundqvist,http://www.tsn.ca/nhl/player-bio/henrik-lundqvist,29,SWE,1982-03-01,180,73,2,False,False,False,False,False,True,True,False,0,6250000,6250000,0,0,0,0,0,0,0,0,,0,100,0,3,3,3,3,3,3,3,3,3,3,79,88,87,70,78,81,58,80,81,79,87,82,88,76,50,76,65,235288,36,25,4,2,178,2070,0,10,2,13,2,65,17,6,4,5,3,460,460,9465,0,0,0,0,0,0,0,0,0,0,0,0,0,0,0,0,0,0,0,0,0,0,False
437,Jack Flinn,http://www.eliteprospects.com/player.php?player=96217,0,NS,1995-12-20,223,80,1,False,False,False,False,False,True,True,False,0,625000,0,0,0,0,0,0,0,0,0,,0,100,0,0,0,0,0,0,0,0,0,0,0,45,44,55,92,43,43,50,52,46,47,30,44,44,47,50,51,0,0,0,0,0,0,0,0,0,0,0,0,0,0,0,0,0,0,0,0,0,0,0,0,0,0,0,0,0,0,0,0,0,0,0,0,0,0,0,0,0,0,0,0,False
443,Daniel Taylor,https://www.tsn.ca/nhl/player-bio/daniel-taylor,0,ENG,1986-04-28,198,72,0,False,False,False,False,False,True,True,False,0,0,0,0,0,0,0,0,0,0,0,,0,100,0,0,0,0,0,0,0,0,0,0,0,43,54,68,72,40,44,40,46,40,40,30,44,44,44,50,47,0,0,0,0,0,0,0,0,0,0,0,0,0,0,0,0,0,0,0,0,0,0,0,0,0,0,0,0,0,0,0,0,0,0,0,0,0,0,0,0,0,0,0,0,False
444,Niklas Svedberg,http://www.eliteprospects.com/player.php?player=5511,0,SWE,1989-09-04,176,74,0,False,False,False,False,False,True,True,False,0,0,0,0,0,0,0,0,0,0,0,,0,100,0,0,0,0,0,0,0,0,0,0,0,59,75,94,68,56,63,52,62,56,55,30,45,45,59,50,59,0,0,0,0,0,0,0,0,0,0,0,0,0,0,0,0,0,0,0,0,0,0,0,0,0,0,0,0,0,0,0,0,0,0,0,0,0,0,0,0,0,0,0,0,False
445,Samuel Montembeault,https://www.tsn.ca/nhl/player-bio/sam-montembeault,0,QUE,1996-10-30,192,75,0,False,False,False,False,False,True,True,False,0,0,0,0,0,0,0,0,0,0,0,,0,100,0,0,0,0,0,0,0,0,0,0,0,64,75,71,78,80,49,58,66,61,63,95,45,45,64,50,63,0,0,0,0,0,0,0,0,0,0,0,0,0,0,0,0,0,0,0,0,0,0,0,0,0,0,0,0,0,0,0,0,0,0,0,0,0,0,0,0,0,0,0,0,False
446,Matiss Kivlenieks,https://www.tsn.ca/nhl/player-bio/matiss-kivlenieks,0,LAT,1996-08-25,178,74,0,False,False,False,False,False,True,True,False,0,0,0,0,0,0,0,0,0,0,0,,0,100,0,0,0,0,0,0,0,0,0,0,0,47,58,73,69,43,50,50,54,49,49,30,44,44,50,50,52,0,0,0,0,0,0,0,0,0,0,0,0,0,0,0,0,0,0,0,0,0,0,0,0,0,0,0,0,0,0,0,0,0,0,0,0,0,0,0,0,0,0,0,0,False
447,Cal Petersen,https://www.tsn.ca/nhl/player-bio/cal-petersen,0,USA,1994-10-19,185,73,0,False,False,False,False,False,True,True,False,0,0,0,0,0,0,0,0,0,0,0,,0,100,0,0,0,0,0,0,0,0,0,0,0,72,74,70,70,80,64,66,69,80,72,45,45,45,71,50,68,0,0,0,0,0,0,0,0,0,0,0,0,0,0,0,0,0,0,0,0,0,0,0,0,0,0,0,0,0,0,0,0,0,0,0,0,0,0,0,0,0,0,0,0,False
448,Hunter Miska,https://www.tsn.ca/nhl/player-bio/hunter-miska,29,USA,1995-07-06,170,73,1,True,False,False,False,False,True,True,False,0,625000,0,0,0,0,0,0,0,0,0,,0,100,0,0,0,0,0,0,0,0,0,0,0,51,61,76,63,48,51,50,56,49,49,30,44,44,52,50,53,0,0,0,0,0,0,0,0,0,0,0,0,0,0,0,0,0,0,0,0,0,0,3,4896,1,0,0,0,0,29,0,0,0,0,0,0,34,0,0,0,0,0,0,350,False
101,Al Montoya,http://www.tsn.ca/nhl/player-bio/al-montoya,7,USA,1985-02-12,201,74,1,False,False,False,False,True,True,True,False,0,675000,0,0,0,0,0,0,0,0,0,,0,100,0,1,1,1,1,1,1,1,1,1,1,46,47,59,78,44,45,50,52,46,47,30,61,61,48,50,52,0,0,0,0,0,0,0,0,0,0,0,0,0,0,0,0,0,0,0,0,0,0,82,286020,71,9,2,15,145,1326,0,10,3,2,1,82,0,0,0,1,2,200,200,7105,False
449,Connor Ingram,https://www.tsn.ca/nhl/player-bio/connor-ingram,0,SKW,1997-03-31,204,73,0,True,False,False,False,False,True,True,False,0,0,0,0,0,0,0,0,0,0,0,,0,100,0,0,0,0,0,0,0,0,0,0,0,64,60,75,76,66,75,64,71,75,73,30,44,44,68,50,66,0,0,0,0,0,0,0,0,0,0,0,0,0,0,0,0,0,0,0,0,0,0,0,0,0,0,0,0,0,0,0,0,0,0,0,0,0,0,0,0,0,0,0,0,False
450,Danny Taylor,https://www.tsn.ca/nhl/player-bio/danny-taylor,0,ENG,1986-04-28,198,72,0,False,False,False,False,False,True,True,False,0,0,0,0,0,0,0,0,0,0,0,,0,100,0,0,0,0,0,0,0,0,0,0,0,51,56,70,72,50,53,50,56,51,51,30,44,44,52,50,54,0,0,0,0,0,0,0,0,0,0,0,0,0,0,0,0,0,0,0,0,0,0,0,0,0,0,0,0,0,0,0,0,0,0,0,0,0,0,0,0,0,0,0,0,False
451,Michael McNiven,https://www.tsn.ca/nhl/player-bio/michael-mcniven,0,ONT,1997-07-08,221,73,0,True,False,False,False,False,True,True,False,0,0,0,0,0,0,0,0,0,0,0,,0,100,0,0,0,0,0,0,0,0,0,0,0,55,58,73,80,53,57,58,62,58,58,30,44,44,57,50,58,0,0,0,0,0,0,0,0,0,0,0,0,0,0,0,0,0,0,0,0,0,0,0,0,0,0,0,0,0,0,0,0,0,0,0,0,0,0,0,0,0,0,0,0,False
452,Marek Mazanec,http://www.tsn.ca/nhl/player-bio/marek-mazanec,0,CZE,1991-07-17,187,76,0,False,False,False,False,False,True,True,False,0,0,0,0,0,0,0,0,0,0,0,,0,100,0,0,0,0,0,0,0,0,0,0,0,52,65,81,79,48,54,50,57,51,51,30,46,46,53,50,56,0,0,0,0,0,0,0,0,0,0,0,0,0,0,0,0,0,0,0,0,0,0,0,0,0,0,0,0,0,0,0,0,0,0,0,0,0,0,0,0,0,0,0,0,False
453,Chris Nell,https://www.tsn.ca/nhl/player-bio/chris-nell,0,USA,1994-09-02,178,73,0,False,False,False,False,False,True,True,False,0,0,0,0,0,0,0,0,0,0,0,,0,100,0,0,0,0,0,0,0,0,0,0,0,66,50,63,67,70,65,72,75,71,71,30,44,44,67,50,64,0,0,0,0,0,0,0,0,0,0,0,0,0,0,0,0,0,0,0,0,0,0,0,0,0,0,0,0,0,0,0,0,0,0,0,0,0,0,0,0,0,0,0,0,False
454,Marcus Hogberg,https://www.tsn.ca/nhl/player-bio/marcus-hogberg,11,SWE,1994-11-24,209,77,3,True,False,False,False,False,True,True,False,0,625000,625000,625000,0,0,0,0,0,0,0,,0,100,0,3,3,3,3,3,3,3,3,3,3,65,67,84,87,64,67,64,71,66,66,30,44,44,66,50,65,18,66523,9,7,2,2,47,604,0,0,0,24,4,18,64,0,3,2,1,0,0,4280,0,0,0,0,0,0,0,0,0,0,0,0,0,0,0,0,0,0,0,0,0,0,False
455,Evan Cowley,https://www.tsn.ca/nhl/player-bio/evan-cowley,0,USA,1995-07-31,201,76,0,True,False,False,False,False,True,True,False,0,0,0,0,0,0,0,0,0,0,0,,0,100,0,0,0,0,0,0,0,0,0,0,0,50,47,59,83,51,53,50,55,54,53,30,44,44,52,50,54,0,0,0,0,0,0,0,0,0,0,0,0,0,0,0,0,0,0,0,0,0,0,0,0,0,0,0,0,0,0,0,0,0,0,0,0,0,0,0,0,0,0,0,0,False
456,Ivan Kulbakov,https://www.eliteprospects.com/player/239200/ivan-kulbakov,0,BLR,1996-09-18,183,72,0,False,False,False,False,False,True,True,False,0,0,0,0,0,0,0,0,0,0,0,,0,100,0,0,0,0,0,0,0,0,0,0,0,50,57,71,67,48,50,50,55,49,49,30,44,44,51,50,52,0,0,0,0,0,0,0,0,0,0,0,0,0,0,0,0,0,0,0,0,0,0,0,0,0,0,0,0,0,0,0,0,0,0,0,0,0,0,0,0,0,0,0,0,False
457,Matt Tomkins,https://www.tsn.ca/nhl/player-bio/matt-tomkins,27,AB,1994-06-19,194,75,2,True,False,False,False,False,True,True,False,0,925000,925000,0,0,0,0,0,0,0,0,,0,100,0,1,1,1,1,1,1,1,1,1,1,46,50,63,79,43,45,50,53,46,47,30,44,44,48,50,51,0,0,0,0,0,0,0,0,0,0,0,0,0,0,0,0,0,0,0,0,0,0,15,38553,5,2,0,1,19,267,0,0,1,3,0,6,76,0,0,0,0,0,0,340,False
458,Tyler Parsons,https://www.tsn.ca/nhl/player-bio/tyler-parsons,0,USA,1997-09-18,185,73,0,True,False,False,False,False,True,True,False,0,0,0,0,0,0,0,0,0,0,0,,0,100,0,0,0,0,0,0,0,0,0,0,0,49,47,59,70,49,49,50,54,49,49,30,44,44,50,50,51,0,0,0,0,0,0,0,0,0,0,0,0,0,0,0,0,0,0,0,0,0,0,0,0,0,0,0,0,0,0,0,0,0,0,0,0,0,0,0,0,0,0,0,0,False
459,Adam Carlson,https://www.tsn.ca/nhl/player-bio/adam-carlson,0,USA,1994-02-13,175,75,0,True,False,False,False,False,True,True,False,0,0,0,0,0,0,0,0,0,0,0,,0,100,0,0,0,0,0,0,0,0,0,0,0,52,49,61,70,53,52,52,57,53,53,30,44,44,53,50,54,0,0,0,0,0,0,0,0,0,0,0,0,0,0,0,0,0,0,0,0,0,0,0,0,0,0,0,0,0,0,0,0,0,0,0,0,0,0,0,0,0,0,0,0,False
460,Parker Gahagen,http://www.eliteprospects.com/player.php?player=149171,0,USA,1993-05-17,194,74,0,False,False,False,False,False,True,True,False,0,0,0,0,0,0,0,0,0,0,0,,0,100,0,0,0,0,0,0,0,0,0,0,0,44,52,65,76,40,43,50,52,44,45,30,44,44,46,50,50,0,0,0,0,0,0,0,0,0,0,0,0,0,0,0,0,0,0,0,0,0,0,0,0,0,0,0,0,0,0,0,0,0,0,0,0,0,0,0,0,0,0,0,0,False
461,Filip Gustavsson,https://www.tsn.ca/nhl/player-bio/filip-gustavsson,0,SWE,1998-06-07,184,74,0,True,False,False,False,False,True,True,False,0,0,0,0,0,0,0,0,0,0,0,,0,100,0,0,0,0,0,0,0,0,0,0,0,50,63,79,72,46,50,50,56,48,48,30,44,44,51,50,53,0,0,0,0,0,0,0,0,0,0,0,0,0,0,0,0,0,0,0,0,0,0,0,0,0,0,0,0,0,0,0,0,0,0,0,0,0,0,0,0,0,0,0,0,False
462,Mason McDonald,https://www.tsn.ca/nhl/player-bio/mason-mcdonald,0,NS,1996-04-23,200,76,0,True,False,False,False,False,True,True,False,0,0,0,0,0,0,0,0,0,0,0,,0,100,0,0,0,0,0,0,0,0,0,0,0,45,47,59,83,43,44,50,52,46,47,30,44,44,47,50,51,0,0,0,0,0,0,0,0,0,0,0,0,0,0,0,0,0,0,0,0,0,0,0,0,0,0,0,0,0,0,0,0,0,0,0,0,0,0,0,0,0,0,0,0,False
116,David Leggio,,0,USA,1984-07-01,185,72,0,False,False,False,False,False,True,True,False,0,0,0,0,0,0,0,0,0,0,0,,0,100,0,0,0,0,0,0,0,0,0,0,0,45,53,63,65,60,56,52,54,54,56,55,74,67,15,50,57,0,0,0,0,0,0,0,0,0,0,0,0,0,0,0,0,0,0,0,0,0,0,0,0,0,0,0,0,0,0,0,0,0,0,0,0,0,0,0,0,0,0,0,0,False
463,Matej Machovsky,https://www.tsn.ca/nhl/player-bio/matej-machovsky,0,CZE,1993-07-25,191,74,0,True,False,False,False,False,True,True,False,0,0,0,0,0,0,0,0,0,0,0,,0,100,0,0,0,0,0,0,0,0,0,0,0,57,47,59,74,60,57,60,64,60,60,30,44,44,58,50,58,0,0,0,0,0,0,0,0,0,0,0,0,0,0,0,0,0,0,0,0,0,0,0,0,0,0,0,0,0,0,0,0,0,0,0,0,0,0,0,0,0,0,0,0,False
464,Sean Maguire,https://www.tsn.ca/nhl/player-bio/sean-maguire,0,BC,1993-02-02,202,74,0,False,False,False,False,False,True,True,False,0,0,0,0,0,0,0,0,0,0,0,,0,100,0,0,0,0,0,0,0,0,0,0,0,64,52,65,78,67,63,68,72,67,67,30,44,44,65,50,64,0,0,0,0,0,0,0,0,0,0,0,0,0,0,0,0,0,0,0,0,0,0,0,0,0,0,0,0,0,0,0,0,0,0,0,0,0,0,0,0,0,0,0,0,False
119,Devan Dubnyk,http://www.tsn.ca/nhl/player-bio/devan-dubnyk,14,SKW,1986-05-03,218,78,1,False,False,False,False,False,True,True,False,0,6250000,0,0,0,0,0,0,0,0,0,,0,100,0,3,3,3,3,3,3,3,3,3,3,81,93,90,90,75,86,69,81,83,81,73,71,72,81,50,79,65,229388,37,22,5,2,166,1916,0,8,3,27,8,64,18,1,4,2,2,80,420,9225,0,0,0,0,0,0,0,0,0,0,0,0,0,0,0,0,0,0,0,0,0,0,False
120,Drew MacIntyre,http://www.tsn.ca/nhl/player-bio/drew-macintyre,0,PEI,1983-07-01,190,73,0,False,False,False,False,False,True,True,False,0,0,0,0,0,0,0,0,0,0,0,,0,100,0,0,0,0,0,0,0,0,0,0,0,57,90,62,70,48,60,49,60,49,49,53,44,44,1,50,56,0,0,0,0,0,0,0,0,0,0,0,0,0,0,0,0,0,0,0,0,0,0,0,0,0,0,0,0,0,0,0,0,0,0,0,0,0,0,0,0,0,0,0,0,False
473,Cam Johnson,https://www.tsn.ca/nhl/player-bio/cameron-johnson-309001,0,USA,1994-07-11,205,73,1,True,False,False,False,False,True,True,False,0,792500,0,0,0,0,0,0,0,0,0,,0,100,0,0,0,0,0,0,0,0,0,0,0,48,59,74,76,43,49,50,54,48,48,30,44,44,50,50,52,0,0,0,0,0,0,0,0,0,0,0,0,0,0,0,0,0,0,0,0,0,0,0,0,0,0,0,0,0,0,0,0,0,0,0,0,0,0,0,0,0,0,0,0,False
474,Carter Hart,https://www.tsn.ca/nhl/player-bio/carter-hart,16,AB,1998-08-12,180,73,3,True,False,False,False,False,True,True,False,0,863333,863333,863333,0,0,0,0,0,0,0,,0,100,0,3,3,3,3,3,3,3,3,3,3,75,75,71,68,76,75,62,77,86,76,95,46,46,75,50,70,20,66514,10,5,3,0,49,616,0,6,1,6,2,18,64,0,2,0,1,320,320,3160,0,0,0,0,0,0,0,0,0,0,0,0,0,0,0,0,0,0,0,0,0,0,False
123,James Reimer,http://www.tsn.ca/nhl/player-bio/james-reimer,28,MB,1988-03-15,217,74,2,False,False,False,False,False,True,True,False,0,3500000,3500000,0,0,0,0,0,0,0,0,,0,98,0,3,3,3,3,3,3,3,3,3,3,64,70,70,82,68,60,56,65,65,64,82,67,68,64,50,65,23,72290,5,10,3,0,62,608,0,0,2,4,1,17,65,2,0,1,0,20,20,940,0,0,0,0,0,0,0,0,0,0,0,0,0,0,0,0,0,0,0,0,0,0,False
475,Charles Williams,https://www.eliteprospects.com/player/45679/charles-williams,0,USA,1992-03-12,194,70,1,True,False,False,False,False,True,True,False,0,625000,0,0,0,0,0,0,0,0,0,,0,100,0,0,0,0,0,0,0,0,0,0,0,67,54,68,66,70,66,72,76,71,71,30,44,44,68,50,65,0,0,0,0,0,0,0,0,0,0,0,0,0,0,0,0,0,0,0,0,0,0,0,0,0,0,0,0,0,0,0,0,0,0,0,0,0,0,0,0,0,0,0,0,False
476,Colton Phinney,https://www.eliteprospects.com/player/180926/colton-phinney,0,USA,1993-06-17,174,73,1,True,False,False,False,False,True,True,False,0,625000,0,0,0,0,0,0,0,0,0,,0,100,0,0,0,0,0,0,0,0,0,0,0,41,47,59,65,40,42,40,45,40,40,30,44,44,42,50,45,0,0,0,0,0,0,0,0,0,0,0,0,0,0,0,0,0,0,0,0,0,0,0,0,0,0,0,0,0,0,0,0,0,0,0,0,0,0,0,0,0,0,0,0,False
477,Colton Point,https://www.eliteprospects.com/player/275708/colton-point,0,ONT,1998-03-04,220,76,3,True,False,False,False,False,True,True,False,0,875000,875000,875000,0,0,0,0,0,0,0,,0,100,0,0,0,0,0,0,0,0,0,0,0,45,52,65,88,41,44,50,52,45,46,30,44,44,47,50,51,0,0,0,0,0,0,0,0,0,0,0,0,0,0,0,0,0,0,0,0,0,0,0,0,0,0,0,0,0,0,0,0,0,0,0,0,0,0,0,0,0,0,0,0,False
478,Connor LaCouvee,https://www.eliteprospects.com/player/84730/connor-lacouvee,0,BC,1994-05-24,201,73,1,True,False,False,False,False,True,True,False,0,625000,0,0,0,0,0,0,0,0,0,,0,100,0,0,0,0,0,0,0,0,0,0,0,59,54,68,75,61,59,60,65,61,61,30,44,44,60,50,60,0,0,0,0,0,0,0,0,0,0,0,0,0,0,0,0,0,0,0,0,0,0,0,0,0,0,0,0,0,0,0,0,0,0,0,0,0,0,0,0,0,0,0,0,False
479,Devin Williams,https://www.eliteprospects.com/player/145969/devin-williams,0,USA,1995-10-30,174,72,1,True,False,False,False,False,True,True,False,0,625000,0,0,0,0,0,0,0,0,0,,0,100,0,0,0,0,0,0,0,0,0,0,0,67,52,65,62,70,66,72,76,71,71,30,44,44,68,50,64,0,0,0,0,0,0,0,0,0,0,0,0,0,0,0,0,0,0,0,0,0,0,0,0,0,0,0,0,0,0,0,0,0,0,0,0,0,0,0,0,0,0,0,0,False
480,Dylan Wells,https://www.eliteprospects.com/player/239801/dylan-wells,28,ONT,1998-01-03,185,73,3,True,False,False,False,False,True,True,False,0,910833,910833,910833,0,0,0,0,0,0,0,,0,100,0,1,1,1,1,1,1,1,1,1,1,57,64,80,70,57,63,51,60,59,57,30,44,44,58,50,58,0,0,0,0,0,0,0,0,0,0,0,0,0,0,0,0,0,0,0,0,0,0,10,27851,3,7,0,0,34,221,0,0,0,0,0,10,0,1,0,0,0,0,0,320,False
481,Etienne Marcoux,https://www.eliteprospects.com/player/45170/etienne-marcoux,0,QUE,1993-09-29,168,72,1,True,False,False,False,False,True,True,False,0,625000,0,0,0,0,0,0,0,0,0,,0,100,0,0,0,0,0,0,0,0,0,0,0,46,53,66,60,42,54,50,53,54,53,30,44,44,50,50,51,0,0,0,0,0,0,0,0,0,0,0,0,0,0,0,0,0,0,0,0,0,0,0,0,0,0,0,0,0,0,0,0,0,0,0,0,0,0,0,0,0,0,0,0,False
482,Evan Cormier,https://www.tsn.ca/nhl/player-bio/evan-cormier,0,ONT,1997-11-05,202,75,3,True,False,False,False,False,True,True,False,0,718333,718333,718333,0,0,0,0,0,0,0,,0,100,0,0,0,0,0,0,0,0,0,0,0,55,68,85,81,52,59,50,58,54,53,30,44,44,56,50,58,0,0,0,0,0,0,0,0,0,0,0,0,0,0,0,0,0,0,0,0,0,0,0,0,0,0,0,0,0,0,0,0,0,0,0,0,0,0,0,0,0,0,0,0,False
483,Evan Fitzpatrick,https://www.tsn.ca/nhl/player-bio/evan-fitzpatrick,0,NFL,1998-01-27,206,75,3,True,False,False,False,False,True,True,False,0,770000,770000,770000,0,0,0,0,0,0,0,,0,100,0,0,0,0,0,0,0,0,0,0,0,53,57,71,82,51,53,55,59,53,53,30,44,44,54,50,56,0,0,0,0,0,0,0,0,0,0,0,0,0,0,0,0,0,0,0,0,0,0,0,0,0,0,0,0,0,0,0,0,0,0,0,0,0,0,0,0,0,0,0,0,False
484,Ilya Samsonov,https://www.tsn.ca/nhl/player-bio/ilya-samsonov,0,USA,1997-02-21,200,75,3,True,False,False,False,False,True,True,False,0,925000,925000,925000,0,0,0,0,0,0,0,,0,100,0,0,0,0,0,0,0,0,0,0,0,52,61,76,80,49,55,53,58,54,54,30,44,44,54,50,56,0,0,0,0,0,0,0,0,0,0,0,0,0,0,0,0,0,0,0,0,0,0,0,0,0,0,0,0,0,0,0,0,0,0,0,0,0,0,0,0,0,0,0,0,False
485,Jake Oettinger,https://www.eliteprospects.com/player/247982/jake-oettinger,13,USA,1998-12-18,212,76,3,True,False,False,False,False,True,True,False,0,925000,925000,925000,0,0,0,0,0,0,0,,0,99,0,3,3,3,3,3,3,3,3,3,3,67,56,70,86,69,66,72,76,70,70,30,44,44,68,50,67,4,13444,2,2,0,0,8,90,0,0,0,0,0,3,16,0,0,0,0,0,0,260,0,0,0,0,0,0,0,0,0,0,0,0,0,0,0,0,0,0,0,0,0,0,False
486,Jeremy Helvig,https://www.tsn.ca/nhl/player-bio/jeremy-helvig,0,ONT,1997-05-24,207,76,3,True,False,False,False,False,True,True,False,0,761666,761666,761666,0,0,0,0,0,0,0,,0,100,0,0,0,0,0,0,0,0,0,0,0,47,52,65,84,43,45,53,55,47,48,30,44,44,49,50,52,0,0,0,0,0,0,0,0,0,0,0,0,0,0,0,0,0,0,0,0,0,0,0,0,0,0,0,0,0,0,0,0,0,0,0,0,0,0,0,0,0,0,0,0,False
487,Joey Daccord,https://www.eliteprospects.com/player/248377/joey-daccord,0,USA,1996-08-19,196,74,2,True,False,False,False,False,True,True,False,0,925000,925000,0,0,0,0,0,0,0,0,,0,100,0,0,0,0,0,0,0,0,0,0,0,43,55,69,77,40,44,40,46,40,40,30,44,44,44,50,48,0,0,0,0,0,0,0,0,0,0,0,0,0,0,0,0,0,0,0,0,0,0,0,0,0,0,0,0,0,0,0,0,0,0,0,0,0,0,0,0,0,0,0,0,False
488,Josef Korenar,https://www.eliteprospects.com/player/225184/josef-korenar,0,CZE,1998-01-31,185,73,3,True,False,False,False,False,True,True,False,0,723333,723333,723333,0,0,0,0,0,0,0,,0,100,0,0,0,0,0,0,0,0,0,0,0,60,62,78,70,60,66,57,65,64,63,30,44,44,62,50,61,0,0,0,0,0,0,0,0,0,0,0,0,0,0,0,0,0,0,0,0,0,0,0,0,0,0,0,0,0,0,0,0,0,0,0,0,0,0,0,0,0,0,0,0,False
489,Kaapo Kahkonen,https://www.eliteprospects.com/player/114708/kaapo-kahkonen,0,FIN,1996-08-16,223,74,2,True,False,False,False,False,True,True,False,0,767500,767500,0,0,0,0,0,0,0,0,,0,100,0,0,0,0,0,0,0,0,0,0,0,61,77,96,84,58,69,53,64,62,60,30,44,44,63,50,63,0,0,0,0,0,0,0,0,0,0,0,0,0,0,0,0,0,0,0,0,0,0,0,0,0,0,0,0,0,0,0,0,0,0,0,0,0,0,0,0,0,0,0,0,False
490,Kaden Fulcher,https://www.eliteprospects.com/player/269479/kaden-fulcher,12,ONT,1998-09-23,183,75,3,True,False,False,False,False,True,True,False,0,716666,716666,716666,0,0,0,0,0,0,0,,0,100,0,0,0,0,0,0,0,0,0,0,0,43,55,69,74,40,44,40,46,40,40,30,44,44,44,50,48,0,0,0,0,0,0,0,0,0,0,0,0,0,0,2,0,0,0,0,0,0,0,0,0,0,0,0,0,0,0,0,0,0,0,0,0,0,0,0,0,0,0,0,0,False
491,Kevin Lankinen,https://www.eliteprospects.com/player/50662/kevin-lankinen,0,FIN,1995-04-28,185,74,2,True,False,False,False,False,True,True,False,0,925000,925000,0,0,0,0,0,0,0,0,,0,100,0,0,0,0,0,0,0,0,0,0,0,58,51,64,73,60,58,59,64,60,60,30,44,44,59,50,59,0,0,0,0,0,0,0,0,0,0,0,0,0,0,0,0,0,0,0,0,0,0,0,0,0,0,0,0,0,0,0,0,0,0,0,0,0,0,0,0,0,0,0,0,False
492,Max Lagace,https://www.tsn.ca/nhl/player-bio/maxime-lagace,21,QUE,1993-01-11,190,74,2,True,False,False,False,False,True,True,False,0,700000,700000,0,0,0,0,0,0,0,0,,2,100,0,3,3,3,3,3,3,3,3,3,3,63,65,81,75,63,65,62,69,64,64,30,44,44,64,50,63,31,112287,10,17,4,0,114,1076,0,0,2,16,3,31,51,1,2,1,0,0,0,2520,0,0,0,0,0,0,0,0,0,0,0,0,0,0,0,0,0,0,0,0,0,0,False
493,Merrick Madsen,https://www.eliteprospects.com/player/205590/merrick-madsen,0,USA,1995-08-22,176,77,2,True,False,False,False,False,True,True,False,0,767500,767500,0,0,0,0,0,0,0,0,,0,100,0,0,0,0,0,0,0,0,0,0,0,49,51,64,76,47,58,54,57,60,59,30,44,44,54,50,56,0,0,0,0,0,0,0,0,0,0,0,0,0,0,0,0,0,0,0,0,0,0,0,0,0,0,0,0,0,0,0,0,0,0,0,0,0,0,0,0,0,0,0,0,False
494,Mikhail Berdin,https://www.tsn.ca/nhl/player-bio/mikhail-berdin,0,RUS,1998-02-28,163,74,3,True,False,False,False,False,True,True,False,0,758333,758333,758333,0,0,0,0,0,0,0,,0,100,0,0,0,0,0,0,0,0,0,0,0,67,63,79,63,69,72,63,71,71,69,30,44,44,67,50,65,0,0,0,0,0,0,0,0,0,0,0,0,0,0,0,0,0,0,0,0,0,0,0,0,0,0,0,0,0,0,0,0,0,0,0,0,0,0,0,0,0,0,0,0,False
495,Mikko Koskinen,https://www.tsn.ca/nhl/player-bio/mikko-koskinen,22,FIN,1988-07-17,209,79,1,False,False,False,False,False,True,True,False,0,2500000,0,0,0,0,0,0,0,0,0,,0,100,0,3,3,3,3,3,3,3,3,3,3,74,72,69,88,73,75,60,74,76,74,78,49,49,72,50,70,22,71556,13,7,0,1,60,669,0,0,0,10,1,21,61,0,3,1,2,0,0,4315,0,0,0,0,0,0,0,0,0,0,0,0,0,0,0,0,0,0,0,0,0,0,False
496,Mitch Gillam,https://www.eliteprospects.com/player/145561/mitch-gillam,0,ONT,1992-09-24,174,72,1,True,False,False,False,False,True,True,False,0,625000,0,0,0,0,0,0,0,0,0,,0,100,0,0,0,0,0,0,0,0,0,0,0,67,53,66,62,70,66,72,76,71,71,30,44,44,68,50,64,0,0,0,0,0,0,0,0,0,0,0,0,0,0,0,0,0,0,0,0,0,0,0,0,0,0,0,0,0,0,0,0,0,0,0,0,0,0,0,0,0,0,0,0,False
497,Patrik Rybar,https://www.eliteprospects.com/player/95500/patrik-rybar,0,SVK,1993-11-09,190,75,1,True,False,False,False,False,True,True,False,0,925000,0,0,0,0,0,0,0,0,0,,0,100,0,0,0,0,0,0,0,0,0,0,0,64,66,83,78,63,66,63,70,65,65,30,44,44,65,50,64,0,0,0,0,0,0,0,0,0,0,0,0,0,0,0,0,0,0,0,0,0,0,0,0,0,0,0,0,0,0,0,0,0,0,0,0,0,0,0,0,0,0,0,0,False
498,Pavel Francouz,https://www.tsn.ca/nhl/player-bio/pavel-francouz,6,CZE,1990-06-02,172,72,4,True,False,False,False,True,True,True,False,0,1100000,1100000,1100000,1100000,0,0,0,0,0,0,Exhaustion,5,94,0,2,2,2,2,2,2,2,2,2,2,64,72,90,61,64,68,54,66,62,60,30,44,44,63,50,61,55,191305,16,31,5,1,198,1924,0,6,2,17,8,54,10,2,4,1,2,480,480,6100,0,0,0,0,0,0,0,0,0,0,0,0,0,0,0,0,0,0,0,0,0,0,True
499,Shane Starrett,https://www.eliteprospects.com/player/248311/shane-starrett,0,USA,1994-07-12,190,77,1,True,False,False,False,False,True,True,False,0,817500,0,0,0,0,0,0,0,0,0,,0,100,0,0,0,0,0,0,0,0,0,0,0,65,70,88,83,64,70,63,71,68,67,30,44,44,67,50,66,0,0,0,0,0,0,0,0,0,0,0,0,0,0,0,0,0,0,0,0,0,0,0,0,0,0,0,0,0,0,0,0,0,0,0,0,0,0,0,0,0,0,0,0,False
500,Stuart Skinner,https://www.eliteprospects.com/player/166664/stuart-skinner,0,AB,1998-11-01,203,75,3,True,False,False,False,False,True,True,False,0,875000,875000,875000,0,0,0,0,0,0,0,,0,100,0,0,0,0,0,0,0,0,0,0,0,49,61,76,81,44,48,50,55,46,47,30,44,44,50,50,53,0,0,0,0,0,0,0,0,0,0,0,0,0,0,0,0,0,0,0,0,0,0,0,0,0,0,0,0,0,0,0,0,0,0,0,0,0,0,0,0,0,0,0,0,False
153,Michal Neuvirth,http://www.tsn.ca/nhl/player-bio/michal-neuvirth,26,CZE,1988-03-22,209,73,2,False,False,False,False,False,True,True,False,0,2100000,2100000,0,0,0,0,0,0,0,0,,0,100,0,3,1,1,1,1,1,1,1,1,1,57,50,63,77,61,58,50,59,57,56,30,64,65,56,50,59,0,0,0,0,0,0,0,0,0,0,0,0,0,0,2,0,0,0,0,0,0,0,75,248744,39,32,3,5,208,2049,0,6,2,10,3,75,0,1,5,3,6,0,0,9750,False
350,Anthony Peters,https://www.eliteprospects.com/player/14372/anthony-peters,0,ONT,1990-12-31,196,73,0,False,False,False,False,False,True,True,False,0,0,0,0,0,0,0,0,0,0,0,,0,100,0,0,0,0,0,0,0,0,0,0,0,50,59,74,74,47,52,50,55,50,50,30,44,44,52,50,54,0,0,0,0,0,0,0,0,0,0,0,0,0,0,0,0,0,0,0,0,0,0,0,0,0,0,0,0,0,0,0,0,0,0,0,0,0,0,0,0,0,0,0,0,False
165,Scott Munroe,,0,CAN,1982-07-01,210,74,0,False,False,False,False,False,True,True,False,0,0,0,0,0,0,0,0,0,0,0,,0,100,0,0,0,0,0,0,0,0,0,0,0,46,50,60,73,60,61,55,55,54,56,55,78,69,5,50,58,0,0,0,0,0,0,0,0,0,0,0,0,0,0,0,0,0,0,0,0,0,0,0,0,0,0,0,0,0,0,0,0,0,0,0,0,0,0,0,0,0,0,0,0,False
168,Thomas Greiss,http://www.tsn.ca/nhl/player-bio/thomas-greiss,4,GER,1986-01-29,227,73,1,False,False,False,False,False,True,True,False,0,650000,0,0,0,0,0,0,0,0,0,,11,100,0,3,3,3,3,3,3,3,3,3,3,90,65,65,83,97,84,77,90,92,90,95,64,65,86,50,81,63,224493,39,14,8,7,126,1802,0,6,3,26,11,62,16,1,11,5,6,0,180,14615,0,0,0,0,0,0,0,0,0,0,0,0,0,0,0,0,0,0,0,0,0,0,False
169,Tuukka Rask,http://www.tsn.ca/nhl/player-bio/tuukka-rask,23,FIN,1987-03-10,194,75,3,False,False,False,False,False,True,True,False,0,7500000,7500000,7500000,0,0,0,0,0,0,0,,2,99,0,3,3,3,3,3,3,3,3,3,3,81,75,74,79,85,78,71,82,82,81,90,71,74,79,50,77,65,226280,38,19,6,1,171,2013,0,2,3,18,6,62,18,2,9,3,3,100,100,10520,0,0,0,0,0,0,0,0,0,0,0,0,0,0,0,0,0,0,0,0,0,0,False
171,Tyler Sims,,0,GER,1985-07-01,190,72,0,False,False,False,False,False,True,True,False,0,0,0,0,0,0,0,0,0,0,0,,0,100,0,0,0,0,0,0,0,0,0,0,0,50,50,70,78,50,50,50,56,50,55,51,61,57,50,50,55,0,0,0,0,0,0,0,0,0,0,0,0,0,0,0,0,0,0,0,0,0,0,0,0,0,0,0,0,0,0,0,0,0,0,0,0,0,0,0,0,0,0,0,0,False
175,Alex Stalock,http://www.tsn.ca/nhl/player-bio/alex-stalock,5,USA,1987-07-28,198,72,2,False,False,False,False,False,True,True,False,0,1250000,1250000,0,0,0,0,0,0,0,0,,0,100,0,2,2,2,2,2,2,2,2,2,2,63,54,54,72,70,55,59,65,64,62,90,57,58,62,50,61,6,21853,3,3,0,0,16,199,0,0,0,5,1,6,27,0,0,0,2,0,0,1000,0,0,0,0,0,0,0,0,0,0,0,0,0,0,0,0,0,0,0,0,0,0,False
195,Brad Thiessen,http://www.tsn.ca/nhl/player-bio/brad-thiessen,9,BC,1986-03-18,171,71,2,False,False,False,False,True,True,True,False,0,700000,700000,0,0,0,0,0,0,0,0,,0,100,0,1,1,1,1,1,1,1,1,1,1,59,50,63,58,61,62,61,65,65,64,30,44,44,60,50,59,0,0,0,0,0,0,0,0,0,0,0,0,0,0,0,0,0,0,0,0,0,0,69,235335,51,8,5,12,134,1136,0,2,5,13,9,68,22,0,0,0,2,0,300,5885,False
197,Anders Nilsson,http://www.tsn.ca/nhl/player-bio/anders-nilsson,12,SWE,1990-03-18,232,78,1,False,False,False,False,False,True,True,False,0,2750000,0,0,0,0,0,0,0,0,0,,16,98,0,3,3,3,3,3,3,3,3,3,3,74,61,61,95,78,70,59,75,78,74,81,58,58,71,50,70,24,86304,10,11,3,1,69,700,0,2,2,3,2,24,42,0,1,2,1,40,40,2600,0,0,0,0,0,0,0,0,0,0,0,0,0,0,0,0,0,0,0,0,0,0,False
199,Richard Bachman,http://www.tsn.ca/nhl/player-bio/richard-bachman,14,USA,1987-07-25,183,70,1,False,False,False,False,False,True,True,False,0,900000,0,0,0,0,0,0,0,0,0,,0,100,0,1,1,1,1,1,1,1,1,1,1,48,52,65,62,46,48,50,54,48,48,30,48,48,49,50,51,0,0,0,0,0,0,0,0,0,0,0,0,0,0,1,0,0,0,0,0,0,0,0,0,0,0,0,0,0,0,0,0,0,0,0,0,0,0,0,0,0,0,0,0,False
351,Antoine Bibeau,http://www.tsn.ca/nhl/player-bio/antoine-bibeau,14,QUE,1994-05-01,207,75,3,True,False,False,False,False,True,True,False,0,925000,925000,925000,0,0,0,0,0,0,0,,0,100,0,0,0,0,0,0,0,0,0,0,0,55,68,85,82,53,58,50,59,53,52,30,44,44,56,50,58,2,7493,0,1,1,0,7,74,0,0,1,3,1,2,9,0,0,0,1,0,0,300,0,0,0,0,0,0,0,0,0,0,0,0,0,0,0,0,0,0,0,0,0,0,False
272,Philipp Grubauer,http://www.tsn.ca/nhl/player-bio/philipp-grubauer,19,GER,1991-11-21,191,73,3,False,False,False,False,False,True,True,False,0,3330000,3330000,3330000,0,0,0,0,0,0,0,,12,100,0,3,3,3,3,3,3,3,3,3,3,81,66,65,73,86,77,66,81,86,81,78,59,60,78,50,73,58,190686,36,12,3,4,121,1513,0,6,0,14,7,52,28,2,6,5,3,0,0,9715,0,0,0,0,0,0,0,0,0,0,0,0,0,0,0,0,0,0,0,0,0,0,False
202,Dustin Tokarski,http://www.tsn.ca/nhl/player-bio/dustin-tokarski,0,SKW,1989-09-15,205,72,0,False,False,False,False,False,True,True,False,0,0,0,0,0,0,0,0,0,0,0,,0,100,0,2,2,2,2,2,2,2,2,2,2,60,63,79,74,60,64,55,63,61,60,30,47,48,60,50,60,0,0,0,0,0,0,0,0,0,0,0,0,0,0,0,0,0,0,0,0,0,0,0,0,0,0,0,0,0,0,0,0,0,0,0,0,0,0,0,0,0,0,0,0,False
204,Jacob Markstrom,http://www.tsn.ca/nhl/player-bio/jacob-markstrom,9,SWE,1990-01-31,196,78,2,False,False,False,False,False,True,True,False,0,4000000,4000000,0,0,0,0,0,0,0,0,,0,100,0,3,3,3,3,3,3,3,3,3,3,80,90,86,84,78,82,64,81,82,80,92,64,64,79,50,76,62,212336,30,21,6,4,158,1919,0,6,2,30,12,56,26,1,10,1,2,0,0,11120,0,0,0,0,0,0,0,0,0,0,0,0,0,0,0,0,0,0,0,0,0,0,False
209,Robin Lehner,http://www.tsn.ca/nhl/player-bio/robin-lehner,18,SWE,1991-07-24,245,76,4,False,False,False,False,False,True,True,False,0,6000000,6000000,6000000,6000000,0,0,0,0,0,0,,2,100,0,3,3,3,3,3,3,3,3,3,3,91,79,77,95,94,88,81,86,95,91,44,65,66,87,50,84,66,235118,30,23,10,3,167,1978,0,4,0,36,11,63,19,3,4,9,2,0,0,10345,0,0,0,0,0,0,0,0,0,0,0,0,0,0,0,0,0,0,0,0,0,0,False
212,Adam Morrison,,0,CAN,1991-07-01,194,75,0,False,False,False,False,False,True,True,False,0,0,0,0,0,0,0,0,0,0,0,,0,100,0,0,0,0,0,0,0,0,0,0,0,45,50,62,77,60,46,45,47,45,46,55,60,61,71,50,53,0,0,0,0,0,0,0,0,0,0,0,0,0,0,0,0,0,0,0,0,0,0,0,0,0,0,0,0,0,0,0,0,0,0,0,0,0,0,0,0,0,0,0,0,False
219,Calvin Pickard,http://www.tsn.ca/nhl/player-bio/calvin-pickard,21,NB,1992-04-14,207,73,1,False,False,False,False,False,True,True,False,0,700000,0,0,0,0,0,0,0,0,0,,0,100,0,2,2,2,2,2,2,2,2,2,2,47,57,57,77,51,44,43,51,52,47,90,56,56,50,50,52,0,0,0,0,0,0,0,0,0,0,0,0,0,0,2,0,0,0,0,0,0,0,16,55430,6,9,1,0,54,451,0,0,2,0,0,16,0,0,0,2,1,0,0,1100,False
221,Carter Hutton,http://www.tsn.ca/nhl/player-bio/carter-hutton,20,ONT,1985-12-18,202,73,1,False,False,False,False,False,True,True,False,0,3500000,0,0,0,0,0,0,0,0,0,,0,99,0,3,3,3,3,3,3,3,3,3,3,73,71,70,76,71,74,58,73,78,73,70,62,63,71,50,69,21,64732,6,7,3,0,51,523,0,2,0,6,2,16,66,1,0,1,0,0,0,1860,0,0,0,0,0,0,0,0,0,0,0,0,0,0,0,0,0,0,0,0,0,0,False
222,Chad Johnson,http://www.tsn.ca/nhl/player-bio/chad-johnson,16,SKW,1986-06-09,197,75,1,False,False,False,False,True,True,True,False,0,750000,0,0,0,0,0,0,0,0,0,,0,100,0,1,1,1,1,1,1,1,1,1,1,48,57,58,79,50,45,44,51,54,48,84,62,62,50,50,54,0,0,0,0,0,0,0,0,0,0,0,0,0,0,0,0,0,0,0,0,0,0,1,1499,0,0,0,0,1,13,0,0,0,0,0,0,82,0,0,0,0,0,0,0,False
225,Darcy Kuemper,http://www.tsn.ca/nhl/player-bio/darcy-kuemper,26,SKW,1990-05-04,215,77,2,False,False,False,False,False,True,True,False,0,1850000,1850000,0,0,0,0,0,0,0,0,,0,99,8,2,2,2,2,2,2,2,2,2,2,87,72,71,89,87,86,75,85,90,87,70,62,63,83,50,80,66,240860,38,20,8,6,162,2025,0,2,2,53,15,66,14,2,8,6,4,0,540,13810,0,0,0,0,0,0,0,0,0,0,0,0,0,0,0,0,0,0,0,0,0,0,False
229,Eddie Lack,http://www.tsn.ca/nhl/player-bio/eddie-lack,15,SWE,1988-01-05,187,76,1,False,False,False,False,False,True,True,False,0,525000,0,0,0,0,0,0,0,0,0,,0,100,0,2,2,2,2,2,2,2,2,2,2,45,51,64,79,42,44,50,52,45,46,30,59,60,47,50,52,0,0,0,0,0,0,0,0,0,0,0,0,0,0,4,0,0,0,0,0,0,0,0,0,0,0,0,0,0,0,0,0,0,0,0,0,0,0,0,0,0,0,0,0,False
233,Jack Campbell,http://www.tsn.ca/nhl/player-bio/jack-campbell,3,USA,1992-01-08,197,75,1,False,False,False,False,False,True,True,False,0,1340000,0,0,0,0,0,0,0,0,0,Bruised Left Leg Injury,33,93,0,2,2,2,2,2,2,2,2,2,2,82,62,60,79,88,76,77,78,88,82,43,47,47,78,50,73,37,119031,18,13,2,4,81,1037,0,4,0,6,1,34,43,1,5,4,2,0,0,6535,0,0,0,0,0,0,0,0,0,0,0,0,0,0,0,0,0,0,0,0,0,0,True
234,Jake Allen,http://www.tsn.ca/nhl/player-bio/jake-allen,8,NB,1990-08-07,203,74,2,False,False,False,False,False,True,True,False,0,5250000,5250000,0,0,0,0,0,0,0,0,,0,98,0,3,3,3,3,3,3,3,3,3,3,72,82,79,78,72,72,62,74,75,72,91,65,66,73,50,71,57,201020,23,25,8,5,154,1806,0,0,0,21,7,54,28,3,8,5,4,0,360,10280,0,0,0,0,0,0,0,0,0,0,0,0,0,0,0,0,0,0,0,0,0,0,False
241,John Muse,https://www.tsn.ca/nhl/player-bio/john-muse,0,USA,1988-08-01,185,71,0,False,False,False,False,False,True,True,False,0,0,0,0,0,0,0,0,0,0,0,,0,100,0,0,0,0,0,0,0,0,0,0,0,62,55,69,65,65,72,60,67,72,70,30,44,44,65,50,63,0,0,0,0,0,0,0,0,0,0,0,0,0,0,0,0,0,0,0,0,0,0,0,0,0,0,0,0,0,0,0,0,0,0,0,0,0,0,0,0,0,0,0,0,False
243,Jordan Binnington,http://www.tsn.ca/nhl/player-bio/jordan-binnington,19,ONT,1993-07-10,167,73,3,True,False,False,False,False,True,True,False,0,903333,903333,903333,0,0,0,0,0,0,0,,52,95,0,3,3,3,3,3,3,3,3,3,3,84,68,65,62,90,78,83,85,90,84,95,47,47,82,50,75,50,173064,23,19,6,3,118,1576,0,2,1,25,5,49,11,0,8,4,3,320,935,9830,0,0,0,0,0,0,0,0,0,0,0,0,0,0,0,0,0,0,0,0,0,0,False
245,Keith Kinkaid,http://www.tsn.ca/nhl/player-bio/keith-kinkaid,23,USA,1989-07-03,195,75,2,False,False,False,False,True,True,True,False,0,2100000,2100000,0,0,0,0,0,0,0,0,,0,100,0,3,3,3,3,3,3,3,3,3,3,57,71,69,79,57,56,50,59,60,57,82,60,60,59,50,60,22,70166,11,8,0,1,62,586,0,2,0,5,1,20,62,0,2,0,0,0,200,2325,0,0,0,0,0,0,0,0,0,0,0,0,0,0,0,0,0,0,0,0,0,0,False
247,Kent Simpson,http://www.tsn.ca/nhl/player-bio/kent-simpson,0,AB,1992-03-25,198,74,0,False,False,False,False,False,True,True,False,0,0,0,0,0,0,0,0,0,0,0,,0,100,0,0,0,0,0,0,0,0,0,0,0,48,45,56,77,48,47,50,54,49,49,95,44,44,50,50,51,0,0,0,0,0,0,0,0,0,0,0,0,0,0,0,0,0,0,0,0,0,0,0,0,0,0,0,0,0,0,0,0,0,0,0,0,0,0,0,0,0,0,0,0,False
248,Marc Cheverie,http://tsn.ca/nhl/teams/players/bio/?id=5852,0,CAN,1987-07-01,190,75,0,False,False,False,False,False,True,True,False,0,0,0,0,0,0,0,0,0,0,0,,0,100,0,0,0,0,0,0,0,0,0,0,0,45,50,58,77,60,46,46,48,48,46,55,68,55,39,50,53,0,0,0,0,0,0,0,0,0,0,0,0,0,0,0,0,0,0,0,0,0,0,0,0,0,0,0,0,0,0,0,0,0,0,0,0,0,0,0,0,0,0,0,0,False
251,Martin Jones,http://www.tsn.ca/nhl/player-bio/martin-jones,6,BC,1990-01-10,195,76,4,False,False,False,False,False,True,True,False,0,6000000,6000000,6000000,6000000,0,0,0,0,0,0,,0,100,0,2,2,2,2,2,2,2,2,2,2,70,91,87,80,65,76,64,71,73,71,67,65,67,66,50,71,24,77476,9,10,3,0,72,778,0,0,0,6,1,21,47,0,0,0,3,0,260,2840,0,0,0,0,0,0,0,0,0,0,0,0,0,0,0,0,0,0,0,0,0,0,False
252,Maxime Clermont,,0,CAN,1991-07-01,195,73,0,False,False,False,False,False,True,True,False,0,0,0,0,0,0,0,0,0,0,0,,0,100,0,0,0,0,0,0,0,0,0,0,0,45,50,55,69,60,57,51,51,49,54,55,60,61,71,50,55,0,0,0,0,0,0,0,0,0,0,0,0,0,0,0,0,0,0,0,0,0,0,0,0,0,0,0,0,0,0,0,0,0,0,0,0,0,0,0,0,0,0,0,0,False
253,Michael Hutchinson,http://www.tsn.ca/nhl/player-bio/michael-hutchinson,19,ONT,1990-03-01,202,75,1,False,False,False,False,True,True,True,False,0,700000,0,0,0,0,0,0,0,0,0,,33,100,0,2,2,2,2,2,2,2,2,2,2,59,64,80,81,59,62,52,61,58,57,30,57,57,59,50,61,26,78009,11,12,0,2,74,613,0,0,0,16,4,22,42,0,1,0,0,0,0,1965,0,0,0,0,0,0,0,0,0,0,0,0,0,0,0,0,0,0,0,0,0,0,False
254,Mike Clemente,,0,USA,1990-07-01,200,74,0,False,False,False,False,False,True,True,False,0,0,0,0,0,0,0,0,0,0,0,,0,100,0,0,0,0,0,0,0,0,0,0,0,45,50,55,73,60,50,45,45,45,48,55,62,48,63,50,52,0,0,0,0,0,0,0,0,0,0,0,0,0,0,0,0,0,0,0,0,0,0,0,0,0,0,0,0,0,0,0,0,0,0,0,0,0,0,0,0,0,0,0,0,False
261,Riley Gill,,0,USA,1985-07-01,215,73,0,False,False,False,False,False,True,True,False,0,0,0,0,0,0,0,0,0,0,0,,0,100,0,0,0,0,0,0,0,0,0,0,0,45,50,58,69,60,46,46,48,48,46,55,72,61,23,50,53,0,0,0,0,0,0,0,0,0,0,0,0,0,0,0,0,0,0,0,0,0,0,0,0,0,0,0,0,0,0,0,0,0,0,0,0,0,0,0,0,0,0,0,0,False
353,Brandon Anderson,,0,CAN,1992-07-01,184,73,0,False,False,False,False,False,True,True,False,0,0,0,0,0,0,0,0,0,0,0,,0,100,2,0,0,0,0,0,0,0,0,0,0,45,50,62,69,60,47,49,52,52,51,55,58,49,79,50,54,0,0,0,0,0,0,0,0,0,0,0,0,0,0,0,0,0,0,0,0,0,0,0,0,0,0,0,0,0,0,0,0,0,0,0,0,0,0,0,0,0,0,0,0,False
270,Petr Mrazek,http://www.tsn.ca/nhl/player-bio/petr-mrazek,30,CZE,1992-02-13,181,74,1,False,False,False,False,False,True,True,False,0,1900000,0,0,0,0,0,0,0,0,0,,0,98,0,3,3,3,3,3,3,3,3,3,3,83,69,68,71,90,75,73,83,84,82,95,64,65,80,50,75,45,157949,23,16,6,5,101,1291,0,2,2,13,4,42,38,1,7,1,3,0,0,7820,0,0,0,0,0,0,0,0,0,0,0,0,0,0,0,0,0,0,0,0,0,0,False
277,Frederik Andersen,http://www.tsn.ca/nhl/player-bio/frederik-andersen,28,DEN,1989-10-02,230,76,2,False,False,False,False,False,True,True,False,0,5000000,5000000,0,0,0,0,0,0,0,0,,0,100,8,2,2,2,2,2,2,2,2,2,2,86,93,89,92,87,85,64,84,86,86,71,66,68,83,50,80,66,225367,28,33,3,3,162,1924,0,8,2,33,9,65,15,0,10,7,3,0,0,11810,0,0,0,0,0,0,0,0,0,0,0,0,0,0,0,0,0,0,0,0,0,0,False
278,Garret Sparks,http://www.tsn.ca/nhl/player-bio/garret-sparks,18,USA,1993-06-28,210,75,2,False,False,False,False,False,True,True,False,0,850000,850000,0,0,0,0,0,0,0,0,Abdominal Strain Injury,36,69,0,2,2,2,2,2,2,2,2,2,2,62,61,59,83,66,57,55,65,69,62,95,47,47,62,50,62,20,63971,7,10,2,1,58,565,0,0,0,20,7,19,63,0,2,0,1,0,575,1835,0,0,0,0,0,0,0,0,0,0,0,0,0,0,0,0,0,0,0,0,0,0,True
279,Jacob Gervais-Chouinard,,0,CAN,1992-07-01,170,74,0,False,False,False,False,False,True,True,False,0,0,0,0,0,0,0,0,0,0,0,,0,100,0,0,0,0,0,0,0,0,0,0,0,45,50,65,73,60,45,45,47,47,48,55,54,39,95,50,52,0,0,0,0,0,0,0,0,0,0,0,0,0,0,0,0,0,0,0,0,0,0,0,0,0,0,0,0,0,0,0,0,0,0,0,0,0,0,0,0,0,0,0,0,False
280,Jason Missiaen,,0,CAN,1990-07-01,220,80,0,False,False,False,False,False,True,True,False,0,0,0,0,0,0,0,0,0,0,0,,0,100,0,0,0,0,0,0,0,0,0,0,0,45,50,67,97,60,51,52,52,50,57,55,62,49,63,50,58,0,0,0,0,0,0,0,0,0,0,0,0,0,0,0,0,0,0,0,0,0,0,0,0,0,0,0,0,0,0,0,0,0,0,0,0,0,0,0,0,0,0,0,0,False
281,Jean-Francois Berube,http://www.tsn.ca/nhl/player-bio/jean-francois-berube,10,QUE,1991-07-13,177,73,1,False,False,False,False,False,True,True,False,0,650000,0,0,0,0,0,0,0,0,0,,0,100,0,1,1,1,1,1,1,1,1,1,1,52,65,81,66,49,53,50,57,49,49,30,47,48,53,50,54,0,0,0,0,0,0,0,0,0,0,0,0,0,0,0,0,0,0,0,0,0,0,82,281740,36,45,1,1,287,3081,0,4,0,5,0,82,0,1,3,7,9,340,340,13045,False
282,John Gibson,http://www.tsn.ca/nhl/player-bio/john-gibson-39828,12,USA,1993-07-14,223,75,5,False,False,False,False,False,True,True,False,0,6000000,6000000,6000000,6000000,6000000,0,0,0,0,0,,0,100,0,2,2,2,2,2,2,2,2,2,2,89,89,85,86,93,85,62,88,86,89,82,64,65,85,50,80,64,225620,36,18,9,5,155,1733,0,2,2,21,8,63,17,2,5,1,3,0,0,9345,0,0,0,0,0,0,0,0,0,0,0,0,0,0,0,0,0,0,0,0,0,0,False
283,Juho Olkinuora,,0,FIN,1990-07-01,200,74,0,False,False,False,False,False,True,True,False,0,0,0,0,0,0,0,0,0,0,0,,0,100,0,0,0,0,0,0,0,0,0,0,0,45,50,56,73,60,50,45,45,45,54,55,62,44,63,50,52,0,0,0,0,0,0,0,0,0,0,0,0,0,0,0,0,0,0,0,0,0,0,0,0,0,0,0,0,0,0,0,0,0,0,0,0,0,0,0,0,0,0,0,0,False
284,Kent Patterson,http://tsn.ca/nhl/teams/players/bio/?id=6152,0,USA,1989-07-01,180,73,0,False,False,False,False,False,True,True,False,0,0,0,0,0,0,0,0,0,0,0,,0,100,0,0,0,0,0,0,0,0,0,0,0,45,50,57,69,60,50,45,45,45,51,55,62,51,63,50,52,0,0,0,0,0,0,0,0,0,0,0,0,0,0,0,0,0,0,0,0,0,0,0,0,0,0,0,0,0,0,0,0,0,0,0,0,0,0,0,0,0,0,0,0,False
285,Kieran Millan,http://tsn.ca/nhl/teams/players/bio/?id=6451,0,CAN,1989-07-01,190,72,0,False,False,False,False,False,True,True,False,0,0,0,0,0,0,0,0,0,0,0,,0,100,0,0,0,0,0,0,0,0,0,0,0,45,50,55,65,60,49,45,45,45,47,55,64,43,55,50,51,0,0,0,0,0,0,0,0,0,0,0,0,0,0,0,0,0,0,0,0,0,0,0,0,0,0,0,0,0,0,0,0,0,0,0,0,0,0,0,0,0,0,0,0,False
286,Louis Domingue,http://www.tsn.ca/nhl/player-bio/louis-domingue,25,QUE,1992-03-05,210,75,4,False,False,False,True,False,True,True,False,0,2000000,2000000,2000000,2000000,0,0,0,0,0,0,,19,100,0,3,3,3,3,3,3,3,3,3,3,71,66,65,83,73,68,61,72,78,71,87,58,58,70,50,69,34,108360,9,16,3,0,95,1036,0,4,3,7,2,28,48,1,1,2,0,0,0,2740,0,0,0,0,0,0,0,0,0,0,0,0,0,0,0,0,0,0,0,0,0,0,False
289,Mike Condon,http://www.tsn.ca/nhl/player-bio/mike-condon,15,USA,1990-04-26,195,74,1,False,False,False,False,False,True,True,False,0,2400000,0,0,0,0,0,0,0,0,0,,11,97,0,2,2,2,2,2,2,2,2,2,2,44,51,64,76,40,43,50,52,44,45,30,59,59,47,50,51,7,20146,0,5,0,0,21,201,0,2,1,0,0,5,18,2,1,0,0,0,0,400,13,44175,8,5,0,0,43,316,0,0,2,0,0,13,0,0,0,1,0,0,0,580,False
290,Mike Lee,,0,USA,1990-07-01,190,73,0,False,False,False,False,False,True,True,False,0,0,0,0,0,0,0,0,0,0,0,,0,100,0,0,0,0,0,0,0,0,0,0,0,45,50,64,69,60,51,52,54,54,53,55,62,51,63,50,55,0,0,0,0,0,0,0,0,0,0,0,0,0,0,0,0,0,0,0,0,0,0,0,0,0,0,0,0,0,0,0,0,0,0,0,0,0,0,0,0,0,0,0,0,False
294,Pat Nagle,https://www.eliteprospects.com/player/31222/pat-nagle,0,USA,1987-09-21,170,74,0,False,False,False,False,False,True,True,False,0,0,0,0,0,0,0,0,0,0,0,,0,100,0,0,0,0,0,0,0,0,0,0,0,45,55,69,65,40,44,50,52,44,45,30,44,44,47,50,49,0,0,0,0,0,0,0,0,0,0,0,0,0,0,0,0,0,0,0,0,0,0,0,0,0,0,0,0,0,0,0,0,0,0,0,0,0,0,0,0,0,0,0,0,False
296,Rob Madore,http://www.tsn.ca/nhl/player-bio/rob-madore,0,USA,1988-07-01,179,70,0,False,False,False,False,False,True,True,False,0,0,0,0,0,0,0,0,0,0,0,,0,100,0,0,0,0,0,0,0,0,0,0,0,50,50,47,62,50,50,50,50,50,50,50,44,44,1,50,50,0,0,0,0,0,0,0,0,0,0,0,0,0,0,0,0,0,0,0,0,0,0,0,0,0,0,0,0,0,0,0,0,0,0,0,0,0,0,0,0,0,0,0,0,False
297,Scott Darling,http://www.tsn.ca/nhl/player-bio/scott-darling,25,USA,1988-12-21,232,78,2,False,False,False,False,True,True,True,False,0,1000000,1000000,0,0,0,0,0,0,0,0,,0,100,0,1,1,1,1,1,1,1,1,1,1,49,62,78,95,45,49,50,55,47,48,30,58,59,51,50,57,0,0,0,0,0,0,0,0,0,0,0,0,0,0,6,0,0,0,0,0,0,0,0,0,0,0,0,0,0,0,0,0,0,0,0,0,0,0,0,0,0,0,0,0,False
354,Brandon Whitney,,0,CAN,1994-07-01,205,77,0,True,False,False,False,False,True,True,False,0,0,0,0,0,0,0,0,0,0,0,,0,100,0,0,0,0,0,0,0,0,0,0,0,45,50,65,85,60,45,45,46,45,47,55,54,46,95,50,53,0,0,0,0,0,0,0,0,0,0,0,0,0,0,0,0,0,0,0,0,0,0,0,0,0,0,0,0,0,0,0,0,0,0,0,0,0,0,0,0,0,0,0,0,False
299,Scott Wedgewood,https://www.tsn.ca/nhl/player-bio/scott-wedgewood,12,ONT,1992-08-14,195,74,1,False,False,False,False,False,True,True,False,0,700000,0,0,0,0,0,0,0,0,0,,0,100,0,1,1,1,1,1,1,1,1,1,1,58,66,83,76,56,64,54,62,60,59,30,54,54,60,50,61,1,3900,1,0,0,0,2,36,0,0,0,3,0,1,2,0,0,0,1,0,0,320,21,73747,20,0,0,7,30,285,0,2,0,4,2,21,32,0,0,1,0,0,180,1955,False
300,Ty Rimmer,http://www.eliteprospects.com/player.php?player=44497,0,AB,1992-07-01,181,72,0,False,False,False,False,False,True,True,False,0,0,0,0,0,0,0,0,0,0,0,,0,100,0,0,0,0,0,0,0,0,0,0,0,48,75,48,66,43,51,35,47,40,39,44,44,44,1,50,47,0,0,0,0,0,0,0,0,0,0,0,0,0,0,0,0,0,0,0,0,0,0,0,0,0,0,0,0,0,0,0,0,0,0,0,0,0,0,0,0,0,0,0,0,False
301,Tyler Bunz,,0,CAN,1992-07-01,205,73,0,False,False,False,False,False,True,True,False,0,0,0,0,0,0,0,0,0,0,0,,0,100,0,0,0,0,0,0,0,0,0,0,0,45,50,66,69,60,46,45,47,47,49,55,58,41,79,50,52,0,0,0,0,0,0,0,0,0,0,0,0,0,0,0,0,0,0,0,0,0,0,0,0,0,0,0,0,0,0,0,0,0,0,0,0,0,0,0,0,0,0,0,0,False
304,Antti Raanta,http://www.tsn.ca/nhl/player-bio/antti-raanta,1,FIN,1989-05-11,195,72,1,False,False,False,False,False,True,True,False,0,3600000,0,0,0,0,0,0,0,0,0,Exhaustion,36,94,0,2,2,2,2,2,2,2,2,2,2,81,63,63,71,88,74,69,77,85,81,44,60,61,68,50,73,47,161843,20,14,9,3,108,1417,0,6,3,29,12,45,30,0,10,1,3,100,100,9080,0,0,0,0,0,0,0,0,0,0,0,0,0,0,0,0,0,0,0,0,0,0,True
305,Andrew Hammond,http://www.tsn.ca/nhl/player-bio/andrew-hammond,25,BC,1988-02-11,215,74,2,False,False,False,False,False,True,True,False,0,2750000,2750000,0,0,0,0,0,0,0,0,,0,100,0,1,1,1,1,1,1,1,1,1,1,54,55,69,81,55,58,50,58,56,55,30,50,51,55,50,57,0,0,0,0,0,0,0,0,0,0,0,0,0,0,2,0,0,0,0,0,0,0,0,0,0,0,0,0,0,0,0,0,0,0,0,0,0,0,0,0,0,0,0,0,False
307,Jonathan Quick,http://www.tsn.ca/nhl/player-bio/jonathan-quick,25,USA,1986-01-20,218,73,2,False,False,False,False,False,True,True,False,0,7250000,7250000,0,0,0,0,0,0,0,0,,2,98,0,3,3,3,3,3,3,3,3,3,3,59,85,83,80,59,58,50,62,58,59,95,74,79,62,50,64,56,189616,15,31,8,1,178,1780,0,4,1,23,9,54,26,3,6,1,0,540,560,6780,0,0,0,0,0,0,0,0,0,0,0,0,0,0,0,0,0,0,0,0,0,0,False
310,Aaron Dell,http://www.tsn.ca/nhl/player-bio/aaron-dell,11,AB,1989-05-04,200,72,1,False,False,False,False,False,True,True,False,0,2000000,0,0,0,0,0,0,0,0,0,,0,100,0,1,1,1,1,1,1,1,1,1,1,54,57,56,73,59,50,55,58,57,54,95,53,53,56,50,57,0,0,0,0,0,0,0,0,0,0,0,0,0,0,0,0,0,0,0,0,0,0,76,254606,42,25,7,5,205,2180,0,6,1,38,12,76,0,0,3,6,4,860,1000,12285,False
312,Anton Forsberg,http://www.tsn.ca/nhl/player-bio/anton-forsberg,24,SWE,1992-11-26,192,75,2,False,False,False,False,False,True,True,False,0,1000000,1000000,0,0,0,0,0,0,0,0,,39,100,0,3,3,3,3,3,3,3,3,3,3,63,63,79,78,65,65,55,65,61,60,30,48,48,62,50,62,24,75464,6,13,1,0,76,796,0,2,1,6,1,21,51,1,1,1,0,0,0,2280,0,0,0,0,0,0,0,0,0,0,0,0,0,0,0,0,0,0,0,0,0,0,False
315,Chris Driedger,http://www.tsn.ca/nhl/player-bio/chris-driedger,8,MB,1994-05-18,205,76,1,False,False,False,False,False,True,True,False,0,700000,0,0,0,0,0,0,0,0,0,,41,100,0,3,2,2,2,2,2,2,2,2,2,63,58,73,84,66,65,57,66,63,62,30,44,44,62,50,62,11,39026,5,2,3,0,24,326,0,4,1,10,4,11,18,0,1,1,1,60,60,1880,0,0,0,0,0,0,0,0,0,0,0,0,0,0,0,0,0,0,0,0,0,0,False
316,Christopher Gibson,http://www.tsn.ca/nhl/player-bio/christopher-gibson,2,FIN,1992-12-27,188,73,1,False,False,False,False,False,True,True,False,0,675000,0,0,0,0,0,0,0,0,0,,0,100,0,3,3,3,3,3,3,3,3,3,3,55,72,90,72,50,57,51,59,51,51,30,45,45,55,50,56,9,30375,3,6,0,0,30,291,0,2,0,3,0,9,10,0,0,0,0,0,0,1040,9,31179,5,4,0,1,27,221,0,0,1,2,0,9,6,0,1,1,0,0,0,900,False
317,Doug Carr,http://www.eliteprospects.com/player.php?player=72881,0,USA,1989-07-01,201,74,0,False,False,False,False,False,True,True,False,0,0,0,0,0,0,0,0,0,0,0,,0,100,0,0,0,0,0,0,0,0,0,0,0,50,50,46,74,50,50,50,50,50,50,50,44,44,1,50,51,0,0,0,0,0,0,0,0,0,0,0,0,0,0,0,0,0,0,0,0,0,0,0,0,0,0,0,0,0,0,0,0,0,0,0,0,0,0,0,0,0,0,0,0,False
318,Eric Comrie,http://www.tsn.ca/nhl/player-bio/eric-comrie,0,AB,1995-07-05,175,73,0,False,False,False,False,False,True,True,False,0,0,0,0,0,0,0,0,0,0,0,,0,100,0,0,0,0,0,0,0,0,0,0,0,63,71,89,65,63,67,53,65,61,59,30,44,44,62,50,61,0,0,0,0,0,0,0,0,0,0,0,0,0,0,0,0,0,0,0,0,0,0,0,0,0,0,0,0,0,0,0,0,0,0,0,0,0,0,0,0,0,0,0,0,False
319,Eric Hartzell,http://www.tsn.ca/nhl/player-bio/eric-hartzell,0,USA,1989-07-01,205,76,0,False,False,False,False,False,True,True,False,0,0,0,0,0,0,0,0,0,0,0,,0,100,0,0,0,0,0,0,0,0,0,0,0,50,50,45,77,50,50,50,50,50,50,50,44,44,1,50,51,0,0,0,0,0,0,0,0,0,0,0,0,0,0,0,0,0,0,0,0,0,0,0,0,0,0,0,0,0,0,0,0,0,0,0,0,0,0,0,0,0,0,0,0,False
320,Frans Tuohimaa,,0,FIN,1991-07-01,191,74,0,False,False,False,False,False,True,True,False,0,0,0,0,0,0,0,0,0,0,0,,0,100,0,0,0,0,0,0,0,0,0,0,0,47,50,65,73,60,46,47,53,52,68,55,60,51,71,50,55,0,0,0,0,0,0,0,0,0,0,0,0,0,0,0,0,0,0,0,0,0,0,0,0,0,0,0,0,0,0,0,0,0,0,0,0,0,0,0,0,0,0,0,0,False
321,Jared Coreau,http://www.tsn.ca/nhl/player-bio/jared-coreau,28,ONT,1991-11-04,235,76,3,False,False,False,False,False,True,True,False,0,700000,700000,700000,0,0,0,0,0,0,0,,0,100,0,3,1,1,1,1,1,1,1,1,1,52,74,93,93,46,55,50,57,50,50,30,45,45,54,50,58,0,0,0,0,0,0,0,0,0,0,0,0,0,0,2,0,0,0,0,0,0,0,3,5361,0,0,0,0,7,70,0,0,0,0,0,0,8,0,0,0,0,0,0,0,False
324,Joel Martin,http://tsn.ca/nhl/teams/players/bio/?id=5562,0,USA,1982-07-01,185,73,0,False,False,False,False,False,True,True,False,0,0,0,0,0,0,0,0,0,0,0,,0,100,0,0,0,0,0,0,0,0,0,0,0,45,50,58,69,60,48,45,46,45,48,55,78,64,5,50,53,0,0,0,0,0,0,0,0,0,0,0,0,0,0,0,0,0,0,0,0,0,0,0,0,0,0,0,0,0,0,0,0,0,0,0,0,0,0,0,0,0,0,0,0,False
327,Laurent Brossoit,http://www.tsn.ca/nhl/player-bio/laurent-brossoit,26,BC,1993-03-22,204,75,1,False,False,False,False,False,True,True,False,0,1250000,0,0,0,0,0,0,0,0,0,,0,97,0,3,3,3,3,3,3,3,3,3,3,78,62,60,81,84,71,70,74,84,78,45,48,48,74,50,71,17,59657,7,8,1,0,49,496,0,0,2,8,3,16,66,0,0,0,1,120,120,1360,0,0,0,0,0,0,0,0,0,0,0,0,0,0,0,0,0,0,0,0,0,0,False
328,Mac Carruth,http://www.tsn.ca/nhl/player-bio/mac-carruth,0,USA,1992-03-25,190,74,0,False,False,False,False,False,True,True,False,0,0,0,0,0,0,0,0,0,0,0,,0,100,0,0,0,0,0,0,0,0,0,0,0,47,51,64,75,45,47,50,53,47,48,30,44,44,49,50,51,0,0,0,0,0,0,0,0,0,0,0,0,0,0,0,0,0,0,0,0,0,0,0,0,0,0,0,0,0,0,0,0,0,0,0,0,0,0,0,0,0,0,0,0,False
329,Malcolm Subban,http://www.tsn.ca/nhl/player-bio/malcolm-subban,14,ONT,1993-12-21,200,74,2,False,False,False,False,False,True,True,False,0,1400000,1400000,0,0,0,0,0,0,0,0,,36,99,0,3,3,3,3,3,3,3,3,3,3,66,53,52,78,72,59,60,68,69,65,95,48,48,64,50,62,19,61164,8,8,0,0,52,552,0,2,1,2,0,16,54,0,2,1,0,0,0,2520,0,0,0,0,0,0,0,0,0,0,0,0,0,0,0,0,0,0,0,0,0,0,False
330,Mark Guggenberger,,0,USA,1989-07-01,208,75,0,False,False,False,False,False,True,True,False,0,0,0,0,0,0,0,0,0,0,0,,0,100,0,0,0,0,0,0,0,0,0,0,0,45,50,64,77,60,47,47,53,50,47,55,64,58,55,50,55,0,0,0,0,0,0,0,0,0,0,0,0,0,0,0,0,0,0,0,0,0,0,0,0,0,0,0,0,0,0,0,0,0,0,0,0,0,0,0,0,0,0,0,0,False
331,Mathias Niederberger,,0,DEU,1992-07-01,170,71,0,False,False,False,False,False,True,True,False,0,0,0,0,0,0,0,0,0,0,0,,0,100,0,0,0,0,0,0,0,0,0,0,0,45,50,56,61,60,50,45,46,45,49,55,58,52,79,50,51,0,0,0,0,0,0,0,0,0,0,0,0,0,0,0,0,0,0,0,0,0,0,0,0,0,0,0,0,0,0,0,0,0,0,0,0,0,0,0,0,0,0,0,0,False
333,Matt Murray,https://www.tsn.ca/nhl/player-bio/matt-murray,2,AB,1994-05-24,178,76,2,False,False,False,False,False,True,True,False,0,3750000,3750000,0,0,0,0,0,0,0,0,,2,97,0,3,3,3,3,3,3,3,3,3,3,86,79,76,74,90,82,66,86,87,86,87,56,56,82,50,77,56,182079,22,22,5,2,137,1643,0,2,0,8,4,47,35,3,6,2,3,140,380,8120,0,0,0,0,0,0,0,0,0,0,0,0,0,0,0,0,0,0,0,0,0,0,False
334,Michael Houser,http://www.tsn.ca/nhl/player-bio/michael-houser,0,USA,1992-07-01,185,73,0,False,False,False,False,False,True,True,False,0,0,0,0,0,0,0,0,0,0,0,,0,100,0,0,0,0,0,0,0,0,0,0,0,55,70,47,68,47,53,63,65,53,55,55,44,44,1,50,55,0,0,0,0,0,0,0,0,0,0,0,0,0,0,0,0,0,0,0,0,0,0,0,0,0,0,0,0,0,0,0,0,0,0,0,0,0,0,0,0,0,0,0,0,False
335,Parker Milner,https://www.tsn.ca/nhl/player-bio/parker-milner,0,USA,1990-09-05,188,73,0,False,False,False,False,False,True,True,False,0,0,0,0,0,0,0,0,0,0,0,,0,100,0,0,0,0,0,0,0,0,0,0,0,65,54,68,72,70,66,63,70,67,66,30,44,44,65,50,63,0,0,0,0,0,0,0,0,0,0,0,0,0,0,0,0,0,0,0,0,0,0,0,0,0,0,0,0,0,0,0,0,0,0,0,0,0,0,0,0,0,0,0,0,False
336,Patrik Bartosak,,0,CZE,1993-07-01,193,73,0,False,False,False,False,False,True,True,False,0,0,0,0,0,0,0,0,0,0,0,,0,100,0,0,0,0,0,0,0,0,0,0,0,50,51,59,69,63,63,58,59,58,58,55,56,40,87,50,58,0,0,0,0,0,0,0,0,0,0,0,0,0,0,0,0,0,0,0,0,0,0,0,0,0,0,0,0,0,0,0,0,0,0,0,0,0,0,0,0,0,0,0,0,False
337,Philippe Trudeau,http://tsn.ca/nhl/teams/players/bio/?id=9545,0,CAN,1993-07-01,215,78,0,True,False,False,False,False,True,True,False,0,0,0,0,0,0,0,0,0,0,0,,0,100,0,0,0,0,0,0,0,0,0,0,0,45,50,66,89,60,45,45,45,45,47,55,54,39,95,50,53,0,0,0,0,0,0,0,0,0,0,0,0,0,0,0,0,0,0,0,0,0,0,0,0,0,0,0,0,0,0,0,0,0,0,0,0,0,0,0,0,0,0,0,0,False
339,Troy Grosenick,http://www.tsn.ca/nhl/player-bio/troy-grosenick,15,USA,1989-08-27,185,73,3,False,False,False,False,True,True,True,False,0,950000,950000,950000,0,0,0,0,0,0,0,,0,98,0,3,3,3,3,3,3,3,3,3,3,64,65,81,70,65,66,61,69,64,63,30,44,44,64,50,63,41,134567,14,16,7,1,111,1299,0,4,0,20,6,36,46,1,4,4,2,360,460,7435,0,0,0,0,0,0,0,0,0,0,0,0,0,0,0,0,0,0,0,0,0,0,False
340,Vitek Vanecek,http://www.tsn.ca/nhl/player-bio/vitek-vanecek,2,CZE,1996-01-08,180,73,1,False,False,False,False,False,True,True,False,0,925000,0,0,0,0,0,0,0,0,0,,0,100,0,1,1,1,1,1,1,1,1,1,1,57,63,79,68,55,59,55,62,57,57,30,44,44,58,50,58,2,7190,0,2,0,0,8,64,0,0,0,0,0,2,0,1,0,0,0,0,0,0,73,260093,40,31,2,8,181,2160,0,8,3,10,0,73,6,0,4,10,7,550,750,13515,False
341,Anthony Stolarz,https://www.tsn.ca/nhl/player-bio/anthony-stolarz,10,USA,1994-01-20,210,78,1,False,False,False,False,False,True,True,False,0,1000000,0,0,0,0,0,0,0,0,0,,0,100,0,2,2,2,2,2,2,2,2,2,2,63,48,48,88,71,56,48,61,67,63,45,45,45,60,50,60,0,0,0,0,0,0,0,0,0,0,0,0,0,0,3,0,0,0,0,0,0,0,0,0,0,0,0,0,0,0,0,0,0,0,0,0,0,0,0,0,0,0,0,0,False
355,C.J. Motte,https://www.eliteprospects.com/player/39407/c.j.-motte,0,USA,1991-12-10,175,72,0,False,False,False,False,False,True,True,False,0,0,0,0,0,0,0,0,0,0,0,,0,100,0,0,0,0,0,0,0,0,0,0,0,50,52,65,63,48,49,55,58,51,52,30,44,44,52,50,53,0,0,0,0,0,0,0,0,0,0,0,0,0,0,0,0,0,0,0,0,0,0,0,0,0,0,0,0,0,0,0,0,0,0,0,0,0,0,0,0,0,0,0,0,False
356,Connor Hellebuyck,http://www.tsn.ca/nhl/player-bio/connor-hellebuyck,27,USA,1993-05-18,207,76,1,False,False,False,False,False,True,True,False,0,925000,0,0,0,0,0,0,0,0,0,,0,100,0,2,2,2,2,2,2,2,2,2,2,82,95,90,84,80,84,61,84,83,82,94,63,63,81,50,77,65,225012,35,23,6,3,169,1939,0,6,3,48,11,63,16,0,9,4,4,0,380,11155,0,0,0,0,0,0,0,0,0,0,0,0,0,0,0,0,0,0,0,0,0,0,False
358,J.P. Anderson,,0,CAN,1992-07-01,185,71,0,False,False,False,False,False,True,True,False,0,0,0,0,0,0,0,0,0,0,0,,0,100,0,0,0,0,0,0,0,0,0,0,0,45,50,57,61,60,52,46,47,47,51,55,58,42,79,50,51,0,0,0,0,0,0,0,0,0,0,0,0,0,0,0,0,0,0,0,0,0,0,0,0,0,0,0,0,0,0,0,0,0,0,0,0,0,0,0,0,0,0,0,0,False
360,Joonas Korpisalo,https://www.tsn.ca/nhl/player-bio/joonas-korpisalo,3,FIN,1994-04-27,182,75,1,False,False,False,False,False,True,True,False,0,1150000,0,0,0,0,0,0,0,0,0,,10,96,0,2,2,2,2,2,2,2,2,2,2,61,56,56,74,66,56,60,64,63,61,93,55,55,61,50,61,15,35100,4,5,0,0,28,319,0,0,0,4,1,9,58,2,1,1,0,480,480,1160,0,0,0,0,0,0,0,0,0,0,0,0,0,0,0,0,0,0,0,0,0,0,False
361,Martin Ouellette,https://www.tsn.ca/nhl/player-bio/martin-ouellette,8,QUE,1991-12-29,160,73,3,True,False,False,False,False,True,True,False,0,625000,625000,625000,0,0,0,0,0,0,0,,41,95,0,2,2,2,2,2,2,2,2,2,2,67,54,68,61,70,66,72,76,71,71,30,44,44,68,50,64,14,37435,1,5,3,0,30,302,0,0,0,0,0,10,54,0,0,0,0,0,0,200,0,0,0,0,0,0,0,0,0,0,0,0,0,0,0,0,0,0,0,0,0,0,False
363,Niklas Lundstrom,http://www.tsn.ca/nhl/player-bio/niklas-lundstrom,0,SWE,1993-07-01,194,73,0,True,False,False,False,False,True,True,False,0,0,0,0,0,0,0,0,0,0,0,,0,100,0,0,0,0,0,0,0,0,0,0,0,50,75,49,70,45,53,38,50,42,41,45,44,44,1,50,49,0,0,0,0,0,0,0,0,0,0,0,0,0,0,0,0,0,0,0,0,0,0,0,0,0,0,0,0,0,0,0,0,0,0,0,0,0,0,0,0,0,0,0,0,False
364,Oscar Dansk,https://www.tsn.ca/nhl/player-bio/oscar-dansk,5,SWE,1994-02-28,195,75,2,False,False,False,False,False,True,True,False,0,925000,925000,0,0,0,0,0,0,0,0,,0,100,0,1,1,1,1,1,1,1,1,1,1,60,61,76,79,60,62,59,66,62,61,30,44,44,61,50,61,0,0,0,0,0,0,0,0,0,0,0,0,0,0,0,0,0,0,0,0,0,0,82,293395,72,7,2,17,129,1318,0,2,6,14,4,82,0,0,2,0,1,160,360,9060,False
365,Pheonix Copley,http://www.tsn.ca/nhl/player-bio/pheonix-copley,17,USA,1992-01-18,200,76,3,False,False,False,False,False,True,True,False,0,1250000,1250000,1250000,0,0,0,0,0,0,0,,15,95,0,3,3,3,3,3,3,3,3,3,3,69,64,61,83,72,66,61,68,75,69,61,46,46,68,50,66,24,77750,11,5,5,0,58,708,0,0,1,15,9,20,52,0,1,5,1,460,460,3880,0,0,0,0,0,0,0,0,0,0,0,0,0,0,0,0,0,0,0,0,0,0,False
366,Rasmus Tirronen,http://www.tsn.ca/nhl/player-bio/rasmus-tirronen,0,FIN,1990-07-01,200,75,0,False,False,False,False,False,True,True,False,0,0,0,0,0,0,0,0,0,0,0,,0,100,0,0,0,0,0,0,0,0,0,0,0,53,75,50,75,47,54,47,56,47,47,50,44,44,1,50,53,0,0,0,0,0,0,0,0,0,0,0,0,0,0,0,0,0,0,0,0,0,0,0,0,0,0,0,0,0,0,0,0,0,0,0,0,0,0,0,0,0,0,0,0,False
368,Roman Will,http://www.tsn.ca/nhl/player-bio/roman-will,0,CZE,1992-07-01,195,73,0,False,False,False,False,False,True,True,False,0,0,0,0,0,0,0,0,0,0,0,,0,100,0,0,0,0,0,0,0,0,0,0,0,53,80,59,71,49,57,39,53,45,44,49,44,44,1,50,52,0,0,0,0,0,0,0,0,0,0,0,0,0,0,0,0,0,0,0,0,0,0,0,0,0,0,0,0,0,0,0,0,0,0,0,0,0,0,0,0,0,0,0,0,False
369,Ryan Faragher,https://www.tsn.ca/nhl/player-bio/ryan-faragher,17,ONT,1990-07-03,202,74,1,False,False,False,False,False,True,True,False,0,650000,0,0,0,0,0,0,0,0,0,,0,100,0,1,1,1,1,1,1,1,1,1,1,44,42,53,78,43,43,50,51,46,47,30,44,44,46,50,49,0,0,0,0,0,0,0,0,0,0,0,0,0,0,10,0,0,0,0,0,0,0,0,0,0,0,0,0,0,0,0,0,0,0,0,0,0,0,0,0,0,0,0,0,False
370,Sam Brittain,http://www.tsn.ca/nhl/player-bio/sam-brittain,0,AB,1992-05-10,229,75,0,False,False,False,False,False,True,True,False,0,0,0,0,0,0,0,0,0,0,0,,0,100,0,0,0,0,0,0,0,0,0,0,0,55,50,63,89,55,54,60,63,57,58,30,44,44,57,50,58,0,0,0,0,0,0,0,0,0,0,0,0,0,0,0,0,0,0,0,0,0,0,0,0,0,0,0,0,0,0,0,0,0,0,0,0,0,0,0,0,0,0,0,0,False
371,Sam Marotta,,0,CAN,1990-07-01,200,76,0,False,False,False,False,False,True,True,False,0,0,0,0,0,0,0,0,0,0,0,,0,100,0,0,0,0,0,0,0,0,0,0,0,45,50,65,81,60,45,45,46,45,47,55,62,57,63,50,53,0,0,0,0,0,0,0,0,0,0,0,0,0,0,0,0,0,0,0,0,0,0,0,0,0,0,0,0,0,0,0,0,0,0,0,0,0,0,0,0,0,0,0,0,False
372,Sami Aittokallio,,0,FIN,1992-07-01,180,73,0,False,False,False,False,False,True,True,False,0,0,0,0,0,0,0,0,0,0,0,,0,100,0,0,0,0,0,0,0,0,0,0,0,45,52,65,69,60,47,49,52,52,61,55,58,48,79,50,55,0,0,0,0,0,0,0,0,0,0,0,0,0,0,0,0,0,0,0,0,0,0,0,0,0,0,0,0,0,0,0,0,0,0,0,0,0,0,0,0,0,0,0,0,False
374,Stephon Williams,https://www.tsn.ca/nhl/player-bio/stephon-williams,0,USA,1993-04-28,196,75,0,False,False,False,False,False,True,True,False,0,0,0,0,0,0,0,0,0,0,0,,0,100,0,0,0,0,0,0,0,0,0,0,0,48,47,59,75,48,48,50,54,49,49,30,44,44,49,50,52,0,0,0,0,0,0,0,0,0,0,0,0,0,0,0,0,0,0,0,0,0,0,0,0,0,0,0,0,0,0,0,0,0,0,0,0,0,0,0,0,0,0,0,0,False
375,Travis Fullerton,,0,CAN,1987-07-01,180,73,0,False,False,False,False,False,True,True,False,0,0,0,0,0,0,0,0,0,0,0,,0,100,0,0,0,0,0,0,0,0,0,0,0,45,50,65,69,60,45,45,48,47,47,55,68,62,39,50,53,0,0,0,0,0,0,0,0,0,0,0,0,0,0,0,0,0,0,0,0,0,0,0,0,0,0,0,0,0,0,0,0,0,0,0,0,0,0,0,0,0,0,0,0,False
