Game Number,Day,Play,Visitor Team,Visitor Score,Home Team,Home Score,Overtime,Shutout,Link,Empty
1,1,True,28,2,13,6,False,False,OTHL-PRE-1.html,
2,1,True,2,2,10,3,False,False,OTHL-PRE-2.html,
3,1,True,19,2,27,4,False,False,OTHL-PRE-3.html,
4,1,True,11,1,21,0,False,False,OTHL-PRE-4.html,
5,1,True,23,5,1,2,False,False,OTHL-PRE-5.html,
6,1,True,6,3,3,4,True,True,OTHL-PRE-6.html,
7,1,True,24,4,22,5,False,False,OTHL-PRE-7.html,
8,1,True,4,2,16,0,False,False,OTHL-PRE-8.html,
9,1,True,12,2,26,4,False,False,OTHL-PRE-9.html,
10,1,True,29,5,25,3,False,False,OTHL-PRE-10.html,
11,1,True,5,3,14,2,False,False,OTHL-PRE-11.html,
12,1,True,9,2,30,5,False,False,OTHL-PRE-12.html,
13,1,True,20,3,18,2,False,False,OTHL-PRE-13.html,
14,2,True,1,1,8,3,False,False,OTHL-PRE-14.html,
15,2,True,26,4,17,5,False,False,OTHL-PRE-15.html,
16,2,True,14,3,7,6,False,False,OTHL-PRE-16.html,
17,2,True,31,2,15,0,False,False,OTHL-PRE-17.html,
18,2,True,24,4,28,3,False,False,OTHL-PRE-18.html,
19,2,True,4,4,6,0,False,False,OTHL-PRE-19.html,
20,2,True,12,4,5,3,False,False,OTHL-PRE-20.html,
21,2,True,10,5,2,4,True,True,OTHL-PRE-21.html,
22,2,True,9,3,20,4,True,False,OTHL-PRE-22.html,
23,2,True,25,0,23,2,False,False,OTHL-PRE-23.html,
24,2,True,22,1,11,5,False,False,OTHL-PRE-24.html,
25,3,True,17,6,29,2,False,False,OTHL-PRE-25.html,
26,3,True,30,3,19,1,False,False,OTHL-PRE-26.html,
27,3,True,23,1,31,2,False,False,OTHL-PRE-27.html,
28,3,True,15,1,12,5,False,False,OTHL-PRE-28.html,
29,3,True,16,2,4,4,False,False,OTHL-PRE-29.html,
30,3,True,18,2,9,3,False,False,OTHL-PRE-30.html,
31,3,True,27,3,24,2,True,True,OTHL-PRE-31.html,
32,3,True,21,4,13,2,False,False,OTHL-PRE-32.html,
33,3,True,11,3,3,2,False,False,OTHL-PRE-33.html,
34,3,True,8,1,7,2,False,False,OTHL-PRE-34.html,
35,4,True,22,3,21,2,True,True,OTHL-PRE-35.html,
36,4,True,20,3,19,5,False,False,OTHL-PRE-36.html,
37,4,True,1,2,29,4,False,False,OTHL-PRE-37.html,
38,4,True,8,3,5,5,False,False,OTHL-PRE-38.html,
39,4,True,2,3,26,2,False,False,OTHL-PRE-39.html,
40,4,True,3,1,27,4,False,False,OTHL-PRE-40.html,
41,4,True,30,3,16,2,False,False,OTHL-PRE-41.html,
42,4,True,10,4,14,1,False,False,OTHL-PRE-42.html,
43,4,True,18,1,28,3,False,False,OTHL-PRE-43.html,
44,4,True,13,2,6,5,False,False,OTHL-PRE-44.html,
45,4,True,7,3,25,2,False,False,OTHL-PRE-45.html,
46,4,True,17,5,15,2,False,False,OTHL-PRE-46.html,
47,4,True,23,3,31,2,True,True,OTHL-PRE-47.html,
48,5,True,22,4,9,1,False,False,OTHL-PRE-48.html,
49,5,True,16,3,24,1,False,False,OTHL-PRE-49.html,
50,5,True,18,3,11,4,False,False,OTHL-PRE-50.html,
51,5,True,28,3,20,5,False,False,OTHL-PRE-51.html,
52,5,True,10,0,1,2,False,False,OTHL-PRE-52.html,
53,5,True,19,3,4,5,False,False,OTHL-PRE-53.html,
54,5,True,15,2,2,5,False,False,OTHL-PRE-54.html,
55,5,True,31,1,12,5,False,False,OTHL-PRE-55.html,
56,5,True,6,4,30,5,True,False,OTHL-PRE-56.html,
57,5,True,25,3,17,2,False,False,OTHL-PRE-57.html,
58,5,True,5,4,8,3,True,True,OTHL-PRE-58.html,
59,6,True,27,3,18,1,False,False,OTHL-PRE-59.html,
60,6,True,29,3,10,2,True,True,OTHL-PRE-60.html,
61,6,True,21,5,22,3,False,False,OTHL-PRE-61.html,
62,6,True,14,2,23,4,False,False,OTHL-PRE-62.html,
63,6,True,3,1,13,2,True,False,OTHL-PRE-63.html,
64,6,True,7,4,26,2,False,False,OTHL-PRE-64.html,
65,7,True,9,3,28,2,True,False,OTHL-PRE-65.html,
66,7,True,24,4,6,1,False,False,OTHL-PRE-66.html,
67,7,True,25,5,29,6,True,False,OTHL-PRE-67.html,
68,7,True,20,6,21,4,False,False,OTHL-PRE-68.html,
69,7,True,12,5,14,3,False,False,OTHL-PRE-69.html,
70,7,True,26,4,1,2,False,False,OTHL-PRE-70.html,
71,7,True,16,3,19,4,False,False,OTHL-PRE-71.html,
72,7,True,27,3,4,1,False,False,OTHL-PRE-72.html,
73,7,True,30,5,3,2,False,False,OTHL-PRE-73.html,
74,7,True,5,2,2,1,True,True,OTHL-PRE-74.html,
75,7,True,13,4,11,3,True,False,OTHL-PRE-75.html,
76,7,True,17,2,7,3,True,False,OTHL-PRE-76.html,
77,7,True,31,3,8,1,False,False,OTHL-PRE-77.html,
78,8,True,7,5,15,3,False,False,OTHL-PRE-78.html,
79,8,True,21,1,20,3,False,False,OTHL-PRE-79.html,
80,8,True,26,1,5,3,False,False,OTHL-PRE-80.html,
81,8,True,28,4,16,6,False,False,OTHL-PRE-81.html,
82,8,True,27,5,22,3,False,False,OTHL-PRE-82.html,
83,8,True,18,2,24,4,False,False,OTHL-PRE-83.html,
84,8,True,1,5,10,3,False,False,OTHL-PRE-84.html,
85,8,True,25,1,23,3,False,False,OTHL-PRE-85.html,
86,8,True,4,3,9,2,True,False,OTHL-PRE-86.html,
87,8,True,2,4,12,3,True,True,OTHL-PRE-87.html,
88,8,True,13,3,30,1,False,False,OTHL-PRE-88.html,
89,8,True,29,4,31,3,True,True,OTHL-PRE-89.html,
90,8,True,14,3,17,4,True,True,OTHL-PRE-90.html,
91,8,True,6,4,19,3,False,False,OTHL-PRE-91.html,
92,9,True,3,6,18,1,False,False,OTHL-PRE-92.html,
93,9,True,11,2,27,1,False,False,OTHL-PRE-93.html,
94,9,True,15,1,25,2,True,True,OTHL-PRE-94.html,
95,9,True,12,5,8,2,False,False,OTHL-PRE-95.html,
96,10,True,3,2,28,3,True,False,OTHL-PRE-96.html,
97,10,True,21,3,16,5,False,False,OTHL-PRE-97.html,
98,10,True,9,3,6,1,False,False,OTHL-PRE-98.html,
99,10,True,19,3,22,2,False,False,OTHL-PRE-99.html,
100,10,True,1,3,23,5,False,False,OTHL-PRE-100.html,
101,10,True,2,3,5,2,True,True,OTHL-PRE-101.html,
102,10,True,14,5,29,4,True,False,OTHL-PRE-102.html,
103,10,True,24,2,13,4,False,False,OTHL-PRE-103.html,
104,10,True,20,2,4,4,False,False,OTHL-PRE-104.html,
105,10,True,26,3,10,1,False,False,OTHL-PRE-105.html,
106,10,True,11,3,30,2,True,True,OTHL-PRE-106.html,
107,11,True,15,0,7,2,False,False,OTHL-PRE-107.html,
108,11,True,8,2,17,4,False,False,OTHL-PRE-108.html,
109,11,True,12,1,31,3,False,False,OTHL-PRE-109.html,
110,11,True,28,0,9,3,False,False,OTHL-PRE-110.html,
111,11,True,13,4,3,3,False,False,OTHL-PRE-111.html,
112,11,True,29,5,14,3,False,False,OTHL-PRE-112.html,
113,11,True,25,2,1,5,False,False,OTHL-PRE-113.html,
114,11,True,4,5,24,0,False,False,OTHL-PRE-114.html,
115,11,True,22,2,20,1,False,False,OTHL-PRE-115.html,
116,11,True,30,7,18,2,False,False,OTHL-PRE-116.html,
117,11,True,5,3,26,4,False,False,OTHL-PRE-117.html,
118,11,True,23,4,2,2,False,False,OTHL-PRE-118.html,
119,11,True,19,3,11,5,False,False,OTHL-PRE-119.html,
120,11,True,16,2,21,3,True,True,OTHL-PRE-120.html,
121,12,True,6,2,27,3,False,False,OTHL-PRE-121.html,
122,12,True,10,5,15,3,False,False,OTHL-PRE-122.html,
123,12,True,7,5,12,4,False,False,OTHL-PRE-123.html,
124,12,True,8,6,25,0,False,False,OTHL-PRE-124.html,
125,12,True,31,3,17,4,False,False,OTHL-PRE-125.html,
126,13,True,21,7,18,3,False,False,OTHL-PRE-126.html,
127,13,True,30,6,6,1,False,False,OTHL-PRE-127.html,
128,13,True,10,1,1,3,False,False,OTHL-PRE-128.html,
129,13,True,26,1,2,4,False,False,OTHL-PRE-129.html,
130,13,True,22,1,4,2,False,False,OTHL-PRE-130.html,
131,13,True,23,2,29,3,True,True,OTHL-PRE-131.html,
132,13,True,14,4,5,2,False,False,OTHL-PRE-132.html,
133,13,True,20,3,24,0,False,False,OTHL-PRE-133.html,
134,13,True,9,2,11,3,True,True,OTHL-PRE-134.html,
135,13,True,19,3,16,5,False,False,OTHL-PRE-135.html,
136,13,True,28,0,27,4,False,False,OTHL-PRE-136.html,
137,14,True,14,0,15,2,False,False,OTHL-PRE-137.html,
138,14,True,2,6,31,2,False,False,OTHL-PRE-138.html,
139,14,True,4,1,3,4,False,False,OTHL-PRE-139.html,
140,14,True,5,5,7,3,False,False,OTHL-PRE-140.html,
141,14,True,9,1,13,2,True,True,OTHL-PRE-141.html,
142,14,True,17,1,8,4,False,False,OTHL-PRE-142.html,
143,14,True,6,0,22,4,False,False,OTHL-PRE-143.html,
144,14,True,26,0,23,3,False,False,OTHL-PRE-144.html,
145,14,True,12,1,25,4,False,False,OTHL-PRE-145.html,
146,14,True,30,4,28,3,False,False,OTHL-PRE-146.html,
147,14,True,19,2,20,4,False,False,OTHL-PRE-147.html,
148,14,True,27,3,21,2,True,True,OTHL-PRE-148.html,
149,15,True,7,2,10,1,False,False,OTHL-PRE-149.html,
150,15,True,24,2,19,0,False,False,OTHL-PRE-150.html,
151,15,True,20,1,9,3,False,False,OTHL-PRE-151.html,
152,15,True,22,2,30,5,False,False,OTHL-PRE-152.html,
153,15,True,25,1,26,3,False,False,OTHL-PRE-153.html,
154,15,True,31,1,12,3,False,False,OTHL-PRE-154.html,
155,15,True,17,3,14,4,True,False,OTHL-PRE-155.html,
156,15,True,1,3,15,1,False,False,OTHL-PRE-156.html,
157,15,True,2,2,8,3,False,False,OTHL-PRE-157.html,
158,15,True,11,4,18,0,False,False,OTHL-PRE-158.html,
159,16,True,27,3,3,5,False,False,OTHL-PRE-159.html,
160,16,True,5,3,29,2,False,False,OTHL-PRE-160.html,
161,16,True,6,1,13,3,False,False,OTHL-PRE-161.html,
162,16,True,20,5,16,4,True,True,OTHL-PRE-162.html,
163,16,True,15,1,23,6,False,False,OTHL-PRE-163.html,
164,16,True,28,3,4,4,True,True,OTHL-PRE-164.html,
165,16,True,24,3,21,4,True,False,OTHL-PRE-165.html,
166,16,True,7,2,1,3,True,False,OTHL-PRE-166.html,
167,16,True,30,3,11,2,True,True,OTHL-PRE-167.html,
168,16,True,8,3,10,5,False,False,OTHL-PRE-168.html,
169,16,True,26,2,17,5,False,False,OTHL-PRE-169.html,
170,16,True,25,3,31,4,True,False,OTHL-PRE-170.html,
171,16,True,19,2,9,4,False,False,OTHL-PRE-171.html,
172,17,False,14,0,2,0,False,False,OTHL-PRE-172.html,
173,17,False,5,0,12,0,False,False,OTHL-PRE-173.html,
174,17,False,18,0,22,0,False,False,OTHL-PRE-174.html,
175,17,False,21,0,6,0,False,False,OTHL-PRE-175.html,
176,17,False,16,0,27,0,False,False,OTHL-PRE-176.html,
177,17,False,13,0,28,0,False,False,OTHL-PRE-177.html,
178,17,False,3,0,24,0,False,False,OTHL-PRE-178.html,
179,17,False,29,0,7,0,False,False,OTHL-PRE-179.html,
180,18,False,15,0,14,0,False,False,OTHL-PRE-180.html,
181,18,False,18,0,19,0,False,False,OTHL-PRE-181.html,
182,18,False,11,0,20,0,False,False,OTHL-PRE-182.html,
183,18,False,4,0,30,0,False,False,OTHL-PRE-183.html,
184,18,False,1,0,26,0,False,False,OTHL-PRE-184.html,
185,18,False,31,0,25,0,False,False,OTHL-PRE-185.html,
186,18,False,10,0,5,0,False,False,OTHL-PRE-186.html,
187,18,False,2,0,23,0,False,False,OTHL-PRE-187.html,
188,18,False,29,0,8,0,False,False,OTHL-PRE-188.html,
189,18,False,12,0,17,0,False,False,OTHL-PRE-189.html,
190,18,False,22,0,16,0,False,False,OTHL-PRE-190.html,
191,19,False,27,0,13,0,False,False,OTHL-PRE-191.html,
192,19,False,21,0,3,0,False,False,OTHL-PRE-192.html,
193,19,False,6,0,9,0,False,False,OTHL-PRE-193.html,
194,19,False,22,0,28,0,False,False,OTHL-PRE-194.html,
195,19,False,24,0,18,0,False,False,OTHL-PRE-195.html,
196,19,False,2,0,10,0,False,False,OTHL-PRE-196.html,
197,19,False,14,0,1,0,False,False,OTHL-PRE-197.html,
198,19,False,23,0,15,0,False,False,OTHL-PRE-198.html,
199,19,False,30,0,4,0,False,False,OTHL-PRE-199.html,
200,19,False,12,0,7,0,False,False,OTHL-PRE-200.html,
201,19,False,17,0,31,0,False,False,OTHL-PRE-201.html,
202,19,False,20,0,11,0,False,False,OTHL-PRE-202.html,
203,19,False,8,0,29,0,False,False,OTHL-PRE-203.html,
204,20,False,31,0,26,0,False,False,OTHL-PRE-204.html,
205,20,False,9,0,19,0,False,False,OTHL-PRE-205.html,
206,20,False,5,0,25,0,False,False,OTHL-PRE-206.html,
207,20,False,28,0,6,0,False,False,OTHL-PRE-207.html,
208,20,False,13,0,21,0,False,False,OTHL-PRE-208.html,
209,20,False,4,0,27,0,False,False,OTHL-PRE-209.html,
210,20,False,22,0,24,0,False,False,OTHL-PRE-210.html,
211,20,False,3,0,20,0,False,False,OTHL-PRE-211.html,
212,20,False,10,0,12,0,False,False,OTHL-PRE-212.html,
213,20,False,15,0,2,0,False,False,OTHL-PRE-213.html,
214,20,False,8,0,14,0,False,False,OTHL-PRE-214.html,
215,20,False,16,0,30,0,False,False,OTHL-PRE-215.html,
216,20,False,17,0,23,0,False,False,OTHL-PRE-216.html,
217,21,False,25,0,5,0,False,False,OTHL-PRE-217.html,
218,21,False,11,0,22,0,False,False,OTHL-PRE-218.html,
219,21,False,29,0,1,0,False,False,OTHL-PRE-219.html,
220,21,False,19,0,18,0,False,False,OTHL-PRE-220.html,
221,21,False,26,0,7,0,False,False,OTHL-PRE-221.html,
222,21,False,28,0,3,0,False,False,OTHL-PRE-222.html,
223,21,False,16,0,13,0,False,False,OTHL-PRE-223.html,
224,21,False,21,0,27,0,False,False,OTHL-PRE-224.html,
225,21,False,20,0,6,0,False,False,OTHL-PRE-225.html,
226,21,False,30,0,9,0,False,False,OTHL-PRE-226.html,
227,22,False,11,0,24,0,False,False,OTHL-PRE-227.html,
228,22,False,12,0,10,0,False,False,OTHL-PRE-228.html,
229,22,False,18,0,4,0,False,False,OTHL-PRE-229.html,
230,22,False,15,0,17,0,False,False,OTHL-PRE-230.html,
231,22,False,14,0,8,0,False,False,OTHL-PRE-231.html,
232,22,False,26,0,31,0,False,False,OTHL-PRE-232.html,
233,22,False,7,0,29,0,False,False,OTHL-PRE-233.html,
234,22,False,6,0,16,0,False,False,OTHL-PRE-234.html,
235,22,False,3,0,19,0,False,False,OTHL-PRE-235.html,
236,22,False,1,0,2,0,False,False,OTHL-PRE-236.html,
237,22,False,23,0,25,0,False,False,OTHL-PRE-237.html,
238,23,False,27,0,28,0,False,False,OTHL-PRE-238.html,
239,23,False,8,0,5,0,False,False,OTHL-PRE-239.html,
240,23,False,9,0,21,0,False,False,OTHL-PRE-240.html,
241,23,False,24,0,11,0,False,False,OTHL-PRE-241.html,
242,23,False,2,0,15,0,False,False,OTHL-PRE-242.html,
243,23,False,12,0,26,0,False,False,OTHL-PRE-243.html,
244,23,False,1,0,14,0,False,False,OTHL-PRE-244.html,
245,23,False,13,0,20,0,False,False,OTHL-PRE-245.html,
246,23,False,4,0,22,0,False,False,OTHL-PRE-246.html,
247,23,False,19,0,30,0,False,False,OTHL-PRE-247.html,
248,23,False,16,0,18,0,False,False,OTHL-PRE-248.html,
249,23,False,10,0,31,0,False,False,OTHL-PRE-249.html,
250,23,False,7,0,23,0,False,False,OTHL-PRE-250.html,
251,23,False,29,0,17,0,False,False,OTHL-PRE-251.html,
252,24,False,25,0,12,0,False,False,OTHL-PRE-252.html,
253,24,False,9,0,3,0,False,False,OTHL-PRE-253.html,
254,24,False,20,0,13,0,False,False,OTHL-PRE-254.html,
255,24,False,24,0,27,0,False,False,OTHL-PRE-255.html,
256,24,False,28,0,21,0,False,False,OTHL-PRE-256.html,
257,24,False,31,0,5,0,False,False,OTHL-PRE-257.html,
258,24,False,18,0,6,0,False,False,OTHL-PRE-258.html,
259,24,False,1,0,8,0,False,False,OTHL-PRE-259.html,
260,24,False,4,0,11,0,False,False,OTHL-PRE-260.html,
261,24,False,10,0,7,0,False,False,OTHL-PRE-261.html,
262,24,False,26,0,15,0,False,False,OTHL-PRE-262.html,
263,24,False,17,0,29,0,False,False,OTHL-PRE-263.html,
264,25,False,27,0,16,0,False,False,OTHL-PRE-264.html,
265,25,False,22,0,19,0,False,False,OTHL-PRE-265.html,
266,25,False,25,0,2,0,False,False,OTHL-PRE-266.html,
267,25,False,23,0,14,0,False,False,OTHL-PRE-267.html,
268,25,False,28,0,30,0,False,False,OTHL-PRE-268.html,
269,25,False,21,0,9,0,False,False,OTHL-PRE-269.html,
270,25,False,5,0,1,0,False,False,OTHL-PRE-270.html,
271,25,False,13,0,24,0,False,False,OTHL-PRE-271.html,
272,25,False,6,0,4,0,False,False,OTHL-PRE-272.html,
273,25,False,15,0,10,0,False,False,OTHL-PRE-273.html,
274,26,False,3,0,22,0,False,False,OTHL-PRE-274.html,
275,26,False,30,0,20,0,False,False,OTHL-PRE-275.html,
276,26,False,2,0,25,0,False,False,OTHL-PRE-276.html,
277,26,False,8,0,12,0,False,False,OTHL-PRE-277.html,
278,26,False,14,0,26,0,False,False,OTHL-PRE-278.html,
279,26,False,19,0,28,0,False,False,OTHL-PRE-279.html,
280,26,False,7,0,31,0,False,False,OTHL-PRE-280.html,
281,26,False,5,0,23,0,False,False,OTHL-PRE-281.html,
282,26,False,10,0,17,0,False,False,OTHL-PRE-282.html,
283,26,False,6,0,11,0,False,False,OTHL-PRE-283.html,
284,26,False,13,0,18,0,False,False,OTHL-PRE-284.html,
285,27,False,16,0,3,0,False,False,OTHL-PRE-285.html,
286,27,False,2,0,29,0,False,False,OTHL-PRE-286.html,
287,27,False,30,0,21,0,False,False,OTHL-PRE-287.html,
288,27,False,27,0,9,0,False,False,OTHL-PRE-288.html,
289,27,False,25,0,8,0,False,False,OTHL-PRE-289.html,
290,27,False,31,0,1,0,False,False,OTHL-PRE-290.html,
291,27,False,11,0,4,0,False,False,OTHL-PRE-291.html,
292,27,False,23,0,7,0,False,False,OTHL-PRE-292.html,
293,27,False,12,0,15,0,False,False,OTHL-PRE-293.html,
294,27,False,19,0,24,0,False,False,OTHL-PRE-294.html,
295,28,False,22,0,13,0,False,False,OTHL-PRE-295.html,
296,28,False,18,0,16,0,False,False,OTHL-PRE-296.html,
297,28,False,6,0,28,0,False,False,OTHL-PRE-297.html,
298,28,False,26,0,14,0,False,False,OTHL-PRE-298.html,
299,28,False,27,0,20,0,False,False,OTHL-PRE-299.html,
300,28,False,17,0,5,0,False,False,OTHL-PRE-300.html,
301,28,False,25,0,10,0,False,False,OTHL-PRE-301.html,
302,28,False,21,0,19,0,False,False,OTHL-PRE-302.html,
303,28,False,29,0,2,0,False,False,OTHL-PRE-303.html,
304,28,False,3,0,30,0,False,False,OTHL-PRE-304.html,
305,28,False,23,0,12,0,False,False,OTHL-PRE-305.html,
306,28,False,11,0,9,0,False,False,OTHL-PRE-306.html,
307,28,False,15,0,1,0,False,False,OTHL-PRE-307.html,
308,29,False,13,0,22,0,False,False,OTHL-PRE-308.html,
309,29,False,18,0,27,0,False,False,OTHL-PRE-309.html,
310,29,False,8,0,26,0,False,False,OTHL-PRE-310.html,
311,29,False,16,0,6,0,False,False,OTHL-PRE-311.html,
312,29,False,29,0,25,0,False,False,OTHL-PRE-312.html,
313,29,False,31,0,7,0,False,False,OTHL-PRE-313.html,
314,29,False,24,0,4,0,False,False,OTHL-PRE-314.html,
315,29,False,20,0,3,0,False,False,OTHL-PRE-315.html,
316,29,False,5,0,17,0,False,False,OTHL-PRE-316.html,
317,29,False,19,0,21,0,False,False,OTHL-PRE-317.html,
318,29,False,11,0,28,0,False,False,OTHL-PRE-318.html,
319,29,False,2,0,14,0,False,False,OTHL-PRE-319.html,
320,30,False,9,0,24,0,False,False,OTHL-PRE-320.html,
321,30,False,8,0,31,0,False,False,OTHL-PRE-321.html,
322,30,False,23,0,10,0,False,False,OTHL-PRE-322.html,
323,30,False,7,0,15,0,False,False,OTHL-PRE-323.html,
324,30,False,4,0,18,0,False,False,OTHL-PRE-324.html,
325,30,False,30,0,13,0,False,False,OTHL-PRE-325.html,
326,30,False,3,0,16,0,False,False,OTHL-PRE-326.html,
327,30,False,12,0,29,0,False,False,OTHL-PRE-327.html,
328,30,False,1,0,5,0,False,False,OTHL-PRE-328.html,
329,30,False,17,0,26,0,False,False,OTHL-PRE-329.html,
330,31,False,6,0,20,0,False,False,OTHL-PRE-330.html,
331,31,False,28,0,22,0,False,False,OTHL-PRE-331.html,
332,31,False,9,0,27,0,False,False,OTHL-PRE-332.html,
333,31,False,12,0,23,0,False,False,OTHL-PRE-333.html,
334,31,False,21,0,11,0,False,False,OTHL-PRE-334.html,
335,31,False,15,0,8,0,False,False,OTHL-PRE-335.html,
336,31,False,4,0,19,0,False,False,OTHL-PRE-336.html,
337,31,False,24,0,30,0,False,False,OTHL-PRE-337.html,
338,31,False,14,0,25,0,False,False,OTHL-PRE-338.html,
339,31,False,31,0,2,0,False,False,OTHL-PRE-339.html,
340,31,False,1,0,7,0,False,False,OTHL-PRE-340.html,
341,32,False,3,0,6,0,False,False,OTHL-PRE-341.html,
342,32,False,17,0,12,0,False,False,OTHL-PRE-342.html,
343,32,False,14,0,10,0,False,False,OTHL-PRE-343.html,
344,32,False,18,0,13,0,False,False,OTHL-PRE-344.html,
345,32,False,9,0,16,0,False,False,OTHL-PRE-345.html,
346,32,False,26,0,29,0,False,False,OTHL-PRE-346.html,
347,32,False,4,0,20,0,False,False,OTHL-PRE-347.html,
348,32,False,30,0,22,0,False,False,OTHL-PRE-348.html,
349,32,False,23,0,5,0,False,False,OTHL-PRE-349.html,
350,32,False,21,0,28,0,False,False,OTHL-PRE-350.html,
351,33,False,13,0,27,0,False,False,OTHL-PRE-351.html,
352,33,False,28,0,11,0,False,False,OTHL-PRE-352.html,
353,33,False,7,0,8,0,False,False,OTHL-PRE-353.html,
354,33,False,15,0,31,0,False,False,OTHL-PRE-354.html,
355,33,False,2,0,1,0,False,False,OTHL-PRE-355.html,
356,33,False,6,0,24,0,False,False,OTHL-PRE-356.html,
357,33,False,22,0,18,0,False,False,OTHL-PRE-357.html,
358,33,False,19,0,3,0,False,False,OTHL-PRE-358.html,
359,33,False,23,0,17,0,False,False,OTHL-PRE-359.html,
360,33,False,10,0,25,0,False,False,OTHL-PRE-360.html,
361,33,False,16,0,9,0,False,False,OTHL-PRE-361.html,
362,33,False,5,0,14,0,False,False,OTHL-PRE-362.html,
363,33,False,4,0,21,0,False,False,OTHL-PRE-363.html,
364,33,False,29,0,26,0,False,False,OTHL-PRE-364.html,
365,34,False,25,0,15,0,False,False,OTHL-PRE-365.html,
366,34,False,20,0,30,0,False,False,OTHL-PRE-366.html,
367,34,False,1,0,12,0,False,False,OTHL-PRE-367.html,
368,34,False,8,0,2,0,False,False,OTHL-PRE-368.html,
369,34,False,27,0,19,0,False,False,OTHL-PRE-369.html,
370,34,False,11,0,6,0,False,False,OTHL-PRE-370.html,
371,34,False,21,0,4,0,False,False,OTHL-PRE-371.html,
372,34,False,31,0,23,0,False,False,OTHL-PRE-372.html,
373,34,False,17,0,10,0,False,False,OTHL-PRE-373.html,
374,34,False,14,0,7,0,False,False,OTHL-PRE-374.html,
375,35,False,28,0,24,0,False,False,OTHL-PRE-375.html,
376,35,False,9,0,18,0,False,False,OTHL-PRE-376.html,
377,35,False,13,0,16,0,False,False,OTHL-PRE-377.html,
378,35,False,22,0,3,0,False,False,OTHL-PRE-378.html,
379,35,False,10,0,29,0,False,False,OTHL-PRE-379.html,
380,35,False,7,0,5,0,False,False,OTHL-PRE-380.html,
381,35,False,15,0,26,0,False,False,OTHL-PRE-381.html,
382,35,False,20,0,27,0,False,False,OTHL-PRE-382.html,
383,35,False,8,0,1,0,False,False,OTHL-PRE-383.html,
384,35,False,14,0,31,0,False,False,OTHL-PRE-384.html,
385,36,False,27,0,11,0,False,False,OTHL-PRE-385.html,
386,36,False,2,0,17,0,False,False,OTHL-PRE-386.html,
387,36,False,19,0,13,0,False,False,OTHL-PRE-387.html,
388,36,False,26,0,25,0,False,False,OTHL-PRE-388.html,
389,36,False,29,0,12,0,False,False,OTHL-PRE-389.html,
390,36,False,18,0,30,0,False,False,OTHL-PRE-390.html,
391,36,False,6,0,21,0,False,False,OTHL-PRE-391.html,
392,36,False,16,0,28,0,False,False,OTHL-PRE-392.html,
393,36,False,24,0,9,0,False,False,OTHL-PRE-393.html,
394,36,False,20,0,22,0,False,False,OTHL-PRE-394.html,
395,36,False,5,0,15,0,False,False,OTHL-PRE-395.html,
396,37,False,23,0,8,0,False,False,OTHL-PRE-396.html,
397,37,False,3,0,4,0,False,False,OTHL-PRE-397.html,
398,37,False,12,0,2,0,False,False,OTHL-PRE-398.html,
399,37,False,11,0,19,0,False,False,OTHL-PRE-399.html,
400,37,False,22,0,6,0,False,False,OTHL-PRE-400.html,
401,37,False,25,0,14,0,False,False,OTHL-PRE-401.html,
402,37,False,24,0,20,0,False,False,OTHL-PRE-402.html,
403,37,False,17,0,1,0,False,False,OTHL-PRE-403.html,
404,37,False,31,0,10,0,False,False,OTHL-PRE-404.html,
405,38,False,29,0,23,0,False,False,OTHL-PRE-405.html,
406,38,False,2,0,7,0,False,False,OTHL-PRE-406.html,
407,38,False,18,0,3,0,False,False,OTHL-PRE-407.html,
408,38,False,4,0,13,0,False,False,OTHL-PRE-408.html,
409,38,False,24,0,16,0,False,False,OTHL-PRE-409.html,
410,38,False,27,0,30,0,False,False,OTHL-PRE-410.html,
411,38,False,10,0,26,0,False,False,OTHL-PRE-411.html,
412,38,False,20,0,28,0,False,False,OTHL-PRE-412.html,
413,38,False,15,0,5,0,False,False,OTHL-PRE-413.html,
414,39,False,26,0,8,0,False,False,OTHL-PRE-414.html,
415,39,False,13,0,9,0,False,False,OTHL-PRE-415.html,
416,39,False,1,0,31,0,False,False,OTHL-PRE-416.html,
417,39,False,18,0,21,0,False,False,OTHL-PRE-417.html,
418,39,False,16,0,11,0,False,False,OTHL-PRE-418.html,
419,39,False,7,0,17,0,False,False,OTHL-PRE-419.html,
420,39,False,15,0,29,0,False,False,OTHL-PRE-420.html,
421,39,False,14,0,12,0,False,False,OTHL-PRE-421.html,
422,39,False,28,0,19,0,False,False,OTHL-PRE-422.html,
423,40,False,9,0,4,0,False,False,OTHL-PRE-423.html,
424,40,False,1,0,25,0,False,False,OTHL-PRE-424.html,
425,40,False,16,0,22,0,False,False,OTHL-PRE-425.html,
426,40,False,10,0,23,0,False,False,OTHL-PRE-426.html,
427,40,False,27,0,6,0,False,False,OTHL-PRE-427.html,
428,40,False,21,0,24,0,False,False,OTHL-PRE-428.html,
429,40,False,28,0,18,0,False,False,OTHL-PRE-429.html,
430,40,False,7,0,2,0,False,False,OTHL-PRE-430.html,
431,40,False,31,0,14,0,False,False,OTHL-PRE-431.html,
432,41,False,30,0,27,0,False,False,OTHL-PRE-432.html,
433,41,False,29,0,15,0,False,False,OTHL-PRE-433.html,
434,41,False,18,0,20,0,False,False,OTHL-PRE-434.html,
435,41,False,24,0,3,0,False,False,OTHL-PRE-435.html,
436,41,False,11,0,13,0,False,False,OTHL-PRE-436.html,
437,41,False,1,0,17,0,False,False,OTHL-PRE-437.html,
438,41,False,10,0,8,0,False,False,OTHL-PRE-438.html,
439,42,False,29,0,5,0,False,False,OTHL-PRE-439.html,
440,42,False,3,0,9,0,False,False,OTHL-PRE-440.html,
441,42,False,23,0,26,0,False,False,OTHL-PRE-441.html,
442,42,False,11,0,16,0,False,False,OTHL-PRE-442.html,
443,42,False,13,0,19,0,False,False,OTHL-PRE-443.html,
444,42,False,17,0,25,0,False,False,OTHL-PRE-444.html,
445,42,False,21,0,30,0,False,False,OTHL-PRE-445.html,
446,43,False,19,0,6,0,False,False,OTHL-PRE-446.html,
447,43,False,25,0,7,0,False,False,OTHL-PRE-447.html,
448,43,False,5,0,31,0,False,False,OTHL-PRE-448.html,
449,43,False,9,0,22,0,False,False,OTHL-PRE-449.html,
450,43,False,13,0,4,0,False,False,OTHL-PRE-450.html,
451,43,False,26,0,12,0,False,False,OTHL-PRE-451.html,
452,43,False,17,0,2,0,False,False,OTHL-PRE-452.html,
453,43,False,16,0,20,0,False,False,OTHL-PRE-453.html,
454,43,False,3,0,11,0,False,False,OTHL-PRE-454.html,
455,43,False,8,0,23,0,False,False,OTHL-PRE-455.html,
456,43,False,30,0,24,0,False,False,OTHL-PRE-456.html,
457,44,False,22,0,27,0,False,False,OTHL-PRE-457.html,
458,44,False,7,0,14,0,False,False,OTHL-PRE-458.html,
459,44,False,6,0,18,0,False,False,OTHL-PRE-459.html,
460,44,False,8,0,15,0,False,False,OTHL-PRE-460.html,
461,44,False,31,0,29,0,False,False,OTHL-PRE-461.html,
462,44,False,5,0,10,0,False,False,OTHL-PRE-462.html,
463,44,False,3,0,21,0,False,False,OTHL-PRE-463.html,
464,44,False,12,0,1,0,False,False,OTHL-PRE-464.html,
465,44,False,4,0,28,0,False,False,OTHL-PRE-465.html,
