InternalNumber,UniqueID,Name,URLLink,Team,Country,AgeDate,Age,Weight,Height,Contract,Rookie,PProtected,NoApplyRerate,AvailableforTrade,NoTrade,CanPlayPro,CanPlayFarm,ForceWaiver,ExcludeFromSalaryCap,ProSalaryInFarm,StarPower,SalaryAverage,Salary1,Salary2,Salary3,Salary4,Salary5,Salary6,Salary7,Salary8,Salary9,Salary10,Injury,NumberOfInjury,Condition,Suspension,NHLID,DraftYear,DraftOverallPick,DraftOriginalTeam,Empty5,Jersey,Status1,Status2,Status3,Status4,Status5,Status6,Status7,Status8,Status9,Status10,SK,DU,EN,SZ,AG,RB,SC,HS,RT,PH,PS,EX,LD,PO,MO,Overall,ProGP,ProSecPlay,ProW,ProL,ProOTL,ProShutout,ProGA,ProSA,ProSARebound,ProPim,ProA,ProPenalityShotsShots,ProPenalityShotsGoals,ProStartGoaler,ProBackupGoaler,ProEmptyNetGoal,ProStar(1),ProStar(2),ProStar(3),ProStarPower7Days,ProStarPower30Days,ProStarPowerYear,FarmGp,FarmSecPlay,FarmW,FarmL,FarmOTL,FarmShutout,FarmGA,FarmSA,FarmSARebound,FarmPim,FarmA,FarmPenalityShotsShots,FarmPenalityShotsGoals,FarmStartGoaler,FarmBackupGoaler,FarmEmptyNetGoal,FarmStar(1),FarmStar(2),FarmStar(3),FarmStarPower7Days,FarmStarPower30Days,FarmStarPowerYear,Empty6
1,439,Collin Delia,https://www.tsn.ca/nhl/player-bio/collin-delia,13,USA,1994-06-19,26,190,74,1,False,False,False,False,False,True,True,False,False,False,0,950000,950000,0,0,0,0,0,0,0,0,0,,0,100,0,8480420,0,0,0,,0,1,1,1,1,1,1,1,1,1,1,61,66,83,75,61,66,55,64,63,61,30,45,45,62,50,62,0,0,0,0,0,0,0,0,0,0,0,0,0,0,0,0,0,0,0,0,0,0,12,41671,9,3,0,2,24,197,0,0,0,0,0,12,2,0,0,0,0,240,1105,1105,
2,465,Ian Scott,,1,ALB,1999-01-11,21,168,77,1,True,False,False,False,False,True,True,False,False,False,0,820000,820000,0,0,0,0,0,0,0,0,0,,0,100,0,,0,0,0,,0,1,1,1,1,1,1,1,1,1,1,55,55,55,55,55,55,55,55,55,55,55,55,55,55,50,55,0,0,0,0,0,0,0,0,0,0,0,0,0,0,0,0,0,0,0,0,0,0,14,39898,6,8,0,1,48,444,0,6,0,6,0,14,14,0,1,0,6,420,2475,2475,
3,466,Francois Brassard,,27,QUE,1994-01-31,26,172,73,1,False,False,False,False,False,True,True,False,False,False,0,700000,700000,0,0,0,0,0,0,0,0,0,,0,100,0,,0,0,0,,0,1,1,1,1,1,1,1,1,1,1,51,55,55,55,55,55,55,55,55,55,55,55,55,55,50,54,0,0,0,0,0,0,0,0,0,0,0,0,0,0,0,0,0,0,0,0,0,0,3,6503,1,0,0,0,5,32,0,0,0,0,0,0,11,0,0,0,0,0,0,0,
4,417,David Rittich,http://www.tsn.ca/nhl/player-bio/david-rittich,13,CZE,1992-08-18,28,202,75,3,False,False,False,False,False,True,True,False,False,False,0,3000000,3000000,3000000,3000000,0,0,0,0,0,0,0,,0,100,0,8479496,0,0,0,,0,3,3,3,3,3,3,3,3,3,3,75,80,77,81,73,78,67,72,77,76,43,58,58,74,50,72,1,3600,0,1,0,0,4,32,0,0,0,0,0,1,9,0,0,0,0,0,0,0,0,0,0,0,0,0,0,0,0,0,0,0,0,0,0,0,0,0,0,0,0,0,
5,418,Alex Nedeljkovic,http://www.tsn.ca/nhl/player-bio/alex-nedeljkovic,16,USA,1996-01-07,24,189,72,3,False,False,False,False,False,True,True,False,False,False,0,745000,745000,745000,745000,0,0,0,0,0,0,0,,0,100,0,8477968,0,0,0,,0,1,1,1,1,1,1,1,1,1,1,60,72,90,70,56,66,58,65,63,62,30,44,44,62,50,62,0,0,0,0,0,0,0,0,0,0,0,0,0,0,0,0,0,0,0,0,0,0,12,43408,8,3,1,1,23,211,0,0,1,6,2,12,0,0,0,0,0,0,775,775,
6,379,Semyon Varlamov,http://www.tsn.ca/nhl/player-bio/semyon-varlamov,24,RUS,1988-04-26,32,209,74,3,False,False,False,False,False,True,True,False,False,False,0,6000000,6000000,6000000,6000000,0,0,0,0,0,0,0,,0,100,0,8473575,0,0,0,,1,3,3,3,3,3,3,3,3,3,3,81,81,80,80,81,81,73,82,84,81,93,72,74,80,50,78,11,40057,4,5,2,1,31,377,0,0,0,5,2,11,0,1,2,1,0,450,1770,1770,0,0,0,0,0,0,0,0,0,0,0,0,0,0,0,0,0,0,0,0,0,0,
7,7,Jonathan Bernier,http://www.tsn.ca/nhl/player-bio/jonathan-bernier,15,QUE,1988-08-07,32,184,72,3,False,False,False,False,True,True,True,False,False,False,0,4500000,4500000,4500000,4500000,0,0,0,0,0,0,0,,0,100,0,8473541,0,0,0,,0,3,3,3,3,3,3,3,3,3,3,77,74,73,67,78,76,65,76,77,77,65,68,69,75,50,72,11,33800,1,9,1,1,35,335,0,2,0,7,2,11,0,0,1,0,1,140,1825,1825,0,0,0,0,0,0,0,0,0,0,0,0,0,0,0,0,0,0,0,0,0,0,
8,8,Curtis McElhinney,http://www.tsn.ca/nhl/player-bio/curtis-mcelhinney,16,ONT,1983-05-22,37,200,75,1,False,False,False,False,True,True,True,False,False,False,0,2000000,2000000,0,0,0,0,0,0,0,0,0,,0,100,0,8470147,0,0,0,,0,3,3,3,3,3,3,3,3,3,3,69,57,58,80,74,65,67,69,76,70,71,64,65,69,50,68,0,0,0,0,0,0,0,0,0,0,0,0,0,0,10,0,0,0,0,0,0,0,0,0,0,0,0,0,0,0,0,0,0,0,0,0,0,0,0,0,0,0,0,0,
9,9,Matej Tomek,,0,,0001-01-01,2019,0,0,0,False,False,False,False,False,True,True,False,False,False,0,0,0,0,0,0,0,0,0,0,0,0,,0,100,0,,0,0,0,,0,0,0,0,0,0,0,0,0,0,0,0,0,0,0,0,0,0,0,0,0,0,0,0,0,50,2,0,0,0,0,0,0,0,0,0,0,0,0,0,0,0,0,0,0,0,0,0,0,0,0,0,0,0,0,0,0,0,0,0,0,0,0,0,0,0,0,0,0,0,0,
10,380,Cam Talbot,http://www.tsn.ca/nhl/player-bio/cam-talbot,10,ONT,1987-07-04,33,196,76,3,False,False,False,False,False,True,True,False,False,False,0,6250000,6250000,6250000,6250000,0,0,0,0,0,0,0,,0,100,0,8475660,0,0,0,,0,3,2,2,2,2,2,2,2,2,2,77,63,63,82,82,72,75,75,82,77,67,66,67,75,50,73,11,40200,5,5,1,0,30,363,0,0,0,8,2,11,0,0,0,0,2,200,1580,1580,0,0,0,0,0,0,0,0,0,0,0,0,0,0,0,0,0,0,0,0,0,0,
11,419,Alex Lyon,http://www.tsn.ca/nhl/player-bio/alex-lyon,9,USA,1992-12-08,27,201,73,1,False,False,False,False,False,True,True,False,False,False,0,750000,750000,0,0,0,0,0,0,0,0,0,,0,100,0,8479312,0,0,0,,0,1,1,1,1,1,1,1,1,1,1,61,68,85,75,61,64,54,64,59,58,30,45,45,61,50,61,0,0,0,0,0,0,0,0,0,0,0,0,0,0,0,0,0,0,0,0,0,0,13,47100,13,0,0,5,14,179,0,0,0,2,0,13,0,0,0,0,0,0,1800,1800,
12,12,Ryan Miller,http://www.tsn.ca/nhl/player-bio/ryan-miller,1,USA,1980-07-17,40,173,75,1,False,False,False,False,True,True,True,False,False,False,0,2500000,2500000,0,0,0,0,0,0,0,0,0,,0,100,0,8468011,0,0,0,,0,3,3,3,3,3,3,3,3,3,3,74,54,58,69,81,68,59,75,77,74,87,80,83,71,50,70,4,14364,3,1,0,1,6,105,0,0,1,0,0,4,7,1,2,0,0,300,1105,1105,0,0,0,0,0,0,0,0,0,0,0,0,0,0,0,0,0,0,0,0,0,0,
13,420,Thatcher Demko,http://www.tsn.ca/nhl/player-bio/thatcher-demko,9,USA,1995-12-07,24,192,76,3,True,False,False,False,False,True,True,False,False,False,0,1050000,1050000,1050000,1050000,0,0,0,0,0,0,0,,0,100,0,8477967,0,0,0,,0,3,3,3,3,3,3,3,3,3,3,66,58,56,81,65,66,68,67,75,66,75,47,47,66,50,64,3,10926,2,0,1,1,4,88,0,0,0,0,0,3,9,0,1,0,0,0,1080,1080,0,0,0,0,0,0,0,0,0,0,0,0,0,0,0,0,0,0,0,0,0,0,
14,382,Linus Ullmark,http://www.tsn.ca/nhl/player-bio/linus-ullmark,4,SWE,1993-07-30,27,221,76,1,False,False,False,False,False,True,True,False,False,False,0,1475000,1475000,0,0,0,0,0,0,0,0,0,,0,100,0,8476999,0,0,0,,0,3,3,3,3,3,3,3,3,3,3,81,68,66,88,86,76,68,81,85,81,89,56,56,78,50,75,0,0,0,0,0,0,0,0,0,0,0,0,0,0,11,0,0,0,0,0,0,0,0,0,0,0,0,0,0,0,0,0,0,0,0,0,0,0,0,0,0,0,0,0,
15,343,Andrei Vasilevskiy,http://www.tsn.ca/nhl/player-bio/andrei-vasilevskiy,21,RUS,1994-07-24,26,207,75,5,False,False,False,False,False,True,True,False,False,False,0,10000000,10000000,10000000,10000000,10000000,10000000,0,0,0,0,0,,0,100,0,8476883,0,0,0,,0,3,2,2,2,2,2,2,2,2,2,86,87,84,82,85,87,75,87,86,86,95,65,66,85,50,80,11,40511,5,4,2,0,30,356,0,2,0,16,5,11,0,2,1,3,0,0,1980,1980,0,0,0,0,0,0,0,0,0,0,0,0,0,0,0,0,0,0,0,0,0,0,
16,440,Dylan Ferguson,https://www.tsn.ca/nhl/player-bio/dylan-ferguson-260871/,0,BC,1998-09-20,22,189,73,1,True,False,False,False,False,True,True,False,False,False,0,716666,716666,0,0,0,0,0,0,0,0,0,,0,100,0,8480263,0,0,0,,0,0,0,0,0,0,0,0,0,0,0,42,50,63,73,40,43,40,46,40,40,30,44,44,43,50,47,0,0,0,0,0,0,0,0,0,0,0,0,0,0,0,0,0,0,0,0,0,0,0,0,0,0,0,0,0,0,0,0,0,0,0,0,0,0,0,0,0,0,0,0,
17,501,Matej Tomek,,24,SVK,1995-02-10,25,181,75,2,True,False,False,False,False,True,True,False,False,False,1,700000,700000,700000,0,0,0,0,0,0,0,0,,0,100,0,,0,0,0,,0,1,1,1,1,1,1,1,1,1,1,55,55,55,55,55,55,55,55,55,55,55,55,55,55,50,55,0,0,0,0,0,0,0,0,0,0,0,0,0,0,0,0,0,0,0,0,0,0,0,0,0,0,0,0,0,0,0,0,0,0,0,0,0,0,0,0,0,0,0,0,
18,384,Juuse Saros,https://www.tsn.ca/nhl/player-bio/juuse-saros,2,FIN,1995-04-18,25,180,71,2,False,False,False,False,False,True,True,False,False,False,0,2500000,2500000,2500000,0,0,0,0,0,0,0,0,,0,100,0,8477424,0,0,0,,0,3,3,3,3,3,3,3,3,3,3,79,69,68,63,79,79,74,77,84,79,58,59,60,77,50,72,11,40800,6,3,2,0,27,332,0,4,2,13,4,11,0,0,2,0,0,0,2080,2080,0,0,0,0,0,0,0,0,0,0,0,0,0,0,0,0,0,0,0,0,0,0,
19,19,Ben Bishop,http://www.tsn.ca/nhl/player-bio/ben-bishop,5,USA,1986-11-21,33,215,79,6,False,False,False,False,True,True,True,False,False,False,0,9000000,9000000,9000000,9000000,9000000,9000000,9000000,0,0,0,0,,0,100,0,8471750,0,0,0,,0,3,3,3,3,3,3,3,3,3,3,84,79,78,89,84,84,79,84,87,84,85,69,72,83,50,80,10,36792,7,2,1,0,24,292,0,0,0,8,2,10,1,1,0,2,0,260,1420,1420,0,0,0,0,0,0,0,0,0,0,0,0,0,0,0,0,0,0,0,0,0,0,
20,421,Lars Johansson,http://www.tsn.ca/nhl/player-bio/lars-johansson,0,SWE,1987-07-10,33,198,73,0,False,False,False,False,False,True,True,False,False,False,0,0,0,0,0,0,0,0,0,0,0,0,,0,100,0,,0,0,0,,0,0,0,0,0,0,0,0,0,0,0,59,67,84,75,58,62,54,63,58,57,30,44,44,59,50,60,0,0,0,0,0,0,0,0,0,0,0,0,0,0,0,0,0,0,0,0,0,0,0,0,0,0,0,0,0,0,0,0,0,0,0,0,0,0,0,0,0,0,0,0,
22,22,Corey Crawford,http://www.tsn.ca/nhl/player-bio/corey-crawford,7,QUE,1984-12-31,35,216,74,1,False,False,False,False,False,True,True,False,False,False,0,6850000,6850000,0,0,0,0,0,0,0,0,0,,0,100,0,8470645,0,0,0,,0,3,3,3,3,3,3,3,3,3,3,83,73,72,82,86,81,68,84,86,83,88,69,74,80,50,78,11,39906,9,1,1,1,25,334,0,0,0,0,0,11,0,1,2,1,1,600,2120,2120,0,0,0,0,0,0,0,0,0,0,0,0,0,0,0,0,0,0,0,0,0,0,
24,422,Mackenzie Blackwood,http://www.tsn.ca/nhl/player-bio/mackenzie-blackwood,31,ONT,1996-12-08,23,225,76,1,False,False,False,False,False,True,True,False,False,False,0,913333,913333,0,0,0,0,0,0,0,0,0,,0,100,0,8478406,0,0,0,,0,3,3,3,3,3,3,3,3,3,3,84,79,75,90,84,84,70,85,85,84,90,54,54,81,50,77,11,38693,5,4,2,1,29,347,0,0,0,8,4,11,0,0,3,1,0,20,2540,2540,0,0,0,0,0,0,0,0,0,0,0,0,0,0,0,0,0,0,0,0,0,0,
26,26,Anton Khudobin,http://www.tsn.ca/nhl/player-bio/anton-khudobin,13,KAZ,1986-05-07,34,200,71,1,False,False,False,False,False,True,True,False,False,False,0,3000000,3000000,0,0,0,0,0,0,0,0,0,,0,100,0,8471418,0,0,0,,0,3,3,3,3,3,3,3,3,3,3,92,68,67,70,99,84,83,91,95,91,95,64,65,88,50,81,9,32857,8,1,0,0,19,284,0,4,0,6,1,9,1,0,2,1,1,400,2300,2300,0,0,0,0,0,0,0,0,0,0,0,0,0,0,0,0,0,0,0,0,0,0,
27,503,Matthew Villalta,,3,ONT,1999-06-03,21,187,76,2,True,False,False,False,False,True,True,False,False,False,0,778333,778333,778333,0,0,0,0,0,0,0,0,,0,100,0,,0,0,0,,0,1,1,1,1,1,1,1,1,1,1,55,55,55,55,55,55,55,55,55,55,55,55,55,55,50,55,0,0,0,0,0,0,0,0,0,0,0,0,0,0,0,0,0,0,0,0,0,0,1,1119,0,0,0,0,0,1,0,0,0,0,0,0,13,0,0,0,0,0,0,0,
28,28,John Curry,,0,USA,1984-07-01,36,185,71,0,False,False,False,False,False,True,True,False,False,False,0,0,0,0,0,0,0,0,0,0,0,0,,0,100,0,,0,0,0,,0,2,2,2,2,2,2,2,2,2,2,55,54,69,61,66,58,61,65,66,59,55,74,66,15,50,61,0,0,0,0,0,0,0,0,0,0,0,0,0,0,0,0,0,0,0,0,0,0,0,0,0,0,0,0,0,0,0,0,0,0,0,0,0,0,0,0,0,0,0,0,
29,387,Leland Irving,https://www.tsn.ca/nhl/player-bio/leland-irving,0,AB,1988-04-11,32,177,72,0,False,False,False,False,False,True,True,False,False,False,0,525000,0,0,0,0,0,0,0,0,0,0,,0,100,0,,0,0,0,,0,0,0,0,0,0,0,0,0,0,0,56,52,65,63,59,57,50,58,55,54,30,44,44,55,50,55,0,0,0,0,0,0,0,0,0,0,0,0,0,0,0,0,0,0,0,0,0,0,0,0,0,0,0,0,0,0,0,0,0,0,0,0,0,0,0,0,0,0,0,0,
30,388,Tristan Jarry,http://www.tsn.ca/nhl/player-bio/tristan-jarry,1,BC,1995-04-25,25,194,74,1,False,False,False,False,False,True,True,False,False,False,0,2900000,2900000,0,0,0,0,0,0,0,0,0,,0,100,0,8477465,0,0,0,,0,3,3,3,3,3,3,3,3,3,3,84,74,71,76,89,78,78,82,88,84,75,52,52,81,50,76,7,25466,3,4,0,0,23,245,0,2,0,0,0,7,4,0,1,0,1,500,920,920,0,0,0,0,0,0,0,0,0,0,0,0,0,0,0,0,0,0,0,0,0,0,
31,389,Zane McIntyre,https://www.tsn.ca/nhl/player-bio/zane-mcintyre,12,USA,1992-08-20,28,206,74,3,False,False,False,False,False,True,True,False,False,False,0,900000,900000,900000,900000,0,0,0,0,0,0,0,,0,100,0,8475876,0,0,0,,0,1,1,1,1,1,1,1,1,1,1,59,67,84,79,58,63,53,62,59,58,30,44,44,60,50,60,0,0,0,0,0,0,0,0,0,0,0,0,0,0,0,0,0,0,0,0,0,0,14,49251,11,2,1,2,20,189,0,0,0,0,0,14,0,0,0,0,0,0,710,710,
32,504,Elvis Merzlikins,http://www.eliteprospects.com/player.php?player=66584,12,LAT,1994-04-13,26,187,75,2,False,False,False,False,False,True,True,False,False,False,0,874125,1844559,1844559,0,0,0,0,0,0,0,0,,0,100,0,8478007,0,0,0,,0,3,3,3,3,3,3,3,3,3,3,83,72,68,76,86,79,83,82,89,83,75,47,47,81,50,75,8,29100,4,3,1,0,22,257,0,0,0,3,2,8,3,0,0,1,1,0,1340,1340,0,0,0,0,0,0,0,0,0,0,0,0,0,0,0,0,0,0,0,0,0,0,
33,33,Mike Smith,http://www.tsn.ca/nhl/player-bio/mike-smith,6,ONT,1982-03-21,38,215,76,1,False,False,False,False,False,True,True,False,False,False,0,5800000,5800000,0,0,0,0,0,0,0,0,0,,0,100,0,8469608,0,0,0,,0,3,3,3,3,3,3,3,3,3,3,64,73,73,86,63,65,78,65,69,64,73,75,77,68,50,69,11,39979,2,7,2,0,40,385,0,0,0,3,1,11,0,0,0,0,0,0,860,860,0,0,0,0,0,0,0,0,0,0,0,0,0,0,0,0,0,0,0,0,0,0,
34,423,Nick Ellis,http://www.tsn.ca/nhl/player-bio/nick-ellis-173422,0,USA,1994-01-17,26,180,73,0,False,False,False,False,False,True,True,False,False,False,0,0,0,0,0,0,0,0,0,0,0,0,,0,100,0,,0,0,0,,0,0,0,0,0,0,0,0,0,0,0,51,56,70,68,49,53,50,56,51,51,30,44,44,52,50,53,0,0,0,0,0,0,0,0,0,0,0,0,0,0,0,0,0,0,0,0,0,0,0,0,0,0,0,0,0,0,0,0,0,0,0,0,0,0,0,0,0,0,0,0,
36,392,Tom McCollum,http://www.tsn.ca/nhl/player-bio/tom-mccollum,24,USA,1989-12-06,30,226,74,1,False,False,False,False,False,True,True,False,False,False,0,700000,700000,0,0,0,0,0,0,0,0,0,,0,100,0,8474591,0,0,0,,38,1,1,1,1,1,1,1,1,1,1,56,52,65,85,56,55,61,64,58,59,30,44,44,58,50,59,0,0,0,0,0,0,0,0,0,0,0,0,0,0,0,0,0,0,0,0,0,0,14,50657,11,3,0,2,30,315,0,0,1,6,1,14,0,0,0,0,0,685,1600,1600,
37,37,Cory Schneider,http://www.tsn.ca/nhl/player-bio/cory-schneider,20,USA,1986-03-18,34,200,75,2,False,False,False,False,True,True,True,False,False,False,0,900000,900000,900000,0,0,0,0,0,0,0,0,,0,100,0,8471239,0,0,0,,0,2,2,2,2,2,2,2,2,2,2,50,61,62,80,54,46,50,52,58,50,72,69,70,53,50,57,0,0,0,0,0,0,0,0,0,0,0,0,0,0,0,0,0,0,0,0,0,0,0,0,0,0,0,0,0,0,0,0,0,0,0,0,0,0,0,0,0,0,0,0,
38,467,Adam Huska,https://www.eliteprospects.com/player/201638/adam-huska,0,SLO,1997-05-12,23,220,76,1,False,False,False,False,False,True,True,False,False,False,0,925000,925000,0,0,0,0,0,0,0,0,0,,0,100,0,8478903,0,0,0,,0,0,0,0,0,0,0,0,0,0,0,49,51,64,88,48,49,50,54,49,49,30,44,44,50,50,54,0,0,0,0,0,0,0,0,0,0,0,0,0,0,0,0,0,0,0,0,0,0,0,0,0,0,0,0,0,0,0,0,0,0,0,0,0,0,0,0,0,0,0,0,
39,424,Brandon Halverson,http://www.tsn.ca/nhl/player-bio/brandon-halverson,19,USA,1996-03-28,24,209,76,2,True,False,False,False,False,True,True,False,False,False,0,650000,650000,650000,0,0,0,0,0,0,0,0,,0,100,0,8477990,0,0,0,,0,1,1,1,1,1,1,1,1,1,1,50,54,68,85,49,50,50,55,49,49,30,44,44,51,50,54,0,0,0,0,0,0,0,0,0,0,0,0,0,0,0,0,0,0,0,0,0,0,0,0,0,0,0,0,0,0,0,0,0,0,0,0,0,0,0,0,0,0,0,0,
41,468,Alex Sakellaropoulos,https://www.eliteprospects.com/player/135056/alex-sakellaropoulos,0,USA,1994-05-02,26,215,75,0,False,False,False,False,False,True,True,False,False,False,0,0,0,0,0,0,0,0,0,0,0,0,,0,100,0,,0,0,0,,0,0,0,0,0,0,0,0,0,0,0,48,41,51,84,50,48,51,54,50,50,30,44,44,49,50,52,0,0,0,0,0,0,0,0,0,0,0,0,0,0,0,0,0,0,0,0,0,0,0,0,0,0,0,0,0,0,0,0,0,0,0,0,0,0,0,0,0,0,0,0,
42,395,Spencer Martin,http://www.tsn.ca/nhl/player-bio/spencer-martin,30,ONT,1995-06-07,25,210,75,4,False,False,False,False,False,True,True,False,False,False,0,725000,725000,725000,725000,725000,0,0,0,0,0,0,,0,100,0,8477484,0,0,0,,0,0,0,0,0,0,0,0,0,0,0,51,58,73,83,49,51,50,56,49,49,30,44,44,52,50,54,0,0,0,0,0,0,0,0,0,0,0,0,0,0,0,0,0,0,0,0,0,0,0,0,0,0,0,0,0,0,0,0,0,0,0,0,0,0,0,0,0,0,0,0,
43,469,Angus Redmond,https://www.eliteprospects.com/player/153251/angus-redmond,0,BC,1995-10-03,25,200,73,1,True,False,False,False,False,True,True,False,False,False,0,842500,842500,0,0,0,0,0,0,0,0,0,,0,100,0,,0,0,0,,0,0,0,0,0,0,0,0,0,0,0,55,46,58,75,59,56,52,59,56,55,30,44,44,55,50,56,0,0,0,0,0,0,0,0,0,0,0,0,0,0,0,0,0,0,0,0,0,0,0,0,0,0,0,0,0,0,0,0,0,0,0,0,0,0,0,0,0,0,0,0,
45,45,Craig Anderson,http://www.tsn.ca/nhl/player-bio/craig-anderson,10,USA,1981-05-21,39,185,74,1,False,False,False,False,False,True,True,False,False,False,0,2300000,2300000,0,0,0,0,0,0,0,0,0,,0,100,0,8467950,0,0,0,,0,3,2,2,2,2,2,2,2,2,2,68,74,74,73,73,63,56,69,69,68,78,76,78,68,50,68,0,0,0,0,0,0,0,0,0,0,0,0,0,0,11,0,0,0,0,0,0,0,0,0,0,0,0,0,0,0,0,0,0,0,0,0,0,0,0,0,0,0,0,0,
46,397,Philippe Desrosiers,https://www.tsn.ca/nhl/player-bio/philippe-desrosiers,0,QUE,1995-08-15,25,195,73,0,False,False,False,False,False,True,True,False,False,False,0,525000,0,0,0,0,0,0,0,0,0,0,,0,100,0,8477475,0,0,0,,0,0,0,0,0,0,0,0,0,0,0,60,59,74,74,63,62,50,61,58,56,30,44,44,58,50,59,0,0,0,0,0,0,0,0,0,0,0,0,0,0,0,0,0,0,0,0,0,0,0,0,0,0,0,0,0,0,0,0,0,0,0,0,0,0,0,0,0,0,0,0,
47,398,Ken Appleby,https://www.tsn.ca/nhl/player-bio/ken-appleby,4,ONT,1995-04-09,25,207,76,1,False,False,False,True,False,True,True,False,False,False,0,650000,650000,0,0,0,0,0,0,0,0,0,,0,100,0,,0,0,0,,0,0,0,0,0,0,0,0,0,0,0,48,52,65,84,46,52,50,54,52,52,30,44,44,51,50,54,0,0,0,0,0,0,0,0,0,0,0,0,0,0,0,0,0,0,0,0,0,0,0,0,0,0,0,0,0,0,0,0,0,0,0,0,1,0,0,0,0,0,0,0,
48,399,Jon Gillies,http://www.tsn.ca/nhl/player-bio/jon-gillies,4,USA,1994-01-21,26,223,78,1,False,False,False,False,False,True,True,False,False,False,0,925000,925000,0,0,0,0,0,0,0,0,0,,0,100,0,8476903,0,0,0,,0,1,1,1,1,1,1,1,1,1,1,58,67,84,91,57,61,54,62,57,56,30,45,45,59,50,61,0,0,0,0,0,0,0,0,0,0,0,0,0,0,0,0,0,0,0,0,0,0,1,2293,0,1,0,0,3,13,0,0,0,0,0,0,11,0,0,0,0,0,0,0,
49,506,Igor Shesterkin,https://www.tsn.ca/nhl/player-bio/igor-shesterkin,7,RUS,1995-12-30,24,187,73,3,True,False,False,False,False,True,True,False,False,False,0,3775000,3775000,3775000,3775000,0,0,0,0,0,0,0,,0,100,0,8478048,0,0,0,,0,1,1,1,1,1,1,1,1,1,1,69,63,60,71,77,62,88,69,77,69,75,45,45,71,50,68,0,0,0,0,0,0,0,0,0,0,0,0,0,0,1,0,0,0,0,0,0,0,11,39884,9,2,0,3,17,200,0,0,0,4,0,11,0,0,1,1,0,600,1620,1620,
50,400,Jussi Olkinuora,http://www.tsn.ca/nhl/player-bio/juho-olkinuora,0,FIN,1990-07-01,30,201,74,0,False,False,False,False,False,True,True,False,False,False,0,550000,0,0,0,0,0,0,0,0,0,0,,0,100,0,,0,0,0,,0,0,0,0,0,0,0,0,0,0,0,47,75,48,74,42,50,35,47,39,38,43,44,44,1,50,48,0,0,0,0,0,0,0,0,0,0,0,0,0,0,0,0,0,0,0,0,0,0,0,0,0,0,0,0,0,0,0,0,0,0,0,0,0,0,0,0,0,0,0,0,
51,51,Carey Price,http://www.tsn.ca/nhl/player-bio/carey-price,17,BC,1987-08-15,33,215,75,5,False,False,False,False,True,True,True,False,False,False,0,10000000,10000000,10000000,10000000,10000000,10000000,0,0,0,0,0,,0,100,0,8471679,0,0,0,,0,3,2,2,2,2,2,2,2,2,2,79,96,93,84,74,83,71,80,79,79,86,77,80,80,50,78,11,40193,7,2,2,0,32,391,0,0,0,3,0,11,0,0,1,0,0,260,1680,1680,0,0,0,0,0,0,0,0,0,0,0,0,0,0,0,0,0,0,0,0,0,0,
52,401,Nick Schneider,https://www.tsn.ca/nhl/player-bio/nick-schneider,0,AB,1997-07-20,23,170,74,0,True,False,False,False,False,True,True,False,False,False,0,550000,0,0,0,0,0,0,0,0,0,0,,0,100,0,8478995,0,0,0,,0,0,0,0,0,0,0,0,0,0,0,65,66,83,65,66,66,59,68,63,62,30,44,44,64,50,62,0,0,0,0,0,0,0,0,0,0,0,0,0,0,0,0,0,0,0,0,0,0,0,0,0,0,0,0,0,0,0,0,0,0,0,0,0,0,0,0,0,0,0,0,
53,53,Jaroslav Halak,http://www.tsn.ca/nhl/player-bio/jaroslav-halak,22,SVK,1985-05-13,35,183,71,1,False,False,False,False,False,True,True,False,False,False,0,4500000,4500000,0,0,0,0,0,0,0,0,0,,0,100,0,8470860,0,0,0,,0,3,3,3,3,3,3,3,3,3,3,79,68,69,64,81,78,82,80,87,80,84,72,74,79,50,75,2,2820,0,0,0,0,1,25,0,0,0,0,0,0,11,1,0,0,0,0,0,0,0,0,0,0,0,0,0,0,0,0,0,0,0,0,0,0,0,0,0,0,0,0,
54,402,Jason Kasdorf,http://www.tsn.ca/nhl/player-bio/jason-kasdorf,0,MB,1992-07-01,28,178,75,0,False,False,False,False,False,True,True,False,False,False,0,667000,0,0,0,0,0,0,0,0,0,0,,0,100,0,,0,0,0,,0,0,0,0,0,0,0,0,0,0,0,62,62,45,67,62,62,62,62,62,62,62,44,44,1,50,59,0,0,0,0,0,0,0,0,0,0,0,0,0,0,0,0,0,0,0,0,0,0,0,0,0,0,0,0,0,0,0,0,0,0,0,0,0,0,0,0,0,0,0,0,
55,425,Eamon McAdam,http://www.tsn.ca/nhl/player-bio/eamon-mcadam,0,USA,1994-09-23,26,199,75,0,False,False,False,False,False,True,True,False,False,False,0,0,0,0,0,0,0,0,0,0,0,0,,0,100,0,,0,0,0,,0,0,0,0,0,0,0,0,0,0,0,51,58,73,80,49,53,52,57,52,52,30,44,44,53,50,55,0,0,0,0,0,0,0,0,0,0,0,0,0,0,0,0,0,0,0,0,0,0,0,0,0,0,0,0,0,0,0,0,0,0,0,0,0,0,0,0,0,0,0,0,
56,403,Charlie Lindgren,http://www.tsn.ca/nhl/player-bio/charlie-lindgren,20,USA,1993-12-17,26,190,74,1,False,False,False,False,False,True,True,False,False,False,0,1000000,1000000,0,0,0,0,0,0,0,0,0,,0,100,0,8479292,0,0,0,,0,2,2,2,2,2,2,2,2,2,2,51,58,73,75,48,53,54,58,52,52,30,46,46,53,50,55,0,0,0,0,0,0,0,0,0,0,0,0,0,0,0,0,0,0,0,0,0,0,0,0,0,0,0,0,0,0,0,0,0,0,0,0,0,0,0,0,0,0,0,0,
57,404,Josh Robinson,http://www.eliteprospects.com/player.php?player=15530,0,USA,1989-07-01,31,185,72,0,False,False,False,False,False,True,True,False,False,False,0,550000,0,0,0,0,0,0,0,0,0,0,,0,100,0,,0,0,0,,0,0,0,0,0,0,0,0,0,0,0,50,50,46,67,50,50,50,50,50,50,50,44,44,1,50,50,0,0,0,0,0,0,0,0,0,0,0,0,0,0,0,0,0,0,0,0,0,0,0,0,0,0,0,0,0,0,0,0,0,0,0,0,0,0,0,0,0,0,0,0,
58,58,Sergei Bobrovsky,http://www.tsn.ca/nhl/player-bio/sergei-bobrovsky,11,RUS,1988-09-19,32,182,74,5,False,False,False,False,False,True,True,False,False,False,0,9150000,9150000,9150000,9150000,9150000,9150000,0,0,0,0,0,,0,100,0,8475683,0,0,0,,0,3,3,3,3,3,3,3,3,3,3,66,91,88,71,63,68,60,68,65,66,92,73,75,68,50,68,11,40607,9,0,2,2,20,354,0,0,1,13,4,11,0,0,3,3,0,705,3770,3770,0,0,0,0,0,0,0,0,0,0,0,0,0,0,0,0,0,0,0,0,0,0,
59,405,Casey DeSmith,https://www.tsn.ca/nhl/player-bio/casey-desmith,5,USA,1991-08-12,29,181,72,1,False,False,False,False,False,True,True,False,False,False,0,1150000,1150000,0,0,0,0,0,0,0,0,0,,0,100,0,8479193,0,0,0,,0,1,1,1,1,1,1,1,1,1,1,57,68,85,66,55,61,51,60,56,55,30,48,48,58,50,58,0,0,0,0,0,0,0,0,0,0,0,0,0,0,0,0,0,0,0,0,0,0,0,0,0,0,0,0,0,0,0,0,0,0,0,0,12,0,0,0,0,0,0,0,
60,507,Calvin Petersen,https://www.tsn.ca/nhl/player-bio/cal-petersen,0,USA,1994-10-19,26,185,73,3,False,False,False,False,False,True,True,False,False,False,0,858333,858333,858333,858333,0,0,0,0,0,0,0,,0,100,0,8477361,0,0,0,,0,0,0,0,0,0,0,0,0,0,0,59,77,96,70,56,64,50,61,57,56,30,44,44,59,50,60,0,0,0,0,0,0,0,0,0,0,0,0,0,0,0,0,0,0,0,0,0,0,0,0,0,0,0,0,0,0,0,0,0,0,0,0,0,0,0,0,0,0,0,0,
62,407,Jake Paterson,https://www.tsn.ca/nhl/player-bio/jake-paterson,11,ONT,1994-05-02,26,176,73,3,False,False,False,False,False,True,True,False,False,False,0,700000,700000,700000,700000,0,0,0,0,0,0,0,,0,100,0,,0,0,0,,0,2,2,2,2,2,2,2,2,2,2,44,51,64,66,40,43,50,52,44,45,30,44,44,46,50,48,0,0,0,0,0,0,0,0,0,0,0,0,0,0,0,0,0,0,0,0,0,0,0,0,0,0,0,0,0,0,0,0,0,0,0,0,0,0,0,0,0,0,0,0,
63,408,Joel Rumpel,http://www.tsn.ca/nhl/player-bio/joel-rumpel,0,SKW,1991-07-01,29,190,75,0,False,False,False,False,False,True,True,False,False,False,0,850000,0,0,0,0,0,0,0,0,0,0,,0,100,0,,0,0,0,,0,0,0,0,0,0,0,0,0,0,0,50,50,46,72,50,50,50,50,50,50,50,44,44,1,50,51,0,0,0,0,0,0,0,0,0,0,0,0,0,0,0,0,0,0,0,0,0,0,0,0,0,0,0,0,0,0,0,0,0,0,0,0,0,0,0,0,0,0,0,0,
64,409,Kasimir Kaskisuo,https://www.tsn.ca/nhl/player-bio/kasimir-kaskisuo,18,FIN,1993-10-01,27,201,74,1,False,False,False,False,False,True,True,False,False,False,0,525000,675000,0,0,0,0,0,0,0,0,0,,0,100,0,8479288,0,0,0,,0,3,3,3,3,3,3,3,3,3,3,58,59,74,78,59,61,53,61,59,58,30,44,44,58,50,59,9,29819,0,9,0,0,39,312,0,0,0,0,0,9,1,0,0,0,0,0,240,240,0,0,0,0,0,0,0,0,0,0,0,0,0,0,0,0,0,0,0,0,0,0,
65,410,Adin Hill,https://www.tsn.ca/nhl/player-bio/adin-hill,31,AB,1996-05-11,24,202,78,1,False,False,False,False,False,True,True,False,False,False,0,925000,925000,0,0,0,0,0,0,0,0,0,,0,100,0,8478499,0,0,0,,0,3,3,3,3,3,3,3,3,3,3,69,72,68,86,77,62,66,69,77,69,75,46,46,70,50,68,1,1545,0,0,0,0,0,17,0,0,0,0,0,0,11,0,0,0,0,0,0,0,0,0,0,0,0,0,0,0,0,0,0,0,0,0,0,0,0,0,0,0,0,0,
66,411,Clay Witt,http://www.eliteprospects.com/player.php?player=31611,0,USA,1991-07-01,29,201,74,0,False,False,False,False,False,True,True,False,False,False,0,525000,0,0,0,0,0,0,0,0,0,0,,0,100,0,,0,0,0,,0,0,0,0,0,0,0,0,0,0,0,50,50,45,74,50,50,50,50,50,50,50,44,44,1,50,51,0,0,0,0,0,0,0,0,0,0,0,0,0,0,0,0,0,0,0,0,0,0,0,0,0,0,0,0,0,0,0,0,0,0,0,0,0,0,0,0,0,0,0,0,
67,412,Frank Palazzese,http://www.eliteprospects.com/player.php?player=49394,0,ONT,1993-07-01,27,174,73,0,False,False,False,False,False,True,True,False,False,False,0,550000,0,0,0,0,0,0,0,0,0,0,,0,100,0,,0,0,0,,0,0,0,0,0,0,0,0,0,0,0,50,50,45,64,50,50,50,50,50,50,50,44,44,1,50,50,0,0,0,0,0,0,0,0,0,0,0,0,0,0,0,0,0,0,0,0,0,0,0,0,0,0,0,0,0,0,0,0,0,0,0,0,0,0,0,0,0,0,0,0,
69,69,Brian Elliott,http://www.tsn.ca/nhl/player-bio/brian-elliott,27,ONT,1985-04-09,35,209,74,2,False,False,False,False,True,True,True,False,False,False,0,3250000,3250000,3250000,0,0,0,0,0,0,0,0,,0,100,0,8470880,0,0,0,,0,3,3,3,3,3,3,3,3,3,3,63,62,63,80,67,59,64,64,64,63,76,71,73,64,50,65,1,2902,0,0,0,0,1,24,0,0,0,0,0,0,11,0,0,0,0,0,0,0,0,0,0,0,0,0,0,0,0,0,0,0,0,0,0,0,0,0,0,0,0,0,
71,415,Matthew Ginn,http://www.eliteprospects.com/player.php?player=76232,0,ONT,1991-07-01,29,176,71,0,False,False,False,False,False,True,True,False,False,False,0,0,0,0,0,0,0,0,0,0,0,0,,0,100,0,,0,0,0,,0,2,2,2,2,2,2,2,2,2,2,50,50,45,63,50,50,50,50,50,50,50,44,44,1,50,50,0,0,0,0,0,0,0,0,0,0,0,0,0,0,0,0,0,0,0,0,0,0,0,0,0,0,0,0,0,0,0,0,0,0,0,0,0,0,0,0,0,0,0,0,
72,416,Ryan Massa,,0,USA,1990-07-01,30,172,72,0,False,False,False,False,False,True,True,False,False,False,0,550000,0,0,0,0,0,0,0,0,0,0,,0,100,0,,0,0,0,,0,0,0,0,0,0,0,0,0,0,0,50,50,45,63,50,50,50,50,50,50,50,44,44,1,50,50,0,0,0,0,0,0,0,0,0,0,0,0,0,0,0,0,0,0,0,0,0,0,0,0,0,0,0,0,0,0,0,0,0,0,0,0,0,0,0,0,0,0,0,0,
73,426,Mantas Armalis,http://www.tsn.ca/nhl/player-bio/mantas-armalis,0,LIT,1992-09-05,28,194,76,0,False,False,False,False,False,True,True,False,False,False,0,0,0,0,0,0,0,0,0,0,0,0,,0,100,0,,0,0,0,,0,0,0,0,0,0,0,0,0,0,0,49,59,74,81,46,52,50,55,51,51,30,44,44,52,50,54,0,0,0,0,0,0,0,0,0,0,0,0,0,0,0,0,0,0,0,0,0,0,0,0,0,0,0,0,0,0,0,0,0,0,0,0,0,0,0,0,0,0,0,0,
74,427,Jeff Glass,http://www.tsn.ca/nhl/player-bio/jeff-glass,0,AB,1985-11-18,34,206,75,0,False,False,False,False,False,True,True,False,False,False,0,0,0,0,0,0,0,0,0,0,0,0,,0,100,0,,0,0,0,,0,0,0,0,0,0,0,0,0,0,0,50,65,81,82,45,52,50,56,49,49,30,45,45,52,50,55,0,0,0,0,0,0,0,0,0,0,0,0,0,0,0,0,0,0,0,0,0,0,0,0,0,0,0,0,0,0,0,0,0,0,0,0,0,0,0,0,0,0,0,0,
75,428,Ville Husso,http://www.tsn.ca/nhl/player-bio/ville-husso,30,FIN,1995-02-05,25,205,75,3,False,False,False,False,False,True,True,False,False,False,0,750000,750000,750000,750000,0,0,0,0,0,0,0,,0,100,0,8478024,0,0,0,,0,0,0,0,0,0,0,0,0,0,0,59,64,80,81,59,64,56,64,62,61,30,44,44,61,50,61,0,0,0,0,0,0,0,0,0,0,0,0,0,0,0,0,0,0,0,0,0,0,0,0,0,0,0,0,0,0,0,0,0,0,0,0,0,0,0,0,0,0,0,0,
76,429,Kevin Boyle,http://www.tsn.ca/nhl/player-bio/kevin-boyle,6,USA,1992-05-29,28,200,74,3,False,False,False,False,False,True,True,False,False,False,0,975000,975000,975000,975000,0,0,0,0,0,0,0,,0,100,0,8479294,0,0,0,,0,0,1,1,1,1,1,1,1,1,1,59,64,80,78,60,61,52,62,57,56,30,44,44,59,50,59,0,0,0,0,0,0,0,0,0,0,0,0,0,0,0,0,0,0,0,0,0,0,2,4770,0,1,1,0,8,56,0,0,0,0,0,2,0,0,0,0,0,0,80,80,
77,430,Landon Bow,http://www.tsn.ca/nhl/player-bio/landon-bow,29,USA,1995-08-23,25,214,76,1,False,False,False,False,False,True,True,False,False,False,0,700000,700000,0,0,0,0,0,0,0,0,0,,0,100,0,8479016,0,0,0,,0,1,1,1,1,1,1,1,1,1,1,53,69,86,86,48,54,50,57,50,50,30,44,44,54,50,57,0,0,0,0,0,0,0,0,0,0,0,0,0,0,0,0,0,0,0,0,0,0,1,1387,0,0,0,0,0,6,0,2,0,0,0,0,14,0,0,0,0,0,0,0,
78,508,Cayden Primeau,https://www.tsn.ca/nhl/player-bio/cayden-primeau,6,USA,1999-08-11,21,181,75,3,True,False,False,False,False,True,True,False,False,False,0,880833,966666,966666,966666,0,0,0,0,0,0,0,,0,100,0,8480051,0,0,0,,0,1,2,2,2,2,2,2,2,2,2,60,65,81,73,58,65,59,65,63,62,30,44,44,62,50,61,0,0,0,0,0,0,0,0,0,0,0,0,0,0,0,0,0,0,0,0,0,0,0,0,0,0,0,0,0,0,0,0,0,0,0,0,0,0,0,0,0,0,0,0,
79,431,Jonas Gunnarsson,http://www.tsn.ca/nhl/player-bio/jonas-gunnarsson,0,SWE,1992-03-30,28,196,73,0,False,False,False,False,False,True,True,False,False,False,0,0,0,0,0,0,0,0,0,0,0,0,,0,100,0,,0,0,0,,0,0,0,0,0,0,0,0,0,0,0,49,59,74,74,46,52,50,55,51,51,30,44,44,52,50,54,0,0,0,0,0,0,0,0,0,0,0,0,0,0,0,0,0,0,0,0,0,0,0,0,0,0,0,0,0,0,0,0,0,0,0,0,0,0,0,0,0,0,0,0,
80,509,Adam Werner,https://www.tsn.ca/nhl/player-bio/adam-werner,31,SWE,1995-01-01,25,200,72,3,True,False,False,False,False,True,True,False,False,False,0,925000,925000,925000,925000,0,0,0,0,0,0,0,,0,100,0,8479530,0,0,0,,0,1,1,1,1,1,1,1,1,1,1,57,59,74,73,59,61,51,60,58,57,30,44,44,57,50,58,0,0,0,0,0,0,0,0,0,0,0,0,0,0,0,0,0,0,0,0,0,0,14,47615,9,5,0,2,26,168,0,0,0,0,0,14,0,0,0,0,0,0,300,300,
81,433,Jamie Phillips,https://www.tsn.ca/nhl/player-bio/jamie-phillips,0,ONT,1993-03-24,27,170,73,0,False,False,False,False,False,True,True,False,False,False,0,0,0,0,0,0,0,0,0,0,0,0,,0,100,0,,0,0,0,,0,0,0,0,0,0,0,0,0,0,0,57,48,60,63,61,58,53,60,58,57,30,44,44,56,50,56,0,0,0,0,0,0,0,0,0,0,0,0,0,0,0,0,0,0,0,0,0,0,0,0,0,0,0,0,0,0,0,0,0,0,0,0,0,0,0,0,0,0,0,0,
82,441,Alexandar Georgiev,https://www.tsn.ca/nhl/player-bio/alexandar-georgiev,29,BUL,1996-02-10,24,176,73,1,False,False,False,False,False,True,True,False,False,False,0,925000,925000,0,0,0,0,0,0,0,0,0,,0,100,0,8480382,0,0,0,,0,2,2,2,2,2,2,2,2,2,2,73,72,69,66,74,72,66,72,80,73,68,55,55,72,50,68,0,0,0,0,0,0,0,0,0,0,0,0,0,0,0,0,0,0,0,0,0,0,0,0,0,0,0,0,0,0,0,0,0,0,0,0,0,0,0,0,0,0,0,0,
83,434,Dan Vladar,https://www.tsn.ca/nhl/player-bio/dan-vladar,0,CZE,1997-08-20,23,185,77,0,False,False,False,False,False,True,True,False,False,False,0,0,0,0,0,0,0,0,0,0,0,0,,0,100,0,8478435,0,0,0,,0,0,0,0,0,0,0,0,0,0,0,68,58,73,80,70,72,72,76,76,75,30,44,44,70,50,68,0,0,0,0,0,0,0,0,0,0,0,0,0,0,0,0,0,0,0,0,0,0,0,0,0,0,0,0,0,0,0,0,0,0,0,0,0,0,0,0,0,0,0,0,
84,349,Adam Wilcox,https://www.tsn.ca/nhl/player-bio/adam-wilcox,9,USA,1994-04-25,26,187,72,1,False,False,False,False,False,True,True,False,False,False,0,650000,650000,0,0,0,0,0,0,0,0,0,,0,100,0,8476330,0,0,0,,0,1,1,1,1,1,1,1,1,1,1,47,55,69,69,43,46,50,53,46,47,30,44,44,48,50,51,0,0,0,0,0,0,0,0,0,0,0,0,0,0,0,0,0,0,0,0,0,0,0,0,0,0,0,0,0,0,0,0,0,0,0,0,13,0,0,0,0,0,0,0,
85,471,Branden Komm,https://www.eliteprospects.com/player/94799/branden-komm,0,USA,1991-03-19,29,181,73,0,False,False,False,False,False,True,True,False,False,False,0,0,0,0,0,0,0,0,0,0,0,0,,0,100,0,,0,0,0,,0,0,0,0,0,0,0,0,0,0,0,51,50,63,68,51,51,50,55,51,51,30,44,44,51,50,52,0,0,0,0,0,0,0,0,0,0,0,0,0,0,0,0,0,0,0,0,0,0,0,0,0,0,0,0,0,0,0,0,0,0,0,0,0,0,0,0,0,0,0,0,
86,86,Jimmy Howard,http://www.tsn.ca/nhl/player-bio/jimmy-howard,7,USA,1984-03-25,36,218,73,1,False,False,False,False,False,True,True,False,False,False,0,4200000,4200000,0,0,0,0,0,0,0,0,0,,0,100,0,8470657,0,0,0,,0,1,1,1,1,1,1,1,1,1,1,52,74,74,80,54,50,44,55,55,52,85,73,76,55,50,59,0,0,0,0,0,0,0,0,0,0,0,0,0,0,0,0,0,0,0,0,0,0,0,0,0,0,0,0,0,0,0,0,0,0,0,0,11,0,0,0,0,0,0,0,
87,435,Michael Garteig,https://www.tsn.ca/nhl/player-bio/michael-garteig,0,BC,1991-11-04,28,190,73,0,False,False,False,False,False,True,True,False,False,False,0,0,0,0,0,0,0,0,0,0,0,0,,0,100,0,,0,0,0,,0,0,0,0,0,0,0,0,0,0,0,59,48,60,73,63,59,57,63,61,60,30,44,44,59,50,58,0,0,0,0,0,0,0,0,0,0,0,0,0,0,0,0,0,0,0,0,0,0,0,0,0,0,0,0,0,0,0,0,0,0,0,0,0,0,0,0,0,0,0,0,
88,472,Callum Booth,https://www.eliteprospects.com/player/231344/callum-booth,0,QUE,1997-05-21,23,187,75,1,True,False,False,False,False,True,True,False,False,False,0,741667,741667,0,0,0,0,0,0,0,0,0,,0,100,0,8478473,0,0,0,,0,0,0,0,0,0,0,0,0,0,0,48,53,66,76,46,48,50,54,48,48,30,44,44,49,50,52,0,0,0,0,0,0,0,0,0,0,0,0,0,0,0,0,0,0,0,0,0,0,0,0,0,0,0,0,0,0,0,0,0,0,0,0,0,0,0,0,0,0,0,0,
89,89,Pekka Rinne,http://www.tsn.ca/nhl/player-bio/pekka-rinne,30,FIN,1982-11-02,38,217,77,2,False,False,False,False,True,True,True,False,False,False,0,5500000,5500000,5500000,0,0,0,0,0,0,0,0,,0,100,0,8471469,0,0,0,,0,3,3,3,3,3,3,3,3,3,3,79,83,82,88,85,73,64,78,75,79,79,76,79,68,50,76,8,29219,6,1,1,0,18,218,0,0,0,7,4,8,4,0,1,0,0,0,1220,1220,0,0,0,0,0,0,0,0,0,0,0,0,0,0,0,0,0,0,0,0,0,0,
90,436,Jonas Johansson,https://www.tsn.ca/nhl/player-bio/jonas-johansson,0,SWE,1995-09-18,25,206,76,0,False,False,False,False,False,True,True,False,False,False,0,0,0,0,0,0,0,0,0,0,0,0,,0,100,0,8477992,0,0,0,,0,0,0,0,0,0,0,0,0,0,0,64,60,75,84,65,68,63,70,68,67,30,44,44,65,50,65,0,0,0,0,0,0,0,0,0,0,0,0,0,0,0,0,0,0,0,0,0,0,0,0,0,0,0,0,0,0,0,0,0,0,0,0,0,0,0,0,0,0,0,0,
91,91,Braden Holtby,http://www.tsn.ca/nhl/player-bio/braden-holtby,6,SKW,1989-09-16,31,211,74,1,False,False,False,False,False,True,True,False,False,False,0,7100000,7100000,0,0,0,0,0,0,0,0,0,,0,100,0,8474651,0,0,0,,0,3,3,3,3,3,3,3,3,3,3,66,88,85,80,66,66,60,67,63,66,78,71,74,68,50,68,0,0,0,0,0,0,0,0,0,0,0,0,0,0,11,0,0,0,0,0,0,0,0,0,0,0,0,0,0,0,0,0,0,0,0,0,0,0,0,0,0,0,0,0,
92,92,Marc-Andre Fleury,http://www.tsn.ca/nhl/player-bio/marc-andre-fleury,20,QUE,1984-11-28,35,180,74,2,False,False,False,False,False,True,True,False,False,False,0,8300000,8300000,8300000,0,0,0,0,0,0,0,0,,0,100,0,8470594,0,0,0,,0,3,3,3,3,3,3,3,3,3,3,76,88,87,70,75,76,67,76,75,76,84,82,88,76,50,75,12,42105,8,4,0,1,31,372,0,2,0,2,0,12,0,1,1,0,0,180,2120,2120,0,0,0,0,0,0,0,0,0,0,0,0,0,0,0,0,0,0,0,0,0,0,
93,93,Henrik Lundqvist,http://www.tsn.ca/nhl/player-bio/henrik-lundqvist,29,SWE,1982-03-01,38,180,73,1,False,False,False,False,False,True,True,False,False,False,0,6250000,6250000,0,0,0,0,0,0,0,0,0,,0,100,0,8468685,0,0,0,,0,3,3,3,3,3,3,3,3,3,3,76,80,81,69,78,73,58,77,78,75,90,83,89,72,50,74,5,18520,3,2,0,0,17,154,0,0,0,6,0,5,5,0,0,0,0,60,220,220,0,0,0,0,0,0,0,0,0,0,0,0,0,0,0,0,0,0,0,0,0,0,
94,437,Jack Flinn,http://www.eliteprospects.com/player.php?player=96217,0,NS,1995-12-20,24,223,80,0,False,False,False,False,False,True,True,False,False,False,0,0,0,0,0,0,0,0,0,0,0,0,,0,100,0,,0,0,0,,0,0,0,0,0,0,0,0,0,0,0,45,44,55,92,43,43,50,52,46,47,30,44,44,47,50,51,0,0,0,0,0,0,0,0,0,0,0,0,0,0,0,0,0,0,0,0,0,0,0,0,0,0,0,0,0,0,0,0,0,0,0,0,0,0,0,0,0,0,0,0,
95,510,Gilles Senn,https://www.eliteprospects.com/player/164037/gilles-senn,21,SUI,1996-03-01,24,203,77,3,True,False,False,False,False,True,True,False,False,False,0,817500,817500,817500,817500,0,0,0,0,0,0,0,,0,100,0,8480213,0,0,0,,0,2,2,2,2,2,2,2,2,2,2,52,54,68,86,51,54,53,58,54,54,30,44,44,54,50,56,0,0,0,0,0,0,0,0,0,0,0,0,0,0,0,0,0,0,0,0,0,0,1,3600,1,0,0,0,1,20,0,0,0,0,0,1,0,0,0,0,1,0,200,200,
96,443,Daniel Taylor,https://www.tsn.ca/nhl/player-bio/daniel-taylor,0,ENG,1986-04-28,34,198,72,0,False,False,False,False,False,True,True,False,False,False,0,0,0,0,0,0,0,0,0,0,0,0,,0,100,0,,0,0,0,,0,0,0,0,0,0,0,0,0,0,0,43,54,68,72,40,44,40,46,40,40,30,44,44,44,50,47,0,0,0,0,0,0,0,0,0,0,0,0,0,0,0,0,0,0,0,0,0,0,0,0,0,0,0,0,0,0,0,0,0,0,0,0,0,0,0,0,0,0,0,0,
97,444,Niklas Svedberg,http://www.eliteprospects.com/player.php?player=5511,0,SWE,1989-09-04,31,176,74,0,False,False,False,False,False,True,True,False,False,False,0,0,0,0,0,0,0,0,0,0,0,0,,0,100,0,,0,0,0,,0,0,0,0,0,0,0,0,0,0,0,59,75,94,68,56,63,52,62,56,55,30,45,45,59,50,59,0,0,0,0,0,0,0,0,0,0,0,0,0,0,0,0,0,0,0,0,0,0,0,0,0,0,0,0,0,0,0,0,0,0,0,0,0,0,0,0,0,0,0,0,
98,445,Samuel Montembeault,https://www.tsn.ca/nhl/player-bio/sam-montembeault,8,QUE,1996-10-30,24,192,75,3,False,False,False,False,False,True,True,False,False,False,0,708750,708750,708750,708750,0,0,0,0,0,0,0,,0,100,0,,0,0,0,,0,1,1,1,1,1,1,1,1,1,1,64,75,71,78,80,49,58,66,61,63,95,45,45,64,50,63,0,0,0,0,0,0,0,0,0,0,0,0,0,0,0,0,0,0,0,0,0,0,0,0,0,0,0,0,0,0,0,0,0,0,0,0,0,0,0,0,0,0,0,0,
99,446,Matiss Kivlenieks,https://www.tsn.ca/nhl/player-bio/matiss-kivlenieks,6,LAT,1996-08-25,24,178,74,1,False,False,False,False,False,True,True,False,False,False,0,525000,1066667,0,0,0,0,0,0,0,0,0,,0,100,0,8480162,0,0,0,,0,0,2,2,2,2,2,2,2,2,2,53,54,68,69,54,56,50,57,54,53,30,44,44,54,50,55,0,0,0,0,0,0,0,0,0,0,0,0,0,0,0,0,0,0,0,0,0,0,0,0,0,0,0,0,0,0,0,0,0,0,0,0,0,0,0,0,0,0,0,0,
100,447,Cal Petersen,https://www.tsn.ca/nhl/player-bio/cal-petersen,30,USA,1994-10-19,26,185,73,3,False,False,False,False,False,True,True,False,False,False,0,858333,858333,858333,858333,0,0,0,0,0,0,0,,0,100,0,,0,0,0,,0,1,1,1,1,1,1,1,1,1,1,72,74,70,70,80,64,66,69,80,72,45,45,45,71,50,68,0,0,0,0,0,0,0,0,0,0,0,0,0,0,0,0,0,0,0,0,0,0,0,0,0,0,0,0,0,0,0,0,0,0,0,0,0,0,0,0,0,0,0,0,
101,448,Hunter Miska,https://www.tsn.ca/nhl/player-bio/hunter-miska,29,USA,1995-07-06,25,170,73,3,False,False,False,False,False,True,True,False,False,False,0,700000,700000,700000,700000,0,0,0,0,0,0,0,,0,100,0,8480112,0,0,0,,0,1,1,1,1,1,1,1,1,1,1,63,56,70,63,67,67,58,67,66,64,30,44,44,63,50,61,0,0,0,0,0,0,0,0,0,0,0,0,0,0,0,0,0,0,0,0,0,0,14,49013,12,2,0,1,24,182,0,0,1,0,0,14,0,0,0,0,0,0,720,720,
103,449,Connor Ingram,https://www.tsn.ca/nhl/player-bio/connor-ingram,2,SKW,1997-03-31,23,204,73,3,False,False,False,False,False,True,True,False,False,False,0,925000,925000,925000,925000,0,0,0,0,0,0,0,,0,100,0,8478971,0,0,0,,0,1,1,1,1,1,1,1,1,1,1,69,64,80,76,70,71,72,77,73,73,30,44,44,70,50,68,0,0,0,0,0,0,0,0,0,0,0,0,0,0,0,0,0,0,0,0,0,0,14,48096,10,4,0,6,17,205,0,0,0,0,0,14,0,0,1,0,0,0,1985,1985,
104,450,Danny Taylor,https://www.tsn.ca/nhl/player-bio/danny-taylor,0,ENG,1986-04-28,34,198,72,0,False,False,False,False,False,True,True,False,False,False,0,0,0,0,0,0,0,0,0,0,0,0,,0,100,0,,0,0,0,,0,0,0,0,0,0,0,0,0,0,0,51,56,70,72,50,53,50,56,51,51,30,44,44,52,50,54,0,0,0,0,0,0,0,0,0,0,0,0,0,0,0,0,0,0,0,0,0,0,0,0,0,0,0,0,0,0,0,0,0,0,0,0,0,0,0,0,0,0,0,0,
105,451,Michael McNiven,https://www.tsn.ca/nhl/player-bio/michael-mcniven,0,ONT,1997-07-08,23,221,73,0,True,False,False,False,False,True,True,False,False,False,0,0,0,0,0,0,0,0,0,0,0,0,,0,100,0,8478933,0,0,0,,0,0,0,0,0,0,0,0,0,0,0,55,58,73,80,53,57,58,62,58,58,30,44,44,57,50,58,0,0,0,0,0,0,0,0,0,0,0,0,0,0,0,0,0,0,0,0,0,0,0,0,0,0,0,0,0,0,0,0,0,0,0,0,0,0,0,0,0,0,0,0,
106,452,Marek Mazanec,http://www.tsn.ca/nhl/player-bio/marek-mazanec,0,CZE,1991-07-17,29,187,76,0,False,False,False,False,False,True,True,False,False,False,0,0,0,0,0,0,0,0,0,0,0,0,,0,100,0,,0,0,0,,0,0,0,0,0,0,0,0,0,0,0,52,65,81,79,48,54,50,57,51,51,30,46,46,53,50,56,0,0,0,0,0,0,0,0,0,0,0,0,0,0,0,0,0,0,0,0,0,0,0,0,0,0,0,0,0,0,0,0,0,0,0,0,0,0,0,0,0,0,0,0,
107,453,Chris Nell,https://www.tsn.ca/nhl/player-bio/chris-nell,0,USA,1994-09-02,26,178,73,0,False,False,False,False,False,True,True,False,False,False,0,0,0,0,0,0,0,0,0,0,0,0,,0,100,0,,0,0,0,,0,0,0,0,0,0,0,0,0,0,0,66,50,63,67,70,65,72,75,71,71,30,44,44,67,50,64,0,0,0,0,0,0,0,0,0,0,0,0,0,0,0,0,0,0,0,0,0,0,0,0,0,0,0,0,0,0,0,0,0,0,0,0,0,0,0,0,0,0,0,0,
108,454,Marcus Hogberg,https://www.tsn.ca/nhl/player-bio/marcus-hogberg,11,SWE,1994-11-24,25,209,77,2,False,False,False,False,False,True,True,False,False,False,0,0,625000,625000,0,0,0,0,0,0,0,0,,0,100,0,8477405,0,0,0,,0,3,3,3,3,3,3,3,3,3,3,70,71,67,87,75,64,57,70,73,70,75,46,46,68,50,67,0,0,0,0,0,0,0,0,0,0,0,0,0,0,11,0,0,0,0,0,0,0,0,0,0,0,0,0,0,0,0,0,0,0,0,0,0,0,0,0,0,0,0,0,
109,455,Evan Cowley,https://www.tsn.ca/nhl/player-bio/evan-cowley,0,USA,1995-07-31,25,201,76,0,True,False,False,False,False,True,True,False,False,False,0,0,0,0,0,0,0,0,0,0,0,0,,0,100,0,,0,0,0,,0,0,0,0,0,0,0,0,0,0,0,50,47,59,83,51,53,50,55,54,53,30,44,44,52,50,54,0,0,0,0,0,0,0,0,0,0,0,0,0,0,0,0,0,0,0,0,0,0,0,0,0,0,0,0,0,0,0,0,0,0,0,0,0,0,0,0,0,0,0,0,
110,456,Ivan Kulbakov,https://www.eliteprospects.com/player/239200/ivan-kulbakov,0,BLR,1996-09-18,24,183,72,0,False,False,False,False,False,True,True,False,False,False,0,0,0,0,0,0,0,0,0,0,0,0,,0,100,0,,0,0,0,,0,0,0,0,0,0,0,0,0,0,0,50,57,71,67,48,50,50,55,49,49,30,44,44,51,50,52,0,0,0,0,0,0,0,0,0,0,0,0,0,0,0,0,0,0,0,0,0,0,0,0,0,0,0,0,0,0,0,0,0,0,0,0,0,0,0,0,0,0,0,0,
111,457,Matt Tomkins,https://www.tsn.ca/nhl/player-bio/matt-tomkins,27,AB,1994-06-19,26,194,75,1,True,False,False,False,False,True,True,False,False,False,0,925000,925000,0,0,0,0,0,0,0,0,0,,0,100,0,8477035,0,0,0,,0,1,1,1,1,1,1,1,1,1,1,52,63,79,79,49,53,50,57,49,49,30,44,44,53,50,55,0,0,0,0,0,0,0,0,0,0,0,0,0,0,0,0,0,0,0,0,0,0,13,40554,7,4,1,1,38,324,0,2,0,2,1,13,0,0,0,2,1,240,1130,1130,
112,458,Tyler Parsons,https://www.tsn.ca/nhl/player-bio/tyler-parsons,0,USA,1997-09-18,23,185,73,0,True,False,False,False,False,True,True,False,False,False,0,0,0,0,0,0,0,0,0,0,0,0,,0,100,0,,0,0,0,,0,0,0,0,0,0,0,0,0,0,0,49,47,59,70,49,49,50,54,49,49,30,44,44,50,50,51,0,0,0,0,0,0,0,0,0,0,0,0,0,0,0,0,0,0,0,0,0,0,0,0,0,0,0,0,0,0,0,0,0,0,0,0,0,0,0,0,0,0,0,0,
113,459,Adam Carlson,https://www.tsn.ca/nhl/player-bio/adam-carlson,0,USA,1994-02-13,26,175,75,0,False,False,False,False,False,True,True,False,False,False,0,0,0,0,0,0,0,0,0,0,0,0,,0,100,0,8479281,0,0,0,,0,0,0,0,0,0,0,0,0,0,0,52,49,61,70,53,52,52,57,53,53,30,44,44,53,50,54,0,0,0,0,0,0,0,0,0,0,0,0,0,0,0,0,0,0,0,0,0,0,0,0,0,0,0,0,0,0,0,0,0,0,0,0,0,0,0,0,0,0,0,0,
114,460,Parker Gahagen,http://www.eliteprospects.com/player.php?player=149171,0,USA,1993-05-17,27,194,74,0,False,False,False,False,False,True,True,False,False,False,0,0,0,0,0,0,0,0,0,0,0,0,,0,100,0,8480481,0,0,0,,0,0,0,0,0,0,0,0,0,0,0,44,52,65,76,40,43,50,52,44,45,30,44,44,46,50,50,0,0,0,0,0,0,0,0,0,0,0,0,0,0,0,0,0,0,0,0,0,0,0,0,0,0,0,0,0,0,0,0,0,0,0,0,0,0,0,0,0,0,0,0,
115,461,Filip Gustavsson,https://www.tsn.ca/nhl/player-bio/filip-gustavsson,0,SWE,1998-06-07,22,184,74,0,False,False,False,False,False,True,True,False,False,False,0,0,0,0,0,0,0,0,0,0,0,0,,0,100,0,8479406,0,0,0,,0,0,0,0,0,0,0,0,0,0,0,50,57,71,72,47,52,50,55,50,50,30,44,44,51,50,53,0,0,0,0,0,0,0,0,0,0,0,0,0,0,0,0,0,0,0,0,0,0,0,0,0,0,0,0,0,0,0,0,0,0,0,0,0,0,0,0,0,0,0,0,
116,462,Mason McDonald,https://www.tsn.ca/nhl/player-bio/mason-mcdonald,0,NS,1996-04-23,24,200,76,0,True,False,False,False,False,True,True,False,False,False,0,0,0,0,0,0,0,0,0,0,0,0,,0,100,0,,0,0,0,,0,0,0,0,0,0,0,0,0,0,0,45,47,59,83,43,44,50,52,46,47,30,44,44,47,50,51,0,0,0,0,0,0,0,0,0,0,0,0,0,0,0,0,0,0,0,0,0,0,0,0,0,0,0,0,0,0,0,0,0,0,0,0,0,0,0,0,0,0,0,0,
118,463,Matej Machovsky,https://www.tsn.ca/nhl/player-bio/matej-machovsky,0,CZE,1993-07-25,27,191,74,0,False,False,False,False,False,True,True,False,False,False,0,0,0,0,0,0,0,0,0,0,0,0,,0,100,0,,0,0,0,,0,0,0,0,0,0,0,0,0,0,0,57,47,59,74,60,57,60,64,60,60,30,44,44,58,50,58,0,0,0,0,0,0,0,0,0,0,0,0,0,0,0,0,0,0,0,0,0,0,0,0,0,0,0,0,0,0,0,0,0,0,0,0,0,0,0,0,0,0,0,0,
120,119,Devan Dubnyk,http://www.tsn.ca/nhl/player-bio/devan-dubnyk,14,SKW,1986-05-03,34,218,78,2,False,False,False,False,True,True,True,False,False,False,0,5500000,5500000,5500000,0,0,0,0,0,0,0,0,,0,100,0,8471227,0,0,0,,0,3,3,3,3,3,3,3,3,3,3,69,87,85,90,67,70,61,69,71,69,72,72,73,60,50,71,5,14578,1,4,0,0,18,106,0,0,0,0,0,5,6,0,0,0,0,40,40,40,0,0,0,0,0,0,0,0,0,0,0,0,0,0,0,0,0,0,0,0,0,0,
122,473,Cam Johnson,https://www.tsn.ca/nhl/player-bio/cameron-johnson-309001,0,USA,1994-07-11,26,205,73,0,True,False,False,False,False,True,True,False,False,False,0,0,0,0,0,0,0,0,0,0,0,0,,0,100,0,,0,0,0,,0,0,0,0,0,0,0,0,0,0,0,48,59,74,76,43,49,50,54,48,48,30,44,44,50,50,52,0,0,0,0,0,0,0,0,0,0,0,0,0,0,0,0,0,0,0,0,0,0,0,0,0,0,0,0,0,0,0,0,0,0,0,0,0,0,0,0,0,0,0,0,
123,474,Carter Hart,https://www.tsn.ca/nhl/player-bio/carter-hart,16,AB,1998-08-12,22,180,73,2,False,False,False,False,False,True,True,False,False,False,0,863333,863333,863333,0,0,0,0,0,0,0,0,,0,100,0,8479394,0,0,0,,0,3,3,3,3,3,3,3,3,3,3,81,80,76,68,80,81,76,82,84,81,90,55,55,80,50,74,10,36527,4,4,2,0,30,328,0,0,0,8,4,10,0,0,0,2,1,0,1340,1340,0,0,0,0,0,0,0,0,0,0,0,0,0,0,0,0,0,0,0,0,0,0,
124,123,James Reimer,http://www.tsn.ca/nhl/player-bio/james-reimer,29,MB,1988-03-15,32,217,74,1,False,False,False,False,False,True,True,False,False,False,0,3500000,3500000,0,0,0,0,0,0,0,0,0,,0,100,0,8473503,0,0,0,,0,3,3,3,3,3,3,3,3,3,3,77,63,64,82,82,72,75,77,82,77,79,68,69,76,50,74,5,18517,4,0,1,0,17,128,0,0,0,3,0,5,5,0,0,0,0,0,200,200,0,0,0,0,0,0,0,0,0,0,0,0,0,0,0,0,0,0,0,0,0,0,
125,475,Charles Williams,https://www.eliteprospects.com/player/45679/charles-williams,0,USA,1992-03-12,28,194,70,0,False,False,False,False,False,True,True,False,False,False,0,0,0,0,0,0,0,0,0,0,0,0,,0,100,0,,0,0,0,,0,0,0,0,0,0,0,0,0,0,0,67,54,68,66,70,66,72,76,71,71,30,44,44,68,50,65,0,0,0,0,0,0,0,0,0,0,0,0,0,0,0,0,0,0,0,0,0,0,0,0,0,0,0,0,0,0,0,0,0,0,0,0,0,0,0,0,0,0,0,0,
126,476,Colton Phinney,https://www.eliteprospects.com/player/180926/colton-phinney,0,USA,1993-06-17,27,174,73,0,False,False,False,False,False,True,True,False,False,False,0,0,0,0,0,0,0,0,0,0,0,0,,0,100,0,,0,0,0,,0,0,0,0,0,0,0,0,0,0,0,41,47,59,65,40,42,40,45,40,40,30,44,44,42,50,45,0,0,0,0,0,0,0,0,0,0,0,0,0,0,0,0,0,0,0,0,0,0,0,0,0,0,0,0,0,0,0,0,0,0,0,0,0,0,0,0,0,0,0,0,
127,477,Colton Point,https://www.eliteprospects.com/player/275708/colton-point,0,ONT,1998-03-04,22,220,76,2,True,False,False,False,False,True,True,False,False,False,0,875000,875000,875000,0,0,0,0,0,0,0,0,,0,100,0,8479589,0,0,0,,0,0,0,0,0,0,0,0,0,0,0,45,52,65,88,41,44,50,52,45,46,30,44,44,47,50,51,0,0,0,0,0,0,0,0,0,0,0,0,0,0,0,0,0,0,0,0,0,0,0,0,0,0,0,0,0,0,0,0,0,0,0,0,0,0,0,0,0,0,0,0,
128,478,Connor LaCouvee,https://www.eliteprospects.com/player/84730/connor-lacouvee,0,BC,1994-05-24,26,201,73,0,False,False,False,False,False,True,True,False,False,False,0,0,0,0,0,0,0,0,0,0,0,0,,0,100,0,,0,0,0,,0,0,0,0,0,0,0,0,0,0,0,59,54,68,75,61,59,60,65,61,61,30,44,44,60,50,60,0,0,0,0,0,0,0,0,0,0,0,0,0,0,0,0,0,0,0,0,0,0,0,0,0,0,0,0,0,0,0,0,0,0,0,0,0,0,0,0,0,0,0,0,
129,479,Devin Williams,https://www.eliteprospects.com/player/145969/devin-williams,0,USA,1995-10-30,25,174,72,0,True,False,False,False,False,True,True,False,False,False,0,0,0,0,0,0,0,0,0,0,0,0,,0,100,0,,0,0,0,,0,0,0,0,0,0,0,0,0,0,0,67,52,65,62,70,66,72,76,71,71,30,44,44,68,50,64,0,0,0,0,0,0,0,0,0,0,0,0,0,0,0,0,0,0,0,0,0,0,0,0,0,0,0,0,0,0,0,0,0,0,0,0,0,0,0,0,0,0,0,0,
130,480,Dylan Wells,https://www.eliteprospects.com/player/239801/dylan-wells,28,ONT,1998-01-03,22,185,73,2,False,False,False,False,False,True,True,False,False,False,0,910833,910833,910833,0,0,0,0,0,0,0,0,,0,100,0,8479380,0,0,0,,0,0,0,0,0,0,0,0,0,0,0,45,44,55,70,44,44,50,52,46,47,30,44,44,47,50,49,0,0,0,0,0,0,0,0,0,0,0,0,0,0,0,0,0,0,0,0,0,0,0,0,0,0,0,0,0,0,0,0,0,0,0,0,0,0,0,0,0,0,0,0,
131,481,Etienne Marcoux,https://www.eliteprospects.com/player/45170/etienne-marcoux,0,QUE,1993-09-29,27,168,72,0,False,False,False,False,False,True,True,False,False,False,0,0,0,0,0,0,0,0,0,0,0,0,,0,100,0,,0,0,0,,0,0,0,0,0,0,0,0,0,0,0,46,53,66,60,42,54,50,53,54,53,30,44,44,50,50,51,0,0,0,0,0,0,0,0,0,0,0,0,0,0,0,0,0,0,0,0,0,0,0,0,0,0,0,0,0,0,0,0,0,0,0,0,0,0,0,0,0,0,0,0,
132,482,Evan Cormier,https://www.tsn.ca/nhl/player-bio/evan-cormier,0,ONT,1997-11-05,22,202,75,2,False,False,False,False,False,True,True,False,False,False,0,718333,718333,718333,0,0,0,0,0,0,0,0,,0,100,0,8479331,0,0,0,,0,0,0,0,0,0,0,0,0,0,0,47,48,60,81,45,46,50,53,47,48,30,44,44,48,50,51,0,0,0,0,0,0,0,0,0,0,0,0,0,0,0,0,0,0,0,0,0,0,0,0,0,0,0,0,0,0,0,0,0,0,0,0,0,0,0,0,0,0,0,0,
133,483,Evan Fitzpatrick,https://www.tsn.ca/nhl/player-bio/evan-fitzpatrick,11,NFL,1998-01-27,22,206,75,3,True,False,False,False,False,True,True,False,False,False,0,700000,700000,700000,700000,0,0,0,0,0,0,0,,0,100,0,,0,0,0,,0,2,2,2,2,2,2,2,2,2,2,53,57,71,82,51,53,55,59,53,53,30,44,44,54,50,56,0,0,0,0,0,0,0,0,0,0,0,0,0,0,0,0,0,0,0,0,0,0,0,0,0,0,0,0,0,0,0,0,0,0,0,0,0,0,0,0,0,0,0,0,
134,484,Ilya Samsonov,https://www.tsn.ca/nhl/player-bio/ilya-samsonov,4,USA,1997-02-21,23,200,75,3,True,False,False,False,False,True,True,False,False,False,0,925000,1475000,1475000,1475000,0,0,0,0,0,0,0,,0,100,0,8478492,0,0,0,,0,1,1,1,1,1,1,1,1,1,1,77,63,60,80,82,72,75,76,82,77,75,46,46,75,50,71,0,0,0,0,0,0,0,0,0,0,0,0,0,0,0,0,0,0,0,0,0,0,14,48319,13,0,0,6,16,198,0,0,0,0,0,14,0,0,2,0,0,320,1965,1965,
135,485,Jake Oettinger,https://www.eliteprospects.com/player/247982/jake-oettinger,13,USA,1998-12-18,21,212,76,2,False,False,False,False,False,True,True,False,False,False,0,925000,925000,925000,0,0,0,0,0,0,0,0,,0,100,0,8479979,0,0,0,,0,1,1,1,1,1,1,1,1,1,1,59,52,65,86,63,63,56,63,63,62,30,44,44,60,50,61,0,0,0,0,0,0,0,0,0,0,0,0,0,0,0,0,0,0,0,0,0,0,3,8664,1,1,0,0,6,43,0,0,0,0,0,2,12,0,0,0,0,0,80,80,
136,486,Jeremy Helvig,https://www.tsn.ca/nhl/player-bio/jeremy-helvig,2,ONT,1997-05-24,23,207,76,3,True,False,False,False,False,True,True,False,False,False,0,785000,785000,785000,785000,0,0,0,0,0,0,0,,0,100,0,8479532,0,0,0,,0,0,0,0,0,0,0,0,0,0,0,47,52,65,84,43,45,53,55,47,48,30,44,44,49,50,52,0,0,0,0,0,0,0,0,0,0,0,0,0,0,0,0,0,0,0,0,0,0,0,0,0,0,0,0,0,0,0,0,0,0,0,0,0,0,0,0,0,0,0,0,
137,487,Joey Daccord,https://www.eliteprospects.com/player/248377/joey-daccord,0,USA,1996-08-19,24,196,74,1,True,False,False,False,False,True,True,False,False,False,0,925000,925000,0,0,0,0,0,0,0,0,0,,0,100,0,8478916,0,0,0,,0,0,0,0,0,0,0,0,0,0,0,60,60,75,77,62,64,55,64,61,60,30,44,44,60,50,61,0,0,0,0,0,0,0,0,0,0,0,0,0,0,0,0,0,0,0,0,0,0,0,0,0,0,0,0,0,0,0,0,0,0,0,0,0,0,0,0,0,0,0,0,
138,488,Josef Korenar,https://www.eliteprospects.com/player/225184/josef-korenar,0,CZE,1998-01-31,22,185,73,2,False,False,False,False,False,True,True,False,False,False,0,723333,723333,723333,0,0,0,0,0,0,0,0,,0,100,0,8480373,0,0,0,,0,0,0,0,0,0,0,0,0,0,0,51,63,79,70,47,53,50,56,50,50,30,44,44,52,50,54,0,0,0,0,0,0,0,0,0,0,0,0,0,0,0,0,0,0,0,0,0,0,0,0,0,0,0,0,0,0,0,0,0,0,0,0,0,0,0,0,0,0,0,0,
139,489,Kaapo Kahkonen,https://www.eliteprospects.com/player/114708/kaapo-kahkonen,23,FIN,1996-08-16,24,223,74,3,False,False,False,False,False,True,True,False,False,False,0,925000,925000,925000,925000,0,0,0,0,0,0,0,,0,100,0,8478039,0,0,0,,0,3,3,3,3,3,3,3,3,3,3,69,69,86,84,68,77,70,76,78,76,30,44,44,72,50,70,0,0,0,0,0,0,0,0,0,0,0,0,0,0,11,0,0,0,0,0,0,0,0,0,0,0,0,0,0,0,0,0,0,0,0,0,0,0,0,0,0,0,0,0,
140,490,Kaden Fulcher,https://www.eliteprospects.com/player/269479/kaden-fulcher,12,ONT,1998-09-23,22,183,75,2,True,False,False,False,False,True,True,False,False,False,0,716666,716666,716666,0,0,0,0,0,0,0,0,,0,100,0,,0,0,0,,0,1,1,1,1,1,1,1,1,1,1,43,55,69,74,40,44,40,46,40,40,30,44,44,44,50,48,0,0,0,0,0,0,0,0,0,0,0,0,0,0,0,0,0,0,0,0,0,0,1,1135,0,0,0,0,1,2,0,0,0,0,0,0,14,0,0,0,0,0,0,0,
141,491,Kevin Lankinen,https://www.eliteprospects.com/player/50662/kevin-lankinen,0,FIN,1995-04-28,25,185,74,1,False,False,False,False,False,True,True,False,False,False,0,925000,925000,0,0,0,0,0,0,0,0,0,,0,100,0,8480947,0,0,0,,0,0,0,0,0,0,0,0,0,0,0,56,54,68,73,59,58,50,59,55,54,30,44,44,55,50,56,0,0,0,0,0,0,0,0,0,0,0,0,0,0,0,0,0,0,0,0,0,0,0,0,0,0,0,0,0,0,0,0,0,0,0,0,0,0,0,0,0,0,0,0,
142,492,Max Lagace,https://www.tsn.ca/nhl/player-bio/maxime-lagace,21,QUE,1993-01-11,27,190,74,1,False,False,False,False,False,True,True,False,False,False,0,700000,700000,0,0,0,0,0,0,0,0,0,,0,100,0,,0,0,0,,0,3,3,3,3,3,3,3,3,3,3,63,63,79,75,64,70,61,68,69,67,30,44,44,65,50,64,0,0,0,0,0,0,0,0,0,0,0,0,0,0,11,0,0,0,0,0,0,0,0,0,0,0,0,0,0,0,0,0,0,0,0,0,0,0,0,0,0,0,0,0,
143,493,Merrick Madsen,https://www.eliteprospects.com/player/205590/merrick-madsen,0,USA,1995-08-22,25,176,77,1,True,False,False,False,False,True,True,False,False,False,0,767500,767500,0,0,0,0,0,0,0,0,0,,0,100,0,,0,0,0,,0,0,0,0,0,0,0,0,0,0,0,49,51,64,76,47,58,54,57,60,59,30,44,44,54,50,56,0,0,0,0,0,0,0,0,0,0,0,0,0,0,0,0,0,0,0,0,0,0,0,0,0,0,0,0,0,0,0,0,0,0,0,0,0,0,0,0,0,0,0,0,
144,494,Mikhail Berdin,https://www.tsn.ca/nhl/player-bio/mikhail-berdin,3,RUS,1998-02-28,22,163,74,3,False,False,False,False,True,True,True,False,False,False,0,758333,758333,758333,758333,0,0,0,0,0,0,0,,0,100,0,8479574,0,0,0,,0,1,1,1,1,1,1,1,1,1,1,59,62,78,63,60,63,51,61,58,57,30,44,44,58,50,58,0,0,0,0,0,0,0,0,0,0,0,0,0,0,0,0,0,0,0,0,0,0,14,49334,13,1,0,4,20,221,0,0,0,0,0,14,0,0,1,0,0,150,2065,2065,
145,495,Mikko Koskinen,https://www.tsn.ca/nhl/player-bio/mikko-koskinen,22,FIN,1988-07-17,32,209,79,6,False,False,False,False,True,True,True,False,False,False,0,4500000,4500000,4500000,4500000,4500000,4500000,4500000,0,0,0,0,,0,100,0,8475156,0,0,0,,0,3,2,2,2,2,2,2,2,2,2,80,79,76,88,81,79,77,78,86,80,65,56,56,79,50,76,11,36953,5,6,0,1,30,336,0,0,0,4,2,11,0,1,2,1,1,0,2310,2310,0,0,0,0,0,0,0,0,0,0,0,0,0,0,0,0,0,0,0,0,0,0,
146,496,Mitch Gillam,https://www.eliteprospects.com/player/145561/mitch-gillam,0,ONT,1992-09-24,28,174,72,0,False,False,False,False,False,True,True,False,False,False,0,0,0,0,0,0,0,0,0,0,0,0,,0,100,0,,0,0,0,,0,0,0,0,0,0,0,0,0,0,0,67,53,66,62,70,66,72,76,71,71,30,44,44,68,50,64,0,0,0,0,0,0,0,0,0,0,0,0,0,0,0,0,0,0,0,0,0,0,0,0,0,0,0,0,0,0,0,0,0,0,0,0,0,0,0,0,0,0,0,0,
147,497,Patrik Rybar,https://www.eliteprospects.com/player/95500/patrik-rybar,0,SVK,1993-11-09,26,190,75,0,False,False,False,False,False,True,True,False,False,False,0,0,0,0,0,0,0,0,0,0,0,0,,0,100,0,,0,0,0,,0,0,0,0,0,0,0,0,0,0,0,64,66,83,78,63,66,63,70,65,65,30,44,44,65,50,64,0,0,0,0,0,0,0,0,0,0,0,0,0,0,0,0,0,0,0,0,0,0,0,0,0,0,0,0,0,0,0,0,0,0,0,0,0,0,0,0,0,0,0,0,
148,498,Pavel Francouz,https://www.tsn.ca/nhl/player-bio/pavel-francouz,3,CZE,1990-06-02,30,172,72,3,False,False,False,False,False,True,True,False,False,False,0,1100000,1100000,1100000,1100000,0,0,0,0,0,0,0,,0,100,0,8480925,0,0,0,,0,3,3,3,3,3,3,3,3,3,3,80,76,72,61,81,79,90,80,89,81,75,47,47,81,50,74,9,29914,4,2,2,0,22,274,0,0,0,3,0,8,2,0,1,0,0,80,1360,1360,0,0,0,0,0,0,0,0,0,0,0,0,0,0,0,0,0,0,0,0,0,0,
149,499,Shane Starrett,https://www.eliteprospects.com/player/248311/shane-starrett,0,USA,1994-07-12,26,190,77,0,False,False,False,False,False,True,True,False,False,False,0,0,0,0,0,0,0,0,0,0,0,0,,0,100,0,8480101,0,0,0,,0,0,0,0,0,0,0,0,0,0,0,47,58,73,83,43,47,50,54,46,47,30,44,44,49,50,53,0,0,0,0,0,0,0,0,0,0,0,0,0,0,0,0,0,0,0,0,0,0,0,0,0,0,0,0,0,0,0,0,0,0,0,0,0,0,0,0,0,0,0,0,
150,500,Stuart Skinner,https://www.eliteprospects.com/player/166664/stuart-skinner,0,AB,1998-11-01,22,203,75,2,False,False,False,False,False,True,True,False,False,False,0,875000,875000,875000,0,0,0,0,0,0,0,0,,0,100,0,8479973,0,0,0,,0,0,0,0,0,0,0,0,0,0,0,50,54,68,81,48,51,50,55,50,50,30,44,44,51,50,54,0,0,0,0,0,0,0,0,0,0,0,0,0,0,0,0,0,0,0,0,0,0,0,0,0,0,0,0,0,0,0,0,0,0,0,0,0,0,0,0,0,0,0,0,
151,511,Michael Dipietro,https://www.tsn.ca/nhl/player-bio/michael-dipietro,0,ONT,1999-06-09,21,200,72,3,True,False,False,False,False,True,True,False,False,False,0,811667,811667,811667,811667,0,0,0,0,0,0,0,,0,100,0,8480022,0,0,0,,0,0,0,0,0,0,0,0,0,0,0,59,67,84,73,58,61,53,62,57,56,30,44,44,59,50,59,0,0,0,0,0,0,0,0,0,0,0,0,0,0,0,0,0,0,0,0,0,0,0,0,0,0,0,0,0,0,0,0,0,0,0,0,0,0,0,0,0,0,0,0,
152,512,David Ayres,https://www.eliteprospects.com/player/400710/david-ayres,22,ONT,1977-08-12,43,201,72,1,True,False,False,False,True,True,True,False,False,False,0,750000,750000,0,0,0,0,0,0,0,0,0,,0,100,0,,0,0,0,,0,2,2,2,2,2,2,2,2,2,2,40,40,50,73,40,40,40,44,40,40,30,44,44,41,50,45,0,0,0,0,0,0,0,0,0,0,0,0,0,0,0,0,0,0,0,0,0,0,0,0,0,0,0,0,0,0,0,0,0,0,0,0,0,0,0,0,0,0,0,0,
153,513,Veini Vehvilainen,http://www.eliteprospects.com/player.php?player=176290,2,FIN,1997-02-13,23,183,73,3,False,False,False,False,False,True,True,False,False,False,0,925000,925000,925000,925000,0,0,0,0,0,0,0,,0,100,0,8481001,0,0,0,,0,0,0,0,0,0,0,0,0,0,0,54,65,81,69,51,59,53,59,56,55,30,44,44,56,50,57,0,0,0,0,0,0,0,0,0,0,0,0,0,0,0,0,0,0,0,0,0,0,0,0,0,0,0,0,0,0,0,0,0,0,0,0,0,0,0,0,0,0,0,0,
155,514,Joseph Woll,https://www.tsn.ca/nhl/player-bio/joseph-woll,17,USA,1998-07-12,22,200,75,3,True,False,False,False,False,True,True,False,False,False,0,800000,800000,800000,800000,0,0,0,0,0,0,0,,0,100,0,8479361,0,0,0,,0,2,2,2,2,2,2,2,2,2,2,50,64,80,80,45,52,50,55,49,49,30,44,44,52,50,54,0,0,0,0,0,0,0,0,0,0,0,0,0,0,0,0,0,0,0,0,0,0,0,0,0,0,0,0,0,0,0,0,0,0,0,0,0,0,0,0,0,0,0,0,
156,515,Artyom Zagidulin,https://www.eliteprospects.com/player/242051/artyom-zagidulin,0,RUS,1995-01-01,25,200,72,1,True,False,False,False,False,True,True,False,False,False,0,842500,842500,0,0,0,0,0,0,0,0,0,,0,100,0,8481501,0,0,0,,0,0,0,0,0,0,0,0,0,0,0,51,57,71,73,49,54,50,56,52,52,30,44,44,53,50,54,0,0,0,0,0,0,0,0,0,0,0,0,0,0,0,0,0,0,0,0,0,0,0,0,0,0,0,0,0,0,0,0,0,0,0,0,0,0,0,0,0,0,0,0,
157,516,Ivan Prosvetov,https://www.tsn.ca/nhl/player-bio/ivan-prosvetov,0,RUS,1999-03-05,21,175,77,3,True,False,False,False,False,True,True,False,False,False,0,809167,809167,809167,809167,0,0,0,0,0,0,0,,0,100,0,8481031,0,0,0,,0,0,0,0,0,0,0,0,0,0,0,60,70,88,75,59,64,51,62,58,57,30,44,44,60,50,60,0,0,0,0,0,0,0,0,0,0,0,0,0,0,0,0,0,0,0,0,0,0,0,0,0,0,0,0,0,0,0,0,0,0,0,0,0,0,0,0,0,0,0,0,
158,517,Mat Robson,https://www.eliteprospects.com/player/204278/mat-robson,0,ONT,1996-03-26,24,190,75,2,True,False,False,False,False,True,True,False,False,False,0,925000,925000,925000,0,0,0,0,0,0,0,0,,0,100,0,8481443,0,0,0,,0,0,0,0,0,0,0,0,0,0,0,52,58,73,78,51,55,50,57,53,52,30,44,44,53,50,55,0,0,0,0,0,0,0,0,0,0,0,0,0,0,0,0,0,0,0,0,0,0,0,0,0,0,0,0,0,0,0,0,0,0,0,0,0,0,0,0,0,0,0,0,
159,518,Matt Villalta,https://www.tsn.ca/nhl/player-bio/matt-villalta,0,ONT,1999-06-03,21,165,75,3,True,False,False,False,False,True,True,False,False,False,0,778333,778333,778333,778333,0,0,0,0,0,0,0,,0,100,0,8480191,0,0,0,,0,0,0,0,0,0,0,0,0,0,0,53,66,83,67,49,53,50,57,49,49,30,44,44,53,50,54,0,0,0,0,0,0,0,0,0,0,0,0,0,0,0,0,0,0,0,0,0,0,0,0,0,0,0,0,0,0,0,0,0,0,0,0,0,0,0,0,0,0,0,0,
160,519,Jakub Skarek,http://www.eliteprospects.com/player.php?player=189765,0,CZE,1999-11-10,20,196,75,3,False,False,False,False,False,True,True,False,False,False,0,778333,778333,778333,778333,0,0,0,0,0,0,0,,0,100,0,8480819,0,0,0,,0,0,0,0,0,0,0,0,0,0,0,49,52,65,79,47,48,50,54,48,48,30,44,44,50,50,52,0,0,0,0,0,0,0,0,0,0,0,0,0,0,0,0,0,0,0,0,0,0,0,0,0,0,0,0,0,0,0,0,0,0,0,0,0,0,0,0,0,0,0,0,
161,520,Andrew Shortridge,https://www.eliteprospects.com/player/191183/andrew-shortridge,0,USA,1995-04-26,25,185,76,1,True,False,False,False,False,True,True,False,False,False,0,525000,525000,0,0,0,0,0,0,0,0,0,,0,100,0,8481485,0,0,0,,0,0,0,0,0,0,0,0,0,0,0,46,53,66,78,42,45,50,53,45,46,30,44,44,48,50,51,0,0,0,0,0,0,0,0,0,0,0,0,0,0,0,0,0,0,0,0,0,0,0,0,0,0,0,0,0,0,0,0,0,0,0,0,0,0,0,0,0,0,0,0,
162,521,Zach Sawchenko,https://www.tsn.ca/nhl/player-bio/zachary-sawchenko,0,AB,1997-12-30,22,179,72,1,True,False,False,False,False,True,True,False,False,False,0,525000,525000,0,0,0,0,0,0,0,0,0,,0,100,0,,0,0,0,,0,0,0,0,0,0,0,0,0,0,0,57,52,65,65,60,58,52,60,57,56,30,44,44,56,50,56,0,0,0,0,0,0,0,0,0,0,0,0,0,0,0,0,0,0,0,0,0,0,0,0,0,0,0,0,0,0,0,0,0,0,0,0,0,0,0,0,0,0,0,0,
163,350,Anthony Peters,https://www.eliteprospects.com/player/14372/anthony-peters,0,ONT,1990-12-31,29,196,73,0,False,False,False,False,False,True,True,False,False,False,0,0,0,0,0,0,0,0,0,0,0,0,,0,100,0,,0,0,0,,0,0,0,0,0,0,0,0,0,0,0,50,59,74,74,47,52,50,55,50,50,30,44,44,52,50,54,0,0,0,0,0,0,0,0,0,0,0,0,0,0,0,0,0,0,0,0,0,0,0,0,0,0,0,0,0,0,0,0,0,0,0,0,0,0,0,0,0,0,0,0,
164,522,Ukko-Pekka Luukkonen,https://www.tsn.ca/nhl/player-bio/ukko-pekka-luukkonen,0,FIN,1999-03-09,21,196,76,3,True,False,False,False,False,True,True,False,False,False,0,778333,778333,778333,778333,0,0,0,0,0,0,0,,0,100,0,8480045,0,0,0,,0,0,0,0,0,0,0,0,0,0,0,48,62,78,82,43,48,50,54,46,47,30,44,44,50,50,53,0,0,0,0,0,0,0,0,0,0,0,0,0,0,0,0,0,0,0,0,0,0,0,0,0,0,0,0,0,0,0,0,0,0,0,0,0,0,0,0,0,0,0,0,
165,523,Emil Larmi,http://www.eliteprospects.com/player.php?player=151877,0,FIN,1996-09-28,24,185,72,1,False,False,False,False,False,True,True,False,False,False,0,792500,792500,0,0,0,0,0,0,0,0,0,,0,100,0,8481643,0,0,0,,0,0,0,0,0,0,0,0,0,0,0,48,53,66,68,45,47,50,54,47,48,30,44,44,49,50,51,0,0,0,0,0,0,0,0,0,0,0,0,0,0,0,0,0,0,0,0,0,0,0,0,0,0,0,0,0,0,0,0,0,0,0,0,0,0,0,0,0,0,0,0,
167,524,Ryan Bednard,https://www.eliteprospects.com/player/271339/ryan-bednard,0,USA,1997-05-31,23,201,77,2,True,False,False,False,False,True,True,False,False,False,0,817500,817500,817500,0,0,0,0,0,0,0,0,,0,100,0,8478920,0,0,0,,0,0,0,0,0,0,0,0,0,0,0,50,52,65,85,49,50,50,55,49,49,30,44,44,51,50,54,0,0,0,0,0,0,0,0,0,0,0,0,0,0,0,0,0,0,0,0,0,0,0,0,0,0,0,0,0,0,0,0,0,0,0,0,0,0,0,0,0,0,0,0,
168,525,Filip Larsson,https://www.eliteprospects.com/player/264409/filip-larsson,0,SWE,1998-08-17,22,181,74,3,True,False,False,False,False,True,True,False,False,False,0,836666,836666,836666,836666,0,0,0,0,0,0,0,,0,100,0,8479548,0,0,0,,0,0,0,0,0,0,0,0,0,0,0,44,49,61,71,40,42,50,51,44,45,30,44,44,46,50,49,0,0,0,0,0,0,0,0,0,0,0,0,0,0,0,0,0,0,0,0,0,0,0,0,0,0,0,0,0,0,0,0,0,0,0,0,0,0,0,0,0,0,0,0,
169,168,Thomas Greiss,http://www.tsn.ca/nhl/player-bio/thomas-greiss,4,GER,1986-01-29,34,227,73,2,False,False,False,False,True,True,True,False,False,False,0,4000000,4000000,4000000,0,0,0,0,0,0,0,0,,0,100,0,8471306,0,0,0,,0,3,3,3,3,3,3,3,3,3,3,83,67,67,83,88,79,72,84,87,83,95,65,66,76,50,77,11,40011,9,2,0,3,20,296,0,2,1,4,0,11,0,0,1,1,1,0,2550,2550,0,0,0,0,0,0,0,0,0,0,0,0,0,0,0,0,0,0,0,0,0,0,
170,169,Tuukka Rask,http://www.tsn.ca/nhl/player-bio/tuukka-rask,23,FIN,1987-03-10,33,194,75,2,False,False,False,False,False,True,True,False,False,False,0,7500000,7500000,7500000,0,0,0,0,0,0,0,0,,0,100,0,8471695,0,0,0,,0,3,3,3,3,3,3,3,3,3,3,93,77,76,79,99,87,90,92,94,93,91,73,77,90,50,85,11,40149,9,1,1,2,17,335,0,0,0,8,3,11,0,0,1,2,1,280,3500,3500,0,0,0,0,0,0,0,0,0,0,0,0,0,0,0,0,0,0,0,0,0,0,
171,526,Kevin Poulin,https://www.tsn.ca/nhl/player-bio/kevin-poulin,0,GER,1995-01-01,25,200,72,1,False,False,False,False,False,True,True,False,False,False,0,700000,700000,0,0,0,0,0,0,0,0,0,,0,100,0,8474690,0,0,0,,0,0,0,0,0,0,0,0,0,0,0,59,55,69,73,62,60,55,63,59,58,30,44,44,59,50,59,0,0,0,0,0,0,0,0,0,0,0,0,0,0,0,0,0,0,0,0,0,0,0,0,0,0,0,0,0,0,0,0,0,0,0,0,0,0,0,0,0,0,0,0,
172,171,Tyler Sims,,0,GER,1985-07-01,35,190,72,0,False,False,False,False,False,True,True,False,False,False,0,0,0,0,0,0,0,0,0,0,0,0,,0,100,0,,0,0,0,,0,0,0,0,0,0,0,0,0,0,0,50,50,70,78,50,50,50,56,50,55,51,61,57,50,50,55,0,0,0,0,0,0,0,0,0,0,0,0,0,0,0,0,0,0,0,0,0,0,0,0,0,0,0,0,0,0,0,0,0,0,0,0,0,0,0,0,0,0,0,0,
173,527,Kyle Keyser,https://www.tsn.ca/nhl/player-bio/kyle-keyser,0,USA,1999-03-08,21,178,74,3,True,False,False,False,False,True,True,False,False,False,0,733333,733333,733333,733333,0,0,0,0,0,0,0,,0,100,0,8480356,0,0,0,,0,0,0,0,0,0,0,0,0,0,0,49,56,70,69,47,49,50,55,48,48,30,44,44,50,50,52,0,0,0,0,0,0,0,0,0,0,0,0,0,0,0,0,0,0,0,0,0,0,0,0,0,0,0,0,0,0,0,0,0,0,0,0,0,0,0,0,0,0,0,0,
175,175,Alex Stalock,http://www.tsn.ca/nhl/player-bio/alex-stalock,5,USA,1987-07-28,33,198,72,1,False,False,False,False,False,True,True,False,False,False,0,1250000,1250000,0,0,0,0,0,0,0,0,0,,0,100,0,8471774,0,0,0,,0,3,3,3,3,3,3,3,3,3,3,76,63,63,72,78,74,72,77,80,76,90,60,61,74,50,71,1,3600,0,1,0,0,4,29,0,0,0,0,0,1,10,0,0,0,0,0,0,0,0,0,0,0,0,0,0,0,0,0,0,0,0,0,0,0,0,0,0,0,0,0,
185,195,Brad Thiessen,http://www.tsn.ca/nhl/player-bio/brad-thiessen,9,BC,1986-03-18,34,171,71,1,False,False,False,False,False,True,True,False,False,False,0,700000,700000,0,0,0,0,0,0,0,0,0,,0,100,0,8475097,0,0,0,,0,0,0,0,0,0,0,0,0,0,0,47,51,64,58,45,47,50,53,47,48,30,44,44,48,50,50,0,0,0,0,0,0,0,0,0,0,0,0,0,0,0,0,0,0,0,0,0,0,0,0,0,0,0,0,0,0,0,0,0,0,0,0,0,0,0,0,0,0,0,0,
187,197,Anders Nilsson,http://www.tsn.ca/nhl/player-bio/anders-nilsson,15,SWE,1990-03-18,30,232,78,5,False,False,False,False,True,True,True,False,False,False,0,3680000,3680000,3680000,3680000,3680000,3680000,0,0,0,0,0,,0,100,0,8475195,0,0,0,,0,3,3,3,3,3,3,3,3,3,3,69,59,59,95,72,66,62,70,78,70,83,59,59,69,50,69,3,6100,0,0,0,0,4,69,0,2,0,0,0,0,11,0,0,0,0,0,0,0,0,0,0,0,0,0,0,0,0,0,0,0,0,0,0,0,0,0,0,0,0,0,
190,351,Antoine Bibeau,http://www.tsn.ca/nhl/player-bio/antoine-bibeau,14,QUE,1994-05-01,26,207,75,2,False,False,False,False,False,True,True,False,False,False,0,0,925000,925000,0,0,0,0,0,0,0,0,,0,100,0,8477312,0,0,0,,0,0,0,0,0,0,0,0,0,0,0,44,52,65,82,40,43,50,52,44,45,30,44,44,46,50,50,0,0,0,0,0,0,0,0,0,0,0,0,0,0,0,0,0,0,0,0,0,0,0,0,0,0,0,0,0,0,0,0,0,0,0,0,0,0,0,0,0,0,0,0,
191,272,Philipp Grubauer,http://www.tsn.ca/nhl/player-bio/philipp-grubauer,19,GER,1991-11-21,28,191,73,2,False,False,False,False,False,True,True,False,False,False,0,3330000,3330000,3330000,0,0,0,0,0,0,0,0,,0,100,0,8475831,0,0,0,,0,3,3,3,3,3,3,3,3,3,3,84,69,68,73,89,78,72,83,85,83,79,61,62,80,50,75,12,37197,3,8,0,0,40,304,0,0,0,0,0,12,0,1,0,1,0,400,480,480,0,0,0,0,0,0,0,0,0,0,0,0,0,0,0,0,0,0,0,0,0,0,
192,202,Dustin Tokarski,http://www.tsn.ca/nhl/player-bio/dustin-tokarski,0,SKW,1989-09-15,31,205,72,0,False,False,False,False,False,True,True,False,False,False,0,0,0,0,0,0,0,0,0,0,0,0,,0,100,0,8474682,0,0,0,,0,2,2,2,2,2,2,2,2,2,2,65,54,68,74,67,64,72,75,69,70,30,44,44,67,50,65,0,0,0,0,0,0,0,0,0,0,0,0,0,0,0,0,0,0,0,0,0,0,0,0,0,0,0,0,0,0,0,0,0,0,0,0,0,0,0,0,0,0,0,0,
194,204,Jacob Markstrom,http://www.tsn.ca/nhl/player-bio/jacob-markstrom,9,SWE,1990-01-31,30,196,78,1,False,False,False,False,False,True,True,False,False,False,0,4000000,4000000,0,0,0,0,0,0,0,0,0,,0,100,0,8474593,0,0,0,,0,3,3,3,3,3,3,3,3,3,3,84,85,82,84,85,83,71,84,86,84,90,65,65,82,50,79,9,33284,4,2,3,0,23,281,0,0,0,8,3,9,3,0,0,1,0,520,1300,1300,0,0,0,0,0,0,0,0,0,0,0,0,0,0,0,0,0,0,0,0,0,0,
199,209,Robin Lehner,http://www.tsn.ca/nhl/player-bio/robin-lehner,18,SWE,1991-07-24,29,245,76,3,False,False,False,False,False,True,True,False,False,False,0,6000000,6000000,6000000,6000000,0,0,0,0,0,0,0,,0,100,0,8475215,0,0,0,,0,2,2,2,2,2,2,2,2,2,2,80,73,72,95,82,78,80,76,87,80,45,66,67,79,50,78,1,3573,0,1,0,0,3,41,0,0,0,0,0,1,4,0,0,0,0,0,220,220,0,0,0,0,0,0,0,0,0,0,0,0,0,0,0,0,0,0,0,0,0,0,
202,212,Adam Morrison,,0,CAN,1991-07-01,29,194,75,0,False,False,False,False,False,True,True,False,False,False,0,0,0,0,0,0,0,0,0,0,0,0,,0,100,0,,0,0,0,,0,0,0,0,0,0,0,0,0,0,0,45,50,62,77,60,46,45,47,45,46,55,60,61,71,50,53,0,0,0,0,0,0,0,0,0,0,0,0,0,0,0,0,0,0,0,0,0,0,0,0,0,0,0,0,0,0,0,0,0,0,0,0,0,0,0,0,0,0,0,0,
209,219,Calvin Pickard,http://www.tsn.ca/nhl/player-bio/calvin-pickard,28,NB,1992-04-14,28,207,73,3,False,False,False,False,True,True,True,False,False,False,0,700000,700000,700000,700000,0,0,0,0,0,0,0,,0,100,0,8475717,0,0,0,,0,1,1,1,1,1,1,1,1,1,1,54,58,73,77,53,58,52,58,57,56,30,57,57,56,50,58,0,0,0,0,0,0,0,0,0,0,0,0,0,0,0,0,0,0,0,0,0,0,0,0,0,0,0,0,0,0,0,0,0,0,0,0,0,0,0,0,0,0,0,0,
211,221,Carter Hutton,http://www.tsn.ca/nhl/player-bio/carter-hutton,19,ONT,1985-12-18,34,202,73,3,False,False,False,False,True,True,True,False,False,False,0,1250000,1250000,1250000,1250000,0,0,0,0,0,0,0,,0,100,0,8475622,0,0,0,,0,3,2,2,2,2,2,2,2,2,2,65,73,72,76,72,58,57,65,63,65,71,64,65,65,50,65,3,5865,0,1,0,0,3,49,0,0,0,0,0,0,12,0,0,0,0,0,0,0,0,0,0,0,0,0,0,0,0,0,0,0,0,0,0,0,0,0,0,0,0,0,
215,225,Darcy Kuemper,http://www.tsn.ca/nhl/player-bio/darcy-kuemper,26,SKW,1990-05-04,30,215,77,1,False,False,False,False,False,True,True,False,False,False,0,1850000,1850000,0,0,0,0,0,0,0,0,0,,0,100,0,8475311,0,0,0,,0,3,3,3,3,3,3,3,3,3,3,78,75,73,89,83,72,88,76,83,78,63,63,64,79,50,77,12,43154,5,7,0,0,36,389,0,2,0,0,0,12,0,0,0,1,1,120,1360,1360,0,0,0,0,0,0,0,0,0,0,0,0,0,0,0,0,0,0,0,0,0,0,
223,233,Jack Campbell,http://www.tsn.ca/nhl/player-bio/jack-campbell,28,USA,1992-01-08,28,197,75,4,False,False,False,False,False,True,True,False,False,False,0,2000000,2000000,2000000,2000000,2000000,0,0,0,0,0,0,,0,100,0,8475789,0,0,0,,0,3,3,3,3,3,3,3,3,3,3,68,62,61,79,71,64,65,68,73,68,75,52,52,67,50,66,4,12745,0,3,0,0,14,123,0,0,0,0,0,3,8,0,0,0,0,0,20,20,0,0,0,0,0,0,0,0,0,0,0,0,0,0,0,0,0,0,0,0,0,0,
224,234,Jake Allen,http://www.tsn.ca/nhl/player-bio/jake-allen,8,NB,1990-08-07,30,203,74,1,False,False,False,False,False,True,True,False,False,False,0,5250000,5250000,0,0,0,0,0,0,0,0,0,,0,100,0,8474596,0,0,0,,0,3,3,3,3,3,3,3,3,3,3,76,67,67,78,81,71,89,77,81,76,90,66,67,77,50,75,11,38400,4,6,1,1,29,295,0,0,0,3,1,11,0,1,0,2,0,140,1635,1635,0,0,0,0,0,0,0,0,0,0,0,0,0,0,0,0,0,0,0,0,0,0,
231,241,John Muse,https://www.tsn.ca/nhl/player-bio/john-muse,0,USA,1988-08-01,32,185,71,0,False,False,False,False,False,True,True,False,False,False,0,0,0,0,0,0,0,0,0,0,0,0,,0,100,0,,0,0,0,,0,0,0,0,0,0,0,0,0,0,0,62,55,69,65,65,72,60,67,72,70,30,44,44,65,50,63,0,0,0,0,0,0,0,0,0,0,0,0,0,0,0,0,0,0,0,0,0,0,0,0,0,0,0,0,0,0,0,0,0,0,0,0,0,0,0,0,0,0,0,0,
233,243,Jordan Binnington,http://www.tsn.ca/nhl/player-bio/jordan-binnington,14,ONT,1993-07-10,27,167,73,2,False,False,False,False,False,True,True,False,False,False,0,903333,903333,903333,0,0,0,0,0,0,0,0,,0,100,0,8476412,0,0,0,,0,3,3,3,3,3,3,3,3,3,3,82,82,78,62,82,82,73,83,82,82,95,55,57,80,50,74,8,25795,2,3,1,0,22,248,0,0,0,2,1,6,5,1,0,0,0,0,680,680,0,0,0,0,0,0,0,0,0,0,0,0,0,0,0,0,0,0,0,0,0,0,
235,245,Keith Kinkaid,http://www.tsn.ca/nhl/player-bio/keith-kinkaid,23,USA,1989-07-03,31,195,75,1,False,False,False,False,False,True,True,False,False,False,0,2100000,2100000,0,0,0,0,0,0,0,0,0,,0,100,0,8476234,0,0,0,,0,1,1,1,1,1,1,1,1,1,1,51,62,78,79,47,51,50,56,48,48,30,60,60,52,50,56,0,0,0,0,0,0,0,0,0,0,0,0,0,0,0,0,0,0,0,0,0,0,0,0,0,0,0,0,0,0,0,0,0,0,0,0,0,0,0,0,0,0,0,0,
237,247,Kent Simpson,http://www.tsn.ca/nhl/player-bio/kent-simpson,0,AB,1992-03-25,28,198,74,0,False,False,False,False,False,True,True,False,False,False,0,0,0,0,0,0,0,0,0,0,0,0,,0,100,0,,0,0,0,,0,0,0,0,0,0,0,0,0,0,0,48,45,56,77,48,47,50,54,49,49,95,44,44,50,50,51,0,0,0,0,0,0,0,0,0,0,0,0,0,0,0,0,0,0,0,0,0,0,0,0,0,0,0,0,0,0,0,0,0,0,0,0,0,0,0,0,0,0,0,0,
241,251,Martin Jones,http://www.tsn.ca/nhl/player-bio/martin-jones,6,BC,1990-01-10,30,195,76,3,False,False,False,False,False,True,True,False,False,False,0,6000000,6000000,6000000,6000000,0,0,0,0,0,0,0,,0,100,0,8474889,0,0,0,,0,1,2,2,2,2,2,2,2,2,2,56,85,82,81,51,62,77,60,62,57,89,67,70,64,50,66,0,0,0,0,0,0,0,0,0,0,0,0,0,0,0,0,0,0,0,0,0,0,0,0,0,0,0,0,0,0,0,0,0,0,0,0,0,0,0,0,0,0,0,0,
243,253,Michael Hutchinson,http://www.tsn.ca/nhl/player-bio/michael-hutchinson,22,ONT,1990-03-01,30,202,75,2,False,False,False,False,True,True,True,False,False,False,0,800000,800000,800000,0,0,0,0,0,0,0,0,,0,100,0,8474636,0,0,0,,0,2,2,2,2,2,2,2,2,2,2,53,61,61,81,57,48,50,55,58,53,78,59,59,55,50,57,0,0,0,0,0,0,0,0,0,0,0,0,0,0,0,0,0,0,0,0,0,0,0,0,0,0,0,0,0,0,0,0,0,0,0,0,0,0,0,0,0,0,0,0,
244,254,Mike Clemente,,0,USA,1990-07-01,30,200,74,0,False,False,False,False,False,True,True,False,False,False,0,0,0,0,0,0,0,0,0,0,0,0,,0,100,0,,0,0,0,,0,0,0,0,0,0,0,0,0,0,0,45,50,55,73,60,50,45,45,45,48,55,62,48,63,50,52,0,0,0,0,0,0,0,0,0,0,0,0,0,0,0,0,0,0,0,0,0,0,0,0,0,0,0,0,0,0,0,0,0,0,0,0,0,0,0,0,0,0,0,0,
251,261,Riley Gill,,0,USA,1985-07-01,35,215,73,0,False,False,False,False,False,True,True,False,False,False,0,0,0,0,0,0,0,0,0,0,0,0,,0,100,0,,0,0,0,,0,0,0,0,0,0,0,0,0,0,0,45,50,58,69,60,46,46,48,48,46,55,72,61,23,50,53,0,0,0,0,0,0,0,0,0,0,0,0,0,0,0,0,0,0,0,0,0,0,0,0,0,0,0,0,0,0,0,0,0,0,0,0,0,0,0,0,0,0,0,0,
258,353,Brandon Anderson,,0,CAN,1992-07-01,28,184,73,0,False,False,False,False,False,True,True,False,False,False,0,0,0,0,0,0,0,0,0,0,0,0,,0,100,2,,0,0,0,,0,0,0,0,0,0,0,0,0,0,0,45,50,62,69,60,47,49,52,52,51,55,58,49,79,50,54,0,0,0,0,0,0,0,0,0,0,0,0,0,0,0,0,0,0,0,0,0,0,0,0,0,0,0,0,0,0,0,0,0,0,0,0,0,0,0,0,0,0,0,0,
259,270,Petr Mrazek,http://www.tsn.ca/nhl/player-bio/petr-mrazek,30,CZE,1992-02-13,28,181,74,5,False,False,False,False,False,True,True,False,False,False,0,3000000,3000000,3000000,3000000,3000000,3000000,0,0,0,0,0,,0,100,0,8475852,0,0,0,,0,3,3,3,3,3,3,3,3,3,3,72,74,73,71,72,72,72,74,75,72,92,65,67,73,50,70,4,14700,4,0,0,0,8,116,0,0,0,3,0,4,8,0,0,0,1,280,780,780,0,0,0,0,0,0,0,0,0,0,0,0,0,0,0,0,0,0,0,0,0,0,
264,277,Frederik Andersen,http://www.tsn.ca/nhl/player-bio/frederik-andersen,28,DEN,1989-10-02,31,230,76,1,False,False,False,False,False,True,True,False,False,False,0,5000000,5000000,0,0,0,0,0,0,0,0,0,,0,100,0,8475883,0,0,0,,0,3,3,3,3,3,3,3,3,3,3,79,90,87,92,77,81,66,79,79,79,72,68,70,78,50,77,8,27355,2,4,2,0,27,261,0,0,0,4,1,8,3,0,1,0,0,60,800,800,0,0,0,0,0,0,0,0,0,0,0,0,0,0,0,0,0,0,0,0,0,0,
265,278,Garret Sparks,http://www.tsn.ca/nhl/player-bio/garret-sparks,18,USA,1993-06-28,27,210,75,1,False,False,False,False,False,True,True,False,False,False,0,850000,850000,0,0,0,0,0,0,0,0,0,,0,100,0,8476343,0,0,0,,0,3,3,3,3,3,3,3,3,3,3,56,54,68,83,58,60,53,60,59,58,30,47,47,57,50,59,1,2576,0,0,0,0,2,25,0,0,0,0,0,0,5,0,0,0,0,0,0,0,0,0,0,0,0,0,0,0,0,0,0,0,0,0,0,0,0,0,0,0,0,0,
267,280,Jason Missiaen,,0,CAN,1990-07-01,30,220,80,0,False,False,False,False,False,True,True,False,False,False,0,750000,0,0,0,0,0,0,0,0,0,0,,0,100,0,,0,0,0,,0,0,0,0,0,0,0,0,0,0,0,45,50,67,97,60,51,52,52,50,57,55,62,49,63,50,58,0,0,0,0,0,0,0,0,0,0,0,0,0,0,0,0,0,0,0,0,0,0,0,0,0,0,0,0,0,0,0,0,0,0,0,0,0,0,0,0,0,0,0,0,
268,281,Jean-Francois Berube,http://www.tsn.ca/nhl/player-bio/jean-francois-berube,20,QUE,1991-07-13,29,177,73,2,False,False,False,False,True,True,True,False,False,False,0,700000,700000,700000,0,0,0,0,0,0,0,0,,0,100,0,,0,0,0,,0,3,2,2,2,2,2,2,2,2,2,56,69,86,66,52,59,55,62,56,56,30,47,48,58,50,58,1,1462,0,0,0,0,1,7,0,0,0,0,0,0,12,0,0,0,0,0,0,0,0,0,0,0,0,0,0,0,0,0,0,0,0,0,0,0,0,0,0,0,0,0,
269,282,John Gibson,http://www.tsn.ca/nhl/player-bio/john-gibson-39828,12,USA,1993-07-14,27,223,75,4,False,False,False,False,False,True,True,False,False,False,0,6000000,6000000,6000000,6000000,6000000,0,0,0,0,0,0,,0,100,0,8476434,0,0,0,,0,3,3,3,3,3,3,3,3,3,3,81,88,85,86,83,79,61,81,79,81,76,66,67,74,50,76,3,10800,2,1,0,0,8,105,0,0,0,0,0,3,8,0,0,1,0,500,720,720,0,0,0,0,0,0,0,0,0,0,0,0,0,0,0,0,0,0,0,0,0,0,
270,283,Juho Olkinuora,,0,FIN,1990-07-01,30,200,74,0,False,False,False,False,False,True,True,False,False,False,0,0,0,0,0,0,0,0,0,0,0,0,,0,100,0,,0,0,0,,0,0,0,0,0,0,0,0,0,0,0,45,50,56,73,60,50,45,45,45,54,55,62,44,63,50,52,0,0,0,0,0,0,0,0,0,0,0,0,0,0,0,0,0,0,0,0,0,0,0,0,0,0,0,0,0,0,0,0,0,0,0,0,0,0,0,0,0,0,0,0,
272,285,Kieran Millan,http://tsn.ca/nhl/teams/players/bio/?id=6451,0,CAN,1989-07-01,31,190,72,0,False,False,False,False,False,True,True,False,False,False,0,0,0,0,0,0,0,0,0,0,0,0,,0,100,0,,0,0,0,,0,0,0,0,0,0,0,0,0,0,0,45,50,55,65,60,49,45,45,45,47,55,64,43,55,50,51,0,0,0,0,0,0,0,0,0,0,0,0,0,0,0,0,0,0,0,0,0,0,0,0,0,0,0,0,0,0,0,0,0,0,0,0,0,0,0,0,0,0,0,0,
273,286,Louis Domingue,http://www.tsn.ca/nhl/player-bio/louis-domingue,25,QUE,1992-03-05,28,210,75,3,False,False,False,True,False,True,True,False,False,False,0,2000000,2000000,2000000,2000000,0,0,0,0,0,0,0,,0,100,0,8475839,0,0,0,,0,1,1,1,1,1,1,1,1,1,1,48,58,58,83,50,46,46,52,55,48,87,59,59,51,50,55,0,0,0,0,0,0,0,0,0,0,0,0,0,0,0,0,0,0,0,0,0,0,0,0,0,0,0,0,0,0,0,0,0,0,0,0,0,0,0,0,0,0,0,0,
276,289,Mike Condon,http://www.tsn.ca/nhl/player-bio/mike-condon,15,USA,1990-04-26,30,195,74,2,False,False,False,False,True,True,True,False,False,False,0,750000,750000,750000,0,0,0,0,0,0,0,0,,0,100,0,8477237,0,0,0,,0,1,1,1,1,1,1,1,1,1,1,44,42,53,76,42,42,50,51,45,46,30,44,44,46,50,49,0,0,0,0,0,0,0,0,0,0,0,0,0,0,0,0,0,0,0,0,0,0,0,0,0,0,0,0,0,0,0,0,0,0,0,0,0,0,0,0,0,0,0,0,
281,294,Pat Nagle,https://www.eliteprospects.com/player/31222/pat-nagle,0,USA,1987-09-21,33,170,74,0,False,False,False,False,False,True,True,False,False,False,0,562500,0,0,0,0,0,0,0,0,0,0,,0,100,0,8476175,0,0,0,,0,0,0,0,0,0,0,0,0,0,0,64,61,76,65,65,64,62,69,64,64,30,44,44,64,50,62,0,0,0,0,0,0,0,0,0,0,0,0,0,0,0,0,0,0,0,0,0,0,0,0,0,0,0,0,0,0,0,0,0,0,0,0,0,0,0,0,0,0,0,0,
283,296,Rob Madore,http://www.tsn.ca/nhl/player-bio/rob-madore,0,USA,1988-07-01,32,179,70,0,False,False,False,False,False,True,True,False,False,False,0,0,0,0,0,0,0,0,0,0,0,0,,0,100,0,,0,0,0,,0,0,0,0,0,0,0,0,0,0,0,50,50,47,62,50,50,50,50,50,50,50,44,44,1,50,50,0,0,0,0,0,0,0,0,0,0,0,0,0,0,0,0,0,0,0,0,0,0,0,0,0,0,0,0,0,0,0,0,0,0,0,0,0,0,0,0,0,0,0,0,
285,354,Brandon Whitney,,0,CAN,1994-07-01,26,205,77,0,True,False,False,False,False,True,True,False,False,False,0,0,0,0,0,0,0,0,0,0,0,0,,0,100,0,,0,0,0,,0,0,0,0,0,0,0,0,0,0,0,45,50,65,85,60,45,45,46,45,47,55,54,46,95,50,53,0,0,0,0,0,0,0,0,0,0,0,0,0,0,0,0,0,0,0,0,0,0,0,0,0,0,0,0,0,0,0,0,0,0,0,0,0,0,0,0,0,0,0,0,
286,299,Scott Wedgewood,https://www.tsn.ca/nhl/player-bio/scott-wedgewood,1,ONT,1992-08-14,28,195,74,2,False,False,False,False,False,True,True,False,False,False,0,750000,750000,750000,0,0,0,0,0,0,0,0,,0,100,0,8475809,0,0,0,,0,1,1,1,1,1,1,1,1,1,1,52,67,84,76,48,55,50,57,51,51,30,54,54,54,50,57,0,0,0,0,0,0,0,0,0,0,0,0,0,0,0,0,0,0,0,0,0,0,0,0,0,0,0,0,0,0,0,0,0,0,0,0,0,0,0,0,0,0,0,0,
287,300,Ty Rimmer,http://www.eliteprospects.com/player.php?player=44497,0,AB,1992-07-01,28,181,72,0,False,False,False,False,False,True,True,False,False,False,0,0,0,0,0,0,0,0,0,0,0,0,,0,100,0,,0,0,0,,0,0,0,0,0,0,0,0,0,0,0,48,75,48,66,43,51,35,47,40,39,44,44,44,1,50,47,0,0,0,0,0,0,0,0,0,0,0,0,0,0,0,0,0,0,0,0,0,0,0,0,0,0,0,0,0,0,0,0,0,0,0,0,0,0,0,0,0,0,0,0,
291,304,Antti Raanta,http://www.tsn.ca/nhl/player-bio/antti-raanta,25,FIN,1989-05-11,31,195,72,3,False,False,False,False,True,True,True,False,False,False,0,5500000,5500000,5500000,5500000,0,0,0,0,0,0,0,,0,100,0,8477293,0,0,0,,0,3,3,3,3,3,3,3,3,3,3,80,56,57,71,81,78,85,77,88,80,58,62,63,78,50,74,12,43547,3,7,2,0,39,457,0,2,0,7,1,12,0,2,3,0,0,160,2380,2380,0,0,0,0,0,0,0,0,0,0,0,0,0,0,0,0,0,0,0,0,0,0,
292,305,Andrew Hammond,http://www.tsn.ca/nhl/player-bio/andrew-hammond,25,BC,1988-02-11,32,215,74,1,False,False,False,False,False,True,True,False,False,False,0,2750000,2750000,0,0,0,0,0,0,0,0,0,,0,100,0,8477202,0,0,0,,0,1,1,1,1,1,1,1,1,1,1,59,63,79,81,58,64,57,64,63,62,30,50,51,61,50,62,0,0,0,0,0,0,0,0,0,0,0,0,0,0,0,0,0,0,0,0,0,0,0,0,0,0,0,0,0,0,0,0,0,0,0,0,0,0,0,0,0,0,0,0,
294,307,Jonathan Quick,http://www.tsn.ca/nhl/player-bio/jonathan-quick,25,USA,1986-01-20,34,218,73,1,False,False,False,False,False,True,True,False,False,False,0,7250000,7250000,0,0,0,0,0,0,0,0,0,,0,100,0,8471734,0,0,0,,0,3,3,3,3,3,3,3,3,3,3,71,77,77,80,72,70,65,74,73,71,95,76,81,72,50,72,0,0,0,0,0,0,0,0,0,0,0,0,0,0,12,0,0,0,0,0,0,0,0,0,0,0,0,0,0,0,0,0,0,0,0,0,0,0,0,0,0,0,0,0,
297,310,Aaron Dell,http://www.tsn.ca/nhl/player-bio/aaron-dell,7,AB,1989-05-04,31,200,72,3,False,False,False,False,True,True,True,False,False,False,0,1300000,1300000,1300000,1300000,0,0,0,0,0,0,0,,0,100,0,8477180,0,0,0,,0,3,3,3,3,3,3,3,3,3,3,69,62,61,73,69,70,67,70,77,70,75,57,58,69,50,67,0,0,0,0,0,0,0,0,0,0,0,0,0,0,10,0,0,0,0,0,0,0,0,0,0,0,0,0,0,0,0,0,0,0,0,0,0,0,0,0,0,0,0,0,
299,312,Anton Forsberg,http://www.tsn.ca/nhl/player-bio/anton-forsberg,24,SWE,1992-11-26,27,192,75,1,False,False,False,False,False,True,True,False,False,False,0,1000000,1000000,0,0,0,0,0,0,0,0,0,,0,100,0,8476341,0,0,0,,31,3,3,3,3,3,3,3,3,3,3,55,61,76,78,55,57,50,58,53,52,30,48,48,55,50,57,0,0,0,0,0,0,0,0,0,0,0,0,0,0,11,0,0,0,0,0,0,0,0,0,0,0,0,0,0,0,0,0,0,0,0,0,0,0,0,0,0,0,0,0,
302,315,Chris Driedger,http://www.tsn.ca/nhl/player-bio/chris-driedger,8,MB,1994-05-18,26,205,76,3,False,False,False,False,False,True,True,False,False,False,0,900000,900000,900000,900000,0,0,0,0,0,0,0,,0,100,0,8476904,0,0,0,,0,3,3,3,3,3,3,3,3,3,3,69,59,57,84,77,62,96,69,77,69,75,45,45,72,50,69,1,1408,0,0,0,0,1,7,0,0,0,0,0,0,11,0,0,0,0,0,0,0,0,0,0,0,0,0,0,0,0,0,0,0,0,0,0,0,0,0,0,0,0,0,
303,316,Christopher Gibson,http://www.tsn.ca/nhl/player-bio/christopher-gibson,24,FIN,1992-12-27,27,188,73,4,False,False,False,False,True,True,True,False,False,False,0,775000,775000,775000,775000,775000,0,0,0,0,0,0,,0,100,0,8476444,0,0,0,,0,2,2,2,2,2,2,2,2,2,2,55,55,55,55,55,55,55,55,55,55,5,55,55,55,50,54,0,0,0,0,0,0,0,0,0,0,0,0,0,0,0,0,0,0,0,0,0,0,0,0,0,0,0,0,0,0,0,0,0,0,0,0,0,0,0,0,0,0,0,0,
305,318,Eric Comrie,http://www.tsn.ca/nhl/player-bio/eric-comrie,26,AB,1995-07-05,25,175,73,3,False,False,False,False,False,True,True,False,False,False,0,700000,700000,700000,700000,0,0,0,0,0,0,0,,0,100,0,8477480,0,0,0,,0,3,3,3,3,3,3,3,3,3,3,62,65,81,65,62,67,57,66,64,63,30,44,44,63,50,61,0,0,0,0,0,0,0,0,0,0,0,0,0,0,12,0,0,0,0,0,0,0,0,0,0,0,0,0,0,0,0,0,0,0,0,0,0,0,0,0,0,0,0,0,
307,320,Frans Tuohimaa,,0,FIN,1991-07-01,29,191,74,0,False,False,False,False,False,True,True,False,False,False,0,597500,0,0,0,0,0,0,0,0,0,0,,0,100,0,,0,0,0,,0,0,0,0,0,0,0,0,0,0,0,47,50,65,73,60,46,47,53,52,68,55,60,51,71,50,55,0,0,0,0,0,0,0,0,0,0,0,0,0,0,0,0,0,0,0,0,0,0,0,0,0,0,0,0,0,0,0,0,0,0,0,0,0,0,0,0,0,0,0,0,
308,321,Jared Coreau,http://www.tsn.ca/nhl/player-bio/jared-coreau,28,ONT,1991-11-04,28,235,76,2,False,False,False,False,False,True,True,False,False,False,0,700000,700000,700000,0,0,0,0,0,0,0,0,,0,100,0,8477225,0,0,0,,0,1,1,1,1,1,1,1,1,1,1,56,66,83,93,55,58,50,59,53,52,30,45,45,56,50,59,0,0,0,0,0,0,0,0,0,0,0,0,0,0,0,0,0,0,0,0,0,0,0,0,0,0,0,0,0,0,0,0,0,0,0,0,0,0,0,0,0,0,0,0,
311,324,Joel Martin,http://tsn.ca/nhl/teams/players/bio/?id=5562,0,USA,1982-07-01,38,185,73,0,False,False,False,False,False,True,True,False,False,False,0,0,0,0,0,0,0,0,0,0,0,0,,0,100,0,,0,0,0,,0,0,0,0,0,0,0,0,0,0,0,45,50,58,69,60,48,45,46,45,48,55,78,64,5,50,53,0,0,0,0,0,0,0,0,0,0,0,0,0,0,0,0,0,0,0,0,0,0,0,0,0,0,0,0,0,0,0,0,0,0,0,0,0,0,0,0,0,0,0,0,
314,327,Laurent Brossoit,http://www.tsn.ca/nhl/player-bio/laurent-brossoit,26,BC,1993-03-22,27,204,75,5,False,False,False,False,False,True,True,False,False,False,0,2300000,2300000,2300000,2300000,2300000,2300000,0,0,0,0,0,,0,100,0,8476316,0,0,0,,0,1,1,1,1,1,1,1,1,1,1,59,53,53,81,65,54,53,57,62,59,45,53,53,58,50,59,0,0,0,0,0,0,0,0,0,0,0,0,0,0,0,0,0,0,0,0,0,0,12,43441,9,1,2,4,22,236,0,4,1,0,0,12,0,0,0,1,0,40,1705,1705,
315,328,Mac Carruth,http://www.tsn.ca/nhl/player-bio/mac-carruth,0,USA,1992-03-25,28,190,74,0,False,False,False,False,False,True,True,False,False,False,0,616667,0,0,0,0,0,0,0,0,0,0,,0,100,0,,0,0,0,,0,0,0,0,0,0,0,0,0,0,0,47,51,64,75,45,47,50,53,47,48,30,44,44,49,50,51,0,0,0,0,0,0,0,0,0,0,0,0,0,0,0,0,0,0,0,0,0,0,0,0,0,0,0,0,0,0,0,0,0,0,0,0,0,0,0,0,0,0,0,0,
316,329,Malcolm Subban,http://www.tsn.ca/nhl/player-bio/malcolm-subban,3,ONT,1993-12-21,26,200,74,1,False,False,False,False,False,True,True,False,False,False,0,1400000,1400000,0,0,0,0,0,0,0,0,0,,0,100,0,8476876,0,0,0,,0,2,2,2,2,2,2,2,2,2,2,54,54,54,78,57,51,58,58,59,54,95,52,52,56,50,57,0,0,0,0,0,0,0,0,0,0,0,0,0,0,0,0,0,0,0,0,0,0,0,0,0,0,0,0,0,0,0,0,0,0,0,0,0,0,0,0,0,0,0,0,
317,330,Mark Guggenberger,,0,USA,1989-07-01,31,208,75,0,False,False,False,False,False,True,True,False,False,False,0,0,0,0,0,0,0,0,0,0,0,0,,0,100,0,,0,0,0,,0,0,0,0,0,0,0,0,0,0,0,45,50,64,77,60,47,47,53,50,47,55,64,58,55,50,55,0,0,0,0,0,0,0,0,0,0,0,0,0,0,0,0,0,0,0,0,0,0,0,0,0,0,0,0,0,0,0,0,0,0,0,0,0,0,0,0,0,0,0,0,
318,331,Mathias Niederberger,,0,DEU,1992-07-01,28,170,71,0,False,False,False,False,False,True,True,False,False,False,0,0,0,0,0,0,0,0,0,0,0,0,,0,100,0,,0,0,0,,0,0,0,0,0,0,0,0,0,0,0,45,50,56,61,60,50,45,46,45,49,55,58,52,79,50,51,0,0,0,0,0,0,0,0,0,0,0,0,0,0,0,0,0,0,0,0,0,0,0,0,0,0,0,0,0,0,0,0,0,0,0,0,0,0,0,0,0,0,0,0,
320,333,Matt Murray,https://www.tsn.ca/nhl/player-bio/matt-murray,2,ONT,1994-05-25,26,178,76,1,False,False,False,False,False,True,True,False,False,False,0,3750000,3750000,0,0,0,0,0,0,0,0,0,,0,100,0,8476899,0,0,0,,0,3,3,3,3,3,3,3,3,3,3,73,78,75,74,75,71,67,74,75,73,84,59,60,65,50,70,0,0,0,0,0,0,0,0,0,0,0,0,0,0,11,0,0,0,0,0,0,0,0,0,0,0,0,0,0,0,0,0,0,0,0,0,0,0,0,0,0,0,0,0,
321,334,Michael Houser,http://www.tsn.ca/nhl/player-bio/michael-houser,0,USA,1992-07-01,28,185,73,0,False,False,False,False,False,True,True,False,False,False,0,585000,0,0,0,0,0,0,0,0,0,0,,0,100,0,,0,0,0,,0,0,0,0,0,0,0,0,0,0,0,55,70,47,68,47,53,63,65,53,55,55,44,44,1,50,55,0,0,0,0,0,0,0,0,0,0,0,0,0,0,0,0,0,0,0,0,0,0,0,0,0,0,0,0,0,0,0,0,0,0,0,0,0,0,0,0,0,0,0,0,
323,336,Patrik Bartosak,,0,CZE,1993-07-01,27,193,73,0,False,False,False,False,False,True,True,False,False,False,0,0,0,0,0,0,0,0,0,0,0,0,,0,100,0,,0,0,0,,0,0,0,0,0,0,0,0,0,0,0,50,51,59,69,63,63,58,59,58,58,55,56,40,87,50,58,0,0,0,0,0,0,0,0,0,0,0,0,0,0,0,0,0,0,0,0,0,0,0,0,0,0,0,0,0,0,0,0,0,0,0,0,0,0,0,0,0,0,0,0,
324,337,Philippe Trudeau,http://tsn.ca/nhl/teams/players/bio/?id=9545,0,CAN,1993-07-01,27,215,78,0,False,False,False,False,False,True,True,False,False,False,0,0,0,0,0,0,0,0,0,0,0,0,,0,100,0,,0,0,0,,0,0,0,0,0,0,0,0,0,0,0,45,50,66,89,60,45,45,45,45,47,55,54,39,95,50,53,0,0,0,0,0,0,0,0,0,0,0,0,0,0,0,0,0,0,0,0,0,0,0,0,0,0,0,0,0,0,0,0,0,0,0,0,0,0,0,0,0,0,0,0,
326,339,Troy Grosenick,http://www.tsn.ca/nhl/player-bio/troy-grosenick,15,USA,1989-08-27,31,185,73,2,False,False,False,False,False,True,True,False,False,False,0,950000,950000,950000,0,0,0,0,0,0,0,0,,0,100,0,8477234,0,0,0,,0,1,1,1,1,1,1,1,1,1,1,65,69,86,70,65,68,63,71,66,65,30,44,44,66,50,64,0,0,0,0,0,0,0,0,0,0,0,0,0,0,0,0,0,0,0,0,0,0,0,0,0,0,0,0,0,0,0,0,0,0,0,0,0,0,0,0,0,0,0,0,
327,340,Vitek Vanecek,http://www.tsn.ca/nhl/player-bio/vitek-vanecek,2,CZE,1996-01-08,24,180,73,3,False,False,False,False,False,True,True,False,False,False,0,1000000,1000000,1000000,1000000,0,0,0,0,0,0,0,,0,100,0,8477970,0,0,0,,0,1,1,1,1,1,1,1,1,1,1,63,63,79,68,63,65,64,70,65,65,30,44,44,64,50,63,0,0,0,0,0,0,0,0,0,0,0,0,0,0,0,0,0,0,0,0,0,0,1,2304,0,0,0,0,1,16,0,0,0,0,0,0,14,0,0,0,0,0,0,0,
328,341,Anthony Stolarz,https://www.tsn.ca/nhl/player-bio/anthony-stolarz,10,USA,1994-01-20,26,210,78,2,False,False,False,False,False,True,True,False,False,False,0,750000,750000,750000,0,0,0,0,0,0,0,0,,0,100,0,8476932,0,0,0,,0,2,2,2,2,2,2,2,2,2,2,63,61,76,88,66,65,55,65,62,61,30,45,45,62,50,63,0,0,0,0,0,0,0,0,0,0,0,0,0,0,0,0,0,0,0,0,0,0,0,0,0,0,0,0,0,0,0,0,0,0,0,0,0,0,0,0,0,0,0,0,
330,355,C.J. Motte,https://www.eliteprospects.com/player/39407/c.j.-motte,0,USA,1991-12-10,28,175,72,0,False,False,False,False,False,True,True,False,False,False,0,0,0,0,0,0,0,0,0,0,0,0,,0,100,0,,0,0,0,,0,0,0,0,0,0,0,0,0,0,0,50,52,65,63,48,49,55,58,51,52,30,44,44,52,50,53,0,0,0,0,0,0,0,0,0,0,0,0,0,0,0,0,0,0,0,0,0,0,0,0,0,0,0,0,0,0,0,0,0,0,0,0,0,0,0,0,0,0,0,0,
331,356,Connor Hellebuyck,http://www.tsn.ca/nhl/player-bio/connor-hellebuyck,27,USA,1993-05-18,27,207,76,5,False,False,False,False,False,True,True,False,False,False,0,7000000,7000000,7000000,7000000,7000000,7000000,0,0,0,0,0,,0,100,0,8476945,0,0,0,,0,3,3,3,3,3,3,3,3,3,3,89,95,91,84,87,90,75,89,88,89,89,65,66,87,50,82,11,37240,9,2,0,1,20,323,0,2,0,11,1,11,0,0,4,1,0,0,3165,3165,0,0,0,0,0,0,0,0,0,0,0,0,0,0,0,0,0,0,0,0,0,0,
333,358,J.P. Anderson,,0,CAN,1992-07-01,28,185,71,0,False,False,False,False,False,True,True,False,False,False,0,0,0,0,0,0,0,0,0,0,0,0,,0,100,0,,0,0,0,,0,0,0,0,0,0,0,0,0,0,0,45,50,57,61,60,52,46,47,47,51,55,58,42,79,50,51,0,0,0,0,0,0,0,0,0,0,0,0,0,0,0,0,0,0,0,0,0,0,0,0,0,0,0,0,0,0,0,0,0,0,0,0,0,0,0,0,0,0,0,0,
335,360,Joonas Korpisalo,https://www.tsn.ca/nhl/player-bio/joonas-korpisalo,3,FIN,1994-04-27,26,182,75,3,False,False,False,False,False,True,True,False,False,False,0,3500000,3500000,3500000,3500000,0,0,0,0,0,0,0,,0,100,0,8476914,0,0,0,,0,3,3,3,3,3,3,3,3,3,3,77,66,65,74,80,75,74,79,81,77,95,59,59,76,50,72,3,6459,0,2,0,0,7,57,0,0,0,0,0,2,8,0,0,0,0,0,0,0,0,0,0,0,0,0,0,0,0,0,0,0,0,0,0,0,0,0,0,0,0,0,
336,361,Martin Ouellette,https://www.tsn.ca/nhl/player-bio/martin-ouellette,8,QUE,1991-12-29,28,160,73,2,False,False,False,False,False,True,True,False,False,False,0,625000,625000,625000,0,0,0,0,0,0,0,0,,0,100,0,8475910,0,0,0,,0,1,1,1,1,1,1,1,1,1,1,50,50,50,50,50,50,50,50,50,50,50,50,50,50,50,50,0,0,0,0,0,0,0,0,0,0,0,0,0,0,0,0,0,0,0,0,0,0,0,0,0,0,0,0,0,0,0,0,0,0,0,0,0,0,0,0,0,0,0,0,
338,363,Niklas Lundstrom,http://www.tsn.ca/nhl/player-bio/niklas-lundstrom,0,SWE,1993-07-01,27,194,73,0,False,False,False,False,False,True,True,False,False,False,0,0,0,0,0,0,0,0,0,0,0,0,,0,100,0,,0,0,0,,0,0,0,0,0,0,0,0,0,0,0,50,75,49,70,45,53,38,50,42,41,45,44,44,1,50,49,0,0,0,0,0,0,0,0,0,0,0,0,0,0,0,0,0,0,0,0,0,0,0,0,0,0,0,0,0,0,0,0,0,0,0,0,0,0,0,0,0,0,0,0,
339,364,Oscar Dansk,https://www.tsn.ca/nhl/player-bio/oscar-dansk,5,SWE,1994-02-28,26,195,75,1,False,False,False,False,False,True,True,False,False,False,0,925000,925000,0,0,0,0,0,0,0,0,0,,0,100,0,8476861,0,0,0,,0,1,1,1,1,1,1,1,1,1,1,60,68,85,79,58,65,56,64,61,60,30,44,44,61,50,61,0,0,0,0,0,0,0,0,0,0,0,0,0,0,0,0,0,0,0,0,0,0,13,47070,9,3,1,3,19,192,0,0,0,4,1,13,0,0,0,1,0,450,1310,1310,
340,365,Pheonix Copley,http://www.tsn.ca/nhl/player-bio/pheonix-copley,17,USA,1992-01-18,28,200,76,2,False,False,False,False,False,True,True,False,False,False,0,1250000,1250000,1250000,0,0,0,0,0,0,0,0,,0,100,0,8477831,0,0,0,,0,3,3,3,3,3,3,3,3,3,3,57,59,74,83,55,58,59,64,59,59,30,46,46,59,50,60,0,0,0,0,0,0,0,0,0,0,0,0,0,0,11,0,0,0,0,0,0,0,0,0,0,0,0,0,0,0,0,0,0,0,0,0,0,0,0,0,0,0,0,0,
341,366,Rasmus Tirronen,http://www.tsn.ca/nhl/player-bio/rasmus-tirronen,0,FIN,1990-07-01,30,200,75,0,False,False,False,False,False,True,True,False,False,False,0,0,0,0,0,0,0,0,0,0,0,0,,0,100,0,,0,0,0,,0,0,0,0,0,0,0,0,0,0,0,53,75,50,75,47,54,47,56,47,47,50,44,44,1,50,53,0,0,0,0,0,0,0,0,0,0,0,0,0,0,0,0,0,0,0,0,0,0,0,0,0,0,0,0,0,0,0,0,0,0,0,0,0,0,0,0,0,0,0,0,
343,368,Roman Will,http://www.tsn.ca/nhl/player-bio/roman-will,0,CZE,1992-07-01,28,195,73,0,False,False,False,False,False,True,True,False,False,False,0,0,0,0,0,0,0,0,0,0,0,0,,0,100,0,,0,0,0,,0,0,0,0,0,0,0,0,0,0,0,53,80,59,71,49,57,39,53,45,44,49,44,44,1,50,52,0,0,0,0,0,0,0,0,0,0,0,0,0,0,0,0,0,0,0,0,0,0,0,0,0,0,0,0,0,0,0,0,0,0,0,0,0,0,0,0,0,0,0,0,
346,371,Sam Marotta,,0,CAN,1990-07-01,30,200,76,0,False,False,False,False,False,True,True,False,False,False,0,0,0,0,0,0,0,0,0,0,0,0,,0,100,0,,0,0,0,,0,0,0,0,0,0,0,0,0,0,0,45,50,65,81,60,45,45,46,45,47,55,62,57,63,50,53,0,0,0,0,0,0,0,0,0,0,0,0,0,0,0,0,0,0,0,0,0,0,0,0,0,0,0,0,0,0,0,0,0,0,0,0,0,0,0,0,0,0,0,0,
347,372,Sami Aittokallio,,0,FIN,1992-07-01,28,180,73,0,False,False,False,False,False,True,True,False,False,False,0,683333,0,0,0,0,0,0,0,0,0,0,,0,100,0,,0,0,0,,0,0,0,0,0,0,0,0,0,0,0,45,52,65,69,60,47,49,52,52,61,55,58,48,79,50,55,0,0,0,0,0,0,0,0,0,0,0,0,0,0,0,0,0,0,0,0,0,0,0,0,0,0,0,0,0,0,0,0,0,0,0,0,0,0,0,0,0,0,0,0,
349,374,Stephon Williams,https://www.tsn.ca/nhl/player-bio/stephon-williams,0,USA,1993-04-28,27,196,75,0,False,False,False,False,False,True,True,False,False,False,0,0,0,0,0,0,0,0,0,0,0,0,,0,100,0,,0,0,0,,0,0,0,0,0,0,0,0,0,0,0,48,47,59,75,48,48,50,54,49,49,30,44,44,49,50,52,0,0,0,0,0,0,0,0,0,0,0,0,0,0,0,0,0,0,0,0,0,0,0,0,0,0,0,0,0,0,0,0,0,0,0,0,0,0,0,0,0,0,0,0,
350,375,Travis Fullerton,,0,CAN,1987-07-01,33,180,73,0,False,False,False,False,False,True,True,False,False,False,0,0,0,0,0,0,0,0,0,0,0,0,,0,100,0,,0,0,0,,0,0,0,0,0,0,0,0,0,0,0,45,50,65,69,60,45,45,48,47,47,55,68,62,39,50,53,0,0,0,0,0,0,0,0,0,0,0,0,0,0,0,0,0,0,0,0,0,0,0,0,0,0,0,0,0,0,0,0,0,0,0,0,0,0,0,0,0,0,0,0,
