Number,Name,URLLink,Team,Country,AgeDate,Weight,Height,Contract,Rookie,PProtected,NoApplyRerate,AvailableforTrade,NoTrade,CanPlayPro,CanPlayFarm,ForceWaiver,StarPower,Salary1,Salary2,Salary3,Salary4,Salary5,Salary6,Salary7,Salary8,Salary9,Salary10,Injury,NumberOfInjury,Condition,Suspension,Status1,Status2,Status3,Status4,Status5,Status6,Status7,Status8,Status9,Status10,SK,DU,EN,SZ,AG,RB,SC,HS,RT,PH,PS,EX,LD,PO,MO,Overall,ProGP,ProMinPlay,ProW,ProL,ProOTL,ProShutout,ProGA,ProSA,ProSARebound,ProPim,ProA,ProPenalityShotsShots,ProPenalityShotsGoals,ProStartGoaler,ProBackupGoaler,ProEmptyNetGoal,ProStar(1),ProStar(2),ProStar(3),ProStarPower7Days,ProStarPower30Days,ProStarPowerYear,FarmGp,FarmMinPlay,FarmW,FarmL,FarmOTL,FarmShutout,FarmGA,FarmSA,FarmSARebound,FarmPim,FarmA,FarmPenalityShotsShots,FarmPenalityShotsGoals,FarmStartGoaler,FarmBackupGoaler,FarmEmptyNetGoal,FarmStar(1),FarmStar(2),FarmStar(3),FarmStarPower7Days,FarmStarPower30Days,FarmStarPowerYear,ExcludeFromPayroll
1,Jonas Gustavsson,,20,SWE,1984-07-01,192,75,1,False,False,False,False,False,True,True,False,0,5000000,0,0,0,0,0,0,0,0,0,,0,100,0,3,2,2,2,2,2,2,2,2,2,85,81,81,82,87,88,86,86,88,87,79,65,65,99,50,81,0,0,0,0,0,0,0,0,0,0,0,0,0,0,0,0,0,0,0,0,0,0,0,0,0,0,0,0,0,0,0,0,0,0,0,0,0,0,0,0,0,0,0,0,False
2,Ondrej Pavelec,,1,CZE,1987-07-01,200,74,1,False,False,False,False,False,True,True,False,0,2250000,0,0,0,0,0,0,0,0,0,,0,100,0,3,2,2,2,2,2,2,2,2,2,88,85,85,82,91,90,90,90,92,90,81,59,59,99,50,83,0,0,0,0,0,0,0,0,0,0,0,0,0,0,0,0,0,0,0,0,0,0,0,0,0,0,0,0,0,0,0,0,0,0,0,0,0,0,0,0,0,0,0,0,False
3,Nikolai Khabibulin,,25,RUS,1973-07-01,196,73,2,False,False,False,False,True,True,True,False,0,3000000,3000000,0,0,0,0,0,0,0,0,,0,100,0,2,2,2,2,2,2,2,2,2,2,83,80,80,80,82,85,84,85,83,85,92,94,94,99,50,82,0,0,0,0,0,0,0,0,0,0,0,0,0,0,0,0,0,0,0,0,0,0,0,0,0,0,0,0,0,0,0,0,0,0,0,0,0,0,0,0,0,0,0,0,False
4,Ray Emery,,11,CAN,1982-07-01,200,72,2,False,False,False,False,True,True,True,False,0,1500000,1500000,0,0,0,0,0,0,0,0,,0,100,0,2,2,2,2,2,2,2,2,2,2,89,76,76,79,86,87,89,89,89,88,84,69,69,99,50,82,0,0,0,0,0,0,0,0,0,0,0,0,0,0,0,0,0,0,0,0,0,0,0,0,0,0,0,0,0,0,0,0,0,0,0,0,0,0,0,0,0,0,0,0,False
5,Miikka Kiprusoff,,24,FIN,1976-07-01,190,74,3,False,False,False,False,False,True,True,False,0,7900000,7900000,7900000,0,0,0,0,0,0,0,,0,100,0,3,2,2,2,2,2,2,2,2,2,92,90,90,80,93,92,94,92,92,86,91,85,85,99,50,87,0,0,0,0,0,0,0,0,0,0,0,0,0,0,0,0,0,0,0,0,0,0,0,0,0,0,0,0,0,0,0,0,0,0,0,0,0,0,0,0,0,0,0,0,False
6,Alexander Salak,,0,CZK,1987-07-01,180,73,0,True,False,False,False,False,True,True,False,0,0,0,0,0,0,0,0,0,0,0,,0,100,0,2,2,2,2,2,2,2,2,2,2,60,50,65,75,60,60,60,57,60,61,59,47,47,50,50,59,0,0,0,0,0,0,0,0,0,0,0,0,0,0,0,0,0,0,0,0,0,0,0,0,0,0,0,0,0,0,0,0,0,0,0,0,0,0,0,0,0,0,0,0,False
7,Jonathan Bernier,,25,CAN,1988-07-01,184,71,1,True,False,False,False,False,True,True,False,0,1150000,0,0,0,0,0,0,0,0,0,,0,100,0,2,2,2,2,2,2,2,2,2,2,87,80,80,74,86,88,89,87,87,88,64,57,57,99,50,80,0,0,0,0,0,0,0,0,0,0,0,0,0,0,0,0,0,0,0,0,0,0,0,0,0,0,0,0,0,0,0,0,0,0,0,0,0,0,0,0,0,0,0,0,False
8,Curtis McElhinney,,22,CAN,1983-07-01,193,73,1,False,False,False,False,False,True,True,False,0,750000,0,0,0,0,0,0,0,0,0,,0,100,0,2,2,2,2,2,2,2,2,2,2,81,66,66,82,84,83,84,85,85,84,79,57,57,99,50,77,0,0,0,0,0,0,0,0,0,0,0,0,0,0,0,0,0,0,0,0,0,0,0,0,0,0,0,0,0,0,0,0,0,0,0,0,0,0,0,0,0,0,0,0,False
9,Kari Lehtonen,,9,FIN,1983-07-01,200,75,1,False,False,False,False,False,True,True,False,0,2900000,0,0,0,0,0,0,0,0,0,,0,100,0,2,2,2,2,2,2,2,2,2,2,92,80,80,85,92,89,89,93,93,90,77,67,67,99,42,84,0,0,0,0,0,0,0,0,0,0,0,0,0,0,0,0,0,0,0,0,0,0,0,0,0,0,0,0,0,0,0,0,0,0,0,0,0,0,0,0,0,0,0,0,False
10,Martin Biron,,17,CAN,1977-07-01,190,73,1,False,False,False,False,False,True,True,False,0,4850000,0,0,0,0,0,0,0,0,0,,0,100,0,2,2,2,2,2,2,2,2,2,2,87,79,79,84,87,87,88,89,88,88,86,77,77,99,50,83,0,0,0,0,0,0,0,0,0,0,0,0,0,0,0,0,0,0,0,0,0,0,0,0,0,0,0,0,0,0,0,0,0,0,0,0,0,0,0,0,0,0,0,0,False
11,Dan Ellis,,2,CAN,1980-07-01,185,72,3,False,False,False,False,True,True,True,False,0,1850000,1850000,1850000,0,0,0,0,0,0,0,,0,100,0,2,2,2,2,2,2,2,2,2,2,82,76,76,78,81,84,85,84,84,84,89,68,68,99,50,79,0,0,0,0,0,0,0,0,0,0,0,0,0,0,0,0,0,0,0,0,0,0,0,0,0,0,0,0,0,0,0,0,0,0,0,0,0,0,0,0,0,0,0,0,False
12,Ryan Miller,,4,USA,1980-07-01,160,74,5,False,False,False,False,False,True,True,False,0,7950000,7950000,7950000,7950000,7950000,0,0,0,0,0,,0,100,0,3,2,2,2,2,2,2,2,2,2,95,91,91,82,95,95,95,95,97,95,75,74,74,99,50,89,0,0,0,0,0,0,0,0,0,0,0,0,0,0,0,0,0,0,0,0,0,0,0,0,0,0,0,0,0,0,0,0,0,0,0,0,0,0,0,0,0,0,0,0,False
13,Erik Ersberg,,0,SWE,1982-07-01,168,72,0,False,False,False,False,False,True,True,False,0,0,0,0,0,0,0,0,0,0,0,,0,100,0,0,0,0,0,0,0,0,0,0,0,82,71,48,78,82,80,80,83,83,74,82,62,62,25,50,75,0,0,0,0,0,0,0,0,0,0,0,0,0,0,0,0,0,0,0,0,0,0,0,0,0,0,0,0,0,0,0,0,0,0,0,0,0,0,0,0,0,0,0,0,False
14,Jonathan Quick,,29,USA,1986-07-01,206,73,5,False,False,False,False,False,True,True,False,0,4000000,4000000,4000000,4000000,4000000,0,0,0,0,0,,0,100,0,2,2,2,2,2,2,2,2,2,2,91,94,94,82,94,92,93,93,94,93,96,59,59,99,50,86,0,0,0,0,0,0,0,0,0,0,0,0,0,0,0,0,0,0,0,0,0,0,0,0,0,0,0,0,0,0,0,0,0,0,0,0,0,0,0,0,0,0,0,0,False
15,Jeff Drouin-Deslauriers,,15,CAN,1984-07-01,200,76,1,False,False,False,False,False,True,True,False,0,750000,0,0,0,0,0,0,0,0,0,,0,100,0,2,2,2,2,2,2,2,2,2,2,78,78,78,87,79,80,81,80,80,80,76,60,60,99,50,76,0,0,0,0,0,0,0,0,0,0,0,0,0,0,0,0,0,0,0,0,0,0,0,0,0,0,0,0,0,0,0,0,0,0,0,0,0,0,0,0,0,0,0,0,False
16,Dwayne Roloson,,5,CAN,1969-07-01,185,73,2,False,False,False,False,True,True,True,False,0,7000000,7000000,0,0,0,0,0,0,0,0,,0,100,0,2,2,2,2,2,2,2,2,2,2,90,82,82,80,87,91,90,93,91,91,90,96,96,99,50,87,0,0,0,0,0,0,0,0,0,0,0,0,0,0,0,0,0,0,0,0,0,0,0,0,0,0,0,0,0,0,0,0,0,0,0,0,0,0,0,0,0,0,0,0,False
17,Steve Mason,,16,CAN,1988-07-01,186,75,4,False,False,False,False,False,True,True,False,0,3200000,3200000,3200000,3200000,0,0,0,0,0,0,,0,100,0,3,2,2,2,2,2,2,2,2,2,87,80,80,86,87,89,88,86,88,88,82,60,60,99,50,81,0,0,0,0,0,0,0,0,0,0,0,0,0,0,0,0,0,0,0,0,0,0,0,0,0,0,0,0,0,0,0,0,0,0,0,0,0,0,0,0,0,0,0,0,False
18,Brent Johnson,,15,USA,1977-07-01,175,73,1,False,False,False,False,False,True,True,False,0,1800000,0,0,0,0,0,0,0,0,0,,0,100,0,3,2,2,2,2,2,2,2,2,2,86,79,79,84,86,87,88,88,87,88,94,78,78,99,50,83,0,0,0,0,0,0,0,0,0,0,0,0,0,0,0,0,0,0,0,0,0,0,0,0,0,0,0,0,0,0,0,0,0,0,0,0,0,0,0,0,0,0,0,0,False
19,Ben Bishop,,8,USA,1987-07-01,215,79,3,True,False,False,False,True,True,True,False,0,1250000,1250000,1250000,0,0,0,0,0,0,0,,0,100,0,3,2,2,2,2,2,2,2,2,2,84,80,80,92,83,84,85,83,83,84,76,55,55,99,50,79,0,0,0,0,0,0,0,0,0,0,0,0,0,0,0,0,0,0,0,0,0,0,0,0,0,0,0,0,0,0,0,0,0,0,0,0,0,0,0,0,0,0,0,0,False
20,Peter Mannino,,6,USA,1984-07-01,195,72,1,True,False,False,False,False,True,True,False,0,625000,0,0,0,0,0,0,0,0,0,,0,100,0,0,0,0,0,0,0,0,0,0,0,58,55,72,78,58,58,58,63,58,62,59,70,65,52,50,62,0,0,0,0,0,0,0,0,0,0,0,0,0,0,0,0,0,0,0,0,0,0,0,0,0,0,0,0,0,0,0,0,0,0,0,0,0,0,0,0,0,0,0,0,False
21,Tim Thomas,,22,CAN,1974-07-01,180,71,1,False,False,False,False,False,True,True,False,0,5250000,0,0,0,0,0,0,0,0,0,,0,100,0,2,2,2,2,2,2,2,2,2,2,97,87,87,76,97,92,95,97,98,95,74,82,82,99,50,89,0,0,0,0,0,0,0,0,0,0,0,0,0,0,0,0,0,0,0,0,0,0,0,0,0,0,0,0,0,0,0,0,0,0,0,0,0,0,0,0,0,0,0,0,False
22,Corey Crawford,,10,CAN,1984-07-01,200,74,2,True,False,False,False,False,True,True,False,0,900000,900000,0,0,0,0,0,0,0,0,,0,100,0,3,2,2,2,2,2,2,2,2,2,91,80,80,81,91,91,92,90,90,91,93,60,60,99,50,83,0,0,0,0,0,0,0,0,0,0,0,0,0,0,0,0,0,0,0,0,0,0,0,0,0,0,0,0,0,0,0,0,0,0,0,0,0,0,0,0,0,0,0,0,False
23,Johan Backlund,,19,SWE,1981-07-01,198,74,1,False,False,False,False,False,True,True,False,0,805000,0,0,0,0,0,0,0,0,0,,0,100,0,1,0,0,0,0,0,0,0,0,0,66,61,68,81,64,65,64,66,67,66,65,68,48,50,50,65,0,0,0,0,0,0,0,0,0,0,0,0,0,0,0,0,0,0,0,0,0,0,0,0,0,0,0,0,0,0,0,0,0,0,0,0,0,0,0,0,0,0,0,0,False
24,Simeon Varlamov,,27,RUS,1988-07-01,200,73,1,False,False,False,False,False,True,True,False,0,3000000,0,0,0,0,0,0,0,0,0,,0,100,0,3,2,2,2,2,2,2,2,2,2,89,81,81,80,91,91,89,91,90,90,82,59,59,99,44,82,0,0,0,0,0,0,0,0,0,0,0,0,0,0,0,0,0,0,0,0,0,0,0,0,0,0,0,0,0,0,0,0,0,0,0,0,0,0,0,0,0,0,0,0,False
25,Michael Leighton,,26,CAN,1981-07-01,175,74,1,False,False,False,False,True,True,True,False,0,1200000,0,0,0,0,0,0,0,0,0,,0,100,0,3,2,2,2,2,2,2,2,2,2,88,80,80,84,87,86,87,86,86,86,86,53,53,99,50,80,0,0,0,0,0,0,0,0,0,0,0,0,0,0,0,0,0,0,0,0,0,0,0,0,0,0,0,0,0,0,0,0,0,0,0,0,0,0,0,0,0,0,0,0,False
26,Anton Kudobin,,5,KZA,1986-07-01,176,71,2,True,False,False,False,False,True,True,False,0,600000,600000,0,0,0,0,0,0,0,0,,0,100,0,2,2,2,2,2,2,2,2,2,2,78,76,84,89,76,77,74,81,81,80,78,55,50,50,50,75,0,0,0,0,0,0,0,0,0,0,0,0,0,0,0,0,0,0,0,0,0,0,0,0,0,0,0,0,0,0,0,0,0,0,0,0,0,0,0,0,0,0,0,0,False
27,Peter Budaj,,7,SVK,1983-07-01,200,73,2,False,False,False,False,False,True,True,False,0,1250000,1250000,0,0,0,0,0,0,0,0,,0,100,0,2,2,2,2,2,2,2,2,2,2,83,85,85,80,83,83,84,83,84,83,96,66,66,99,50,79,0,0,0,0,0,0,0,0,0,0,0,0,0,0,0,0,0,0,0,0,0,0,0,0,0,0,0,0,0,0,0,0,0,0,0,0,0,0,0,0,0,0,0,0,False
28,John Curry,,0,USA,1984-07-01,185,71,0,False,False,False,False,False,True,True,False,0,775000,775000,0,0,0,0,0,0,0,0,,0,100,0,2,2,2,2,2,2,2,2,2,2,55,75,55,55,55,55,55,55,55,55,55,55,55,50,50,56,0,0,0,0,0,0,0,0,0,0,0,0,0,0,0,0,0,0,0,0,0,0,0,0,0,0,0,0,0,0,0,0,0,0,0,0,0,0,0,0,0,0,0,0,False
29,Andrew Raycroft,,13,CAN,1980-07-01,150,72,2,False,False,False,False,False,True,True,False,0,720000,720000,0,0,0,0,0,0,0,0,,0,100,0,2,2,2,2,2,2,2,2,2,2,77,72,72,78,76,78,80,77,78,78,78,77,77,99,50,76,0,0,0,0,0,0,0,0,0,0,0,0,0,0,0,0,0,0,0,0,0,0,0,0,0,0,0,0,0,0,0,0,0,0,0,0,0,0,0,0,0,0,0,0,False
30,Ryan Munce,,14,CAN,1985-07-01,185,74,1,False,False,False,False,False,True,True,False,0,525000,0,0,0,0,0,0,0,0,0,,0,100,0,0,0,0,0,0,0,0,0,0,0,53,51,65,82,53,53,53,56,53,56,54,65,66,42,50,58,0,0,0,0,0,0,0,0,0,0,0,0,0,0,0,0,0,0,0,0,0,0,0,0,0,0,0,0,0,0,0,0,0,0,0,0,0,0,0,0,0,0,0,0,False
31,Mark Dekanich,,15,CAN,1986-07-01,192,72,2,False,False,False,False,False,True,True,False,0,900000,900000,0,0,0,0,0,0,0,0,,0,100,0,1,0,0,0,0,0,0,0,0,0,66,63,71,78,66,66,66,65,66,67,66,55,55,50,50,65,0,0,0,0,0,0,0,0,0,0,0,0,0,0,0,0,0,0,0,0,0,0,0,0,0,0,0,0,0,0,0,0,0,0,0,0,0,0,0,0,0,0,0,0,False
176,Niklas Bäckström,,0,FIN,1970-07-01,200,74,1,False,False,False,False,False,True,True,False,0,5477344,0,0,0,0,0,0,0,0,0,,0,100,0,0,0,0,0,0,0,0,0,0,0,92,90,90,80,92,93,93,95,95,94,91,80,80,99,50,88,0,0,0,0,0,0,0,0,0,0,0,0,0,0,0,0,0,0,0,0,0,0,0,0,0,0,0,0,0,0,0,0,0,0,0,0,0,0,0,0,0,0,0,0,False
33,Mike Smith,,9,CAN,1982-07-01,208,72,4,False,False,False,False,False,True,True,False,0,2500000,2500000,2500000,2500000,0,0,0,0,0,0,,0,100,0,2,2,2,2,2,2,2,2,2,2,83,82,82,85,85,86,87,86,86,86,86,60,60,99,41,80,0,0,0,0,0,0,0,0,0,0,0,0,0,0,0,0,0,0,0,0,0,0,0,0,0,0,0,0,0,0,0,0,0,0,0,0,0,0,0,0,0,0,0,0,False
34,Niklas Backstrom,,10,FIN,1978-07-01,200,74,3,False,False,False,False,False,True,True,False,0,6200000,6200000,6200000,0,0,0,0,0,0,0,,0,100,0,3,2,2,2,2,2,2,2,2,2,92,90,90,80,92,93,93,95,95,88,76,80,80,99,50,87,0,0,0,0,0,0,0,0,0,0,0,0,0,0,0,0,0,0,0,0,0,0,0,0,0,0,0,0,0,0,0,0,0,0,0,0,0,0,0,0,0,0,0,0,False
35,Chris Carrozzi,,11,USA,1990-07-01,185,74,2,False,False,False,False,False,True,True,False,0,650000,650000,0,0,0,0,0,0,0,0,,0,100,0,0,0,0,0,0,0,0,0,0,0,58,56,62,64,59,54,58,56,59,60,57,55,55,50,50,58,0,0,0,0,0,0,0,0,0,0,0,0,0,0,0,0,0,0,0,0,0,0,0,0,0,0,0,0,0,0,0,0,0,0,0,0,0,0,0,0,0,0,0,0,False
36,Justin Pogge,,7,CAN,1986-07-01,200,75,2,False,False,False,False,False,True,True,False,0,625000,625000,0,0,0,0,0,0,0,0,,0,100,0,2,2,2,2,2,2,2,2,2,2,80,72,72,82,78,78,80,80,79,79,75,57,57,99,43,75,0,0,0,0,0,0,0,0,0,0,0,0,0,0,0,0,0,0,0,0,0,0,0,0,0,0,0,0,0,0,0,0,0,0,0,0,0,0,0,0,0,0,0,0,False
37,Cory Schneider,,26,USA,1986-07-01,195,74,1,True,False,False,False,False,True,True,False,0,1000000,0,0,0,0,0,0,0,0,0,,0,100,0,3,2,2,2,2,2,2,2,2,2,90,80,80,82,88,89,88,91,91,89,87,60,60,99,50,82,0,0,0,0,0,0,0,0,0,0,0,0,0,0,0,0,0,0,0,0,0,0,0,0,0,0,0,0,0,0,0,0,0,0,0,0,0,0,0,0,0,0,0,0,False
38,Curtis Sanford,,23,CAN,1979-07-01,168,70,2,False,False,False,False,True,True,True,False,0,1100000,1100000,0,0,0,0,0,0,0,0,,0,100,0,2,2,2,2,2,2,2,2,2,2,73,63,63,74,73,73,73,73,73,73,72,67,67,99,50,70,0,0,0,0,0,0,0,0,0,0,0,0,0,0,0,0,0,0,0,0,0,0,0,0,0,0,0,0,0,0,0,0,0,0,0,0,0,0,0,0,0,0,0,0,False
192,Thomas McCollum,,9,USA,1989-07-01,210,73,3,True,False,False,False,False,True,True,False,0,787500,787500,787500,0,0,0,0,0,0,0,,0,100,0,2,2,2,2,2,2,2,2,2,2,68,66,69,78,62,66,69,67,68,64,60,45,45,99,50,64,0,0,0,0,0,0,0,0,0,0,0,0,0,0,0,0,0,0,0,0,0,0,0,0,0,0,0,0,0,0,0,0,0,0,0,0,0,0,0,0,0,0,0,0,False
40,Mathieu Garon,,28,CAN,1978-07-01,192,74,3,False,False,False,False,True,True,True,False,0,1200000,1200000,1200000,0,0,0,0,0,0,0,,0,100,0,2,2,2,2,2,2,2,2,2,2,83,73,73,82,83,85,84,83,84,84,85,67,67,99,50,79,0,0,0,0,0,0,0,0,0,0,0,0,0,0,0,0,0,0,0,0,0,0,0,0,0,0,0,0,0,0,0,0,0,0,0,0,0,0,0,0,0,0,0,0,False
41,Yann Danis,,0,CAN,1981-07-01,200,72,0,False,False,False,False,False,True,True,False,0,0,0,0,0,0,0,0,0,0,0,,0,100,0,1,1,1,1,1,1,1,1,1,1,75,72,72,78,80,79,78,82,79,80,75,58,58,99,50,74,0,0,0,0,0,0,0,0,0,0,0,0,0,0,0,0,0,0,0,0,0,0,0,0,0,0,0,0,0,0,0,0,0,0,0,0,0,0,0,0,0,0,0,0,False
42,Marek Schwarz,,0,CZE,1986-07-01,180,72,0,True,False,False,False,False,True,True,False,0,0,0,0,0,0,0,0,0,0,0,,0,100,0,0,0,0,0,0,0,0,0,0,0,64,57,60,78,64,64,64,57,64,63,63,69,61,70,50,63,0,0,0,0,0,0,0,0,0,0,0,0,0,0,0,0,0,0,0,0,0,0,0,0,0,0,0,0,0,0,0,0,0,0,0,0,0,0,0,0,0,0,0,0,False
43,Morgan Clark,,11,USA,1990-07-01,162,72,2,True,False,False,False,False,True,True,False,0,650000,650000,0,0,0,0,0,0,0,0,,0,100,0,0,0,0,0,0,0,0,0,0,0,59,56,52,58,59,57,60,52,58,57,57,56,56,50,50,57,0,0,0,0,0,0,0,0,0,0,0,0,0,0,0,0,0,0,0,0,0,0,0,0,0,0,0,0,0,0,0,0,0,0,0,0,0,0,0,0,0,0,0,0,False
44,Roberto Luongo,,13,CAN,1979-07-01,182,75,4,False,False,False,False,False,True,True,False,0,7250000,7250000,7250000,7250000,0,0,0,0,0,0,,0,100,0,2,2,2,2,2,2,2,2,2,2,94,93,93,84,95,95,95,97,96,96,77,84,84,99,50,90,0,0,0,0,0,0,0,0,0,0,0,0,0,0,0,0,0,0,0,0,0,0,0,0,0,0,0,0,0,0,0,0,0,0,0,0,0,0,0,0,0,0,0,0,False
45,Craig Andersson,,11,USA,1981-07-01,180,74,1,False,False,False,False,False,True,True,False,0,6525000,0,0,0,0,0,0,0,0,0,,0,100,0,2,2,2,2,2,2,2,2,2,2,90,83,83,82,91,90,89,91,92,90,89,72,72,99,50,85,0,0,0,0,0,0,0,0,0,0,0,0,0,0,0,0,0,0,0,0,0,0,0,0,0,0,0,0,0,0,0,0,0,0,0,0,0,0,0,0,0,0,0,0,False
46,Johan Hedberg,,20,SWE,1973-07-01,180,71,1,False,False,False,False,False,True,True,False,0,1100000,0,0,0,0,0,0,0,0,0,,0,100,0,3,2,2,2,2,2,2,2,2,2,91,79,79,78,87,90,89,89,89,89,87,80,80,99,50,84,0,0,0,0,0,0,0,0,0,0,0,0,0,0,0,0,0,0,0,0,0,0,0,0,0,0,0,0,0,0,0,0,0,0,0,0,0,0,0,0,0,0,0,0,False
47,Seamus Kotyk,,0,CAN,1980-07-01,180,71,0,False,False,False,False,False,True,True,False,0,0,0,0,0,0,0,0,0,0,0,,0,100,0,0,0,0,0,0,0,0,0,0,0,55,79,55,55,55,55,55,55,55,55,55,32,32,50,50,54,0,0,0,0,0,0,0,0,0,0,0,0,0,0,0,0,0,0,0,0,0,0,0,0,0,0,0,0,0,0,0,0,0,0,0,0,0,0,0,0,0,0,0,0,False
48,Tobias Stephan,,13,CHE,1984-07-01,180,74,1,True,False,False,False,False,True,True,False,0,525000,0,0,0,0,0,0,0,0,0,,0,100,0,0,0,0,0,0,0,0,0,0,0,66,59,60,82,66,66,66,63,66,64,65,70,65,68,50,66,0,0,0,0,0,0,0,0,0,0,0,0,0,0,0,0,0,0,0,0,0,0,0,0,0,0,0,0,0,0,0,0,0,0,0,0,0,0,0,0,0,0,0,0,False
49,Antti Niemi,,23,FIN,1983-07-01,200,73,1,False,False,False,False,False,True,True,False,0,750000,0,0,0,0,0,0,0,0,0,,0,100,0,3,2,2,2,2,2,2,2,2,2,93,87,87,82,93,90,93,94,94,92,86,60,60,99,50,85,0,0,0,0,0,0,0,0,0,0,0,0,0,0,0,0,0,0,0,0,0,0,0,0,0,0,0,0,0,0,0,0,0,0,0,0,0,0,0,0,0,0,0,0,False
50,Jean-Sébastien Giguère,,14,CAN,1977-06-30,185,72,2,False,False,False,False,False,True,True,False,0,7600000,7600000,0,0,0,0,0,0,0,0,,0,100,0,2,2,2,2,2,2,2,2,2,2,86,83,83,80,87,87,87,90,88,88,88,87,87,99,50,84,0,0,0,0,0,0,0,0,0,0,0,0,0,0,0,0,0,0,0,0,0,0,0,0,0,0,0,0,0,0,0,0,0,0,0,0,0,0,0,0,0,0,0,0,False
51,Carey Price,,17,CAN,1987-07-01,212,75,4,False,False,False,False,False,True,True,False,0,6250000,6250000,6250000,6250000,0,0,0,0,0,0,,0,100,0,2,2,2,2,2,2,2,2,2,2,95,88,88,84,93,93,95,93,95,94,90,60,60,99,50,86,0,0,0,0,0,0,0,0,0,0,0,0,0,0,0,0,0,0,0,0,0,0,0,0,0,0,0,0,0,0,0,0,0,0,0,0,0,0,0,0,0,0,0,0,False
52,Cristobal Huet,,0,FRA,1975-07-01,205,73,0,False,False,False,False,False,True,True,False,0,0,0,0,0,0,0,0,0,0,0,,0,100,0,1,1,1,1,1,1,1,1,1,1,84,78,77,80,84,86,86,89,86,83,86,83,77,1,50,82,0,0,0,0,0,0,0,0,0,0,0,0,0,0,0,0,0,0,0,0,0,0,0,0,0,0,0,0,0,0,0,0,0,0,0,0,0,0,0,0,0,0,0,0,False
53,Jaroslav Halak,,14,SVK,1985-07-01,203,69,4,False,False,False,False,False,True,True,False,0,4250000,4250000,4250000,4250000,0,0,0,0,0,0,,0,100,0,2,2,2,2,2,2,2,2,2,2,90,85,85,68,91,90,92,93,93,92,82,65,65,99,50,83,0,0,0,0,0,0,0,0,0,0,0,0,0,0,0,0,0,0,0,0,0,0,0,0,0,0,0,0,0,0,0,0,0,0,0,0,0,0,0,0,0,0,0,0,False
54,Ty Conklin,,4,USA,1976-07-01,190,72,1,False,False,False,False,True,True,True,False,0,1200000,0,0,0,0,0,0,0,0,0,,0,100,0,3,2,2,2,2,2,2,2,2,2,85,84,84,61,85,87,87,87,88,87,62,68,65,99,50,79,0,0,0,0,0,0,0,0,0,0,0,0,0,0,0,0,0,0,0,0,0,0,0,0,0,0,0,0,0,0,0,0,0,0,0,0,0,0,0,0,0,0,0,0,False
56,Brian Finley,,0,CAN,1981-07-01,205,75,0,False,False,False,False,False,True,True,False,0,0,0,0,0,0,0,0,0,0,0,,0,100,0,0,0,0,0,0,0,0,0,0,0,62,72,68,68,65,69,73,62,68,66,67,49,49,56,50,64,0,0,0,0,0,0,0,0,0,0,0,0,0,0,0,0,0,0,0,0,0,0,0,0,0,0,0,0,0,0,0,0,0,0,0,0,0,0,0,0,0,0,0,0,False
57,Vesa Toskala,,0,FIN,1978-07-01,195,70,0,False,False,False,False,False,True,True,False,0,0,0,0,0,0,0,0,0,0,0,,0,100,0,0,0,0,0,0,0,0,0,0,0,82,82,72,74,81,79,81,82,83,80,81,83,79,82,50,78,0,0,0,0,0,0,0,0,0,0,0,0,0,0,0,0,0,0,0,0,0,0,0,0,0,0,0,0,0,0,0,0,0,0,0,0,0,0,0,0,0,0,0,0,False
58,Sergei Bobrovsky,,15,RUS,1988-07-01,174,73,2,False,False,False,False,False,True,True,False,0,900000,900000,0,0,0,0,0,0,0,0,,0,100,0,3,2,2,2,2,2,2,2,2,2,89,81,81,78,88,91,89,91,90,90,71,58,58,99,50,82,0,0,0,0,0,0,0,0,0,0,0,0,0,0,0,0,0,0,0,0,0,0,0,0,0,0,0,0,0,0,0,0,0,0,0,0,0,0,0,0,0,0,0,0,False
59,Scott Clemmensen,,22,USA,1977-07-01,185,74,2,False,False,False,False,True,True,True,False,0,1000000,1000000,0,0,0,0,0,0,0,0,,0,100,0,2,2,2,2,2,2,2,2,2,2,86,74,74,84,85,85,86,86,85,86,68,70,70,99,50,80,0,0,0,0,0,0,0,0,0,0,0,0,0,0,0,0,0,0,0,0,0,0,0,0,0,0,0,0,0,0,0,0,0,0,0,0,0,0,0,0,0,0,0,0,False
60,Martin Brodeur,,18,CAN,1972-07-01,205,73,2,False,False,False,False,True,True,True,False,0,7000000,7000000,0,0,0,0,0,0,0,0,,0,100,0,3,2,2,2,2,2,2,2,2,2,93,90,90,82,93,96,93,92,93,94,92,99,99,99,50,90,0,0,0,0,0,0,0,0,0,0,0,0,0,0,0,0,0,0,0,0,0,0,0,0,0,0,0,0,0,0,0,0,0,0,0,0,0,0,0,0,0,0,0,0,False
61,Tomas Vokoun,,30,CZE,1976-07-01,180,71,3,False,False,False,False,False,True,True,False,0,7000000,7000000,7000000,0,0,0,0,0,0,0,,0,100,0,3,2,2,2,2,2,2,2,2,2,94,91,91,78,94,92,95,94,94,94,95,83,83,99,46,88,0,0,0,0,0,0,0,0,0,0,0,0,0,0,0,0,0,0,0,0,0,0,0,0,0,0,0,0,0,0,0,0,0,0,0,0,0,0,0,0,0,0,0,0,False
62,Pascal Leclaire,,3,CAN,1982-07-01,200,74,1,False,False,False,False,False,True,True,False,0,2000000,0,0,0,0,0,0,0,0,0,,0,100,0,2,2,2,2,2,2,2,2,2,2,78,81,81,82,80,81,79,81,80,80,77,64,64,99,50,77,0,0,0,0,0,0,0,0,0,0,0,0,0,0,0,0,0,0,0,0,0,0,0,0,0,0,0,0,0,0,0,0,0,0,0,0,0,0,0,0,0,0,0,0,False
63,Henrik Karlsson,,11,SWE,1983-07-01,205,76,2,False,False,False,False,False,True,True,False,0,500000,500000,0,0,0,0,0,0,0,0,,0,100,0,2,2,2,2,2,2,2,2,2,2,80,76,84,89,78,79,77,82,81,80,74,55,56,56,50,76,0,0,0,0,0,0,0,0,0,0,0,0,0,0,0,0,0,0,0,0,0,0,0,0,0,0,0,0,0,0,0,0,0,0,0,0,0,0,0,0,0,0,0,0,False
64,Ian Kerserich,,8,USA,1986-07-01,200,74,1,True,False,False,False,False,True,True,False,0,525000,0,0,0,0,0,0,0,0,0,,0,100,0,1,0,0,0,0,0,0,0,0,0,55,75,55,55,55,55,55,55,55,55,55,55,55,50,50,56,0,0,0,0,0,0,0,0,0,0,0,0,0,0,0,0,0,0,0,0,0,0,0,0,0,0,0,0,0,0,0,0,0,0,0,0,0,0,0,0,0,0,0,0,False
66,Stephen Valiquette,,0,CAN,1977-07-01,205,77,0,False,False,False,False,False,True,True,False,0,0,0,0,0,0,0,0,0,0,0,,0,100,0,0,0,0,0,0,0,0,0,0,0,73,63,63,90,74,80,79,76,77,78,75,71,71,99,50,75,0,0,0,0,0,0,0,0,0,0,0,0,0,0,0,0,0,0,0,0,0,0,0,0,0,0,0,0,0,0,0,0,0,0,0,0,0,0,0,0,0,0,0,0,False
67,Josh Tordjman,,12,CAN,1985-07-01,155,73,2,False,False,False,False,False,True,True,False,0,600000,600000,0,0,0,0,0,0,0,0,,0,100,0,1,0,0,0,0,0,0,0,0,0,67,70,35,80,67,67,67,68,67,59,67,60,60,40,50,65,0,0,0,0,0,0,0,0,0,0,0,0,0,0,0,0,0,0,0,0,0,0,0,0,0,0,0,0,0,0,0,0,0,0,0,0,0,0,0,0,0,0,0,0,False
68,Alex Auld,,24,CAN,1981-07-01,197,76,2,False,False,False,False,False,True,True,False,0,1200000,1200000,0,0,0,0,0,0,0,0,,0,100,0,2,2,2,2,2,2,2,2,2,2,85,79,79,85,86,86,85,88,88,86,83,68,68,99,41,81,0,0,0,0,0,0,0,0,0,0,0,0,0,0,0,0,0,0,0,0,0,0,0,0,0,0,0,0,0,0,0,0,0,0,0,0,0,0,0,0,0,0,0,0,False
69,Brian Elliott,,5,CAN,1985-07-01,186,75,3,False,False,False,False,False,True,True,False,0,1400000,1400000,1400000,0,0,0,0,0,0,0,,0,100,0,3,2,2,2,2,2,2,2,2,2,86,83,83,82,85,86,88,91,90,88,93,58,58,99,50,81,0,0,0,0,0,0,0,0,0,0,0,0,0,0,0,0,0,0,0,0,0,0,0,0,0,0,0,0,0,0,0,0,0,0,0,0,0,0,0,0,0,0,0,0,False
70,Josh Harding,,24,CAN,1984-07-01,209,73,1,False,False,False,False,False,True,True,False,0,2500000,0,0,0,0,0,0,0,0,0,,0,100,0,3,2,2,2,2,2,2,2,2,2,80,69,69,80,79,80,82,81,82,81,80,58,61,99,50,75,0,0,0,0,0,0,0,0,0,0,0,0,0,0,0,0,0,0,0,0,0,0,0,0,0,0,0,0,0,0,0,0,0,0,0,0,0,0,0,0,0,0,0,0,False
71,Dany Sabourin,,27,CAN,1980-07-01,182,74,1,False,False,False,False,False,True,True,False,0,850000,0,0,0,0,0,0,0,0,0,,0,100,0,1,2,2,2,2,2,2,2,2,2,73,57,57,86,72,75,72,74,73,74,69,53,53,99,42,69,0,0,0,0,0,0,0,0,0,0,0,0,0,0,0,0,0,0,0,0,0,0,0,0,0,0,0,0,0,0,0,0,0,0,0,0,0,0,0,0,0,0,0,0,False
72,Chris Mason,,3,CAN,1976-07-01,200,72,1,False,False,False,False,False,True,True,False,0,3000000,0,0,0,0,0,0,0,0,0,,0,100,0,2,2,2,2,2,2,2,2,2,2,85,87,87,78,86,85,86,88,88,86,91,71,71,99,50,82,0,0,0,0,0,0,0,0,0,0,0,0,0,0,0,0,0,0,0,0,0,0,0,0,0,0,0,0,0,0,0,0,0,0,0,0,0,0,0,0,0,0,0,0,False
73,José Théodore,,21,CAN,1976-06-29,180,73,1,False,False,False,False,False,True,True,False,0,2000000,0,0,0,0,0,0,0,0,0,,0,100,0,2,2,2,2,2,2,2,2,2,2,87,84,84,76,88,85,86,88,88,86,76,86,86,99,50,83,0,0,0,0,0,0,0,0,0,0,0,0,0,0,0,0,0,0,0,0,0,0,0,0,0,0,0,0,0,0,0,0,0,0,0,0,0,0,0,0,0,0,0,0,False
74,Manny Fernandez,,0,CAN,1974-07-01,207,72,0,False,False,False,False,False,True,True,False,0,0,0,0,0,0,0,0,0,0,0,,0,100,0,1,1,1,1,1,1,1,1,1,1,74,74,78,78,72,75,75,73,75,75,74,84,82,5,50,74,0,0,0,0,0,0,0,0,0,0,0,0,0,0,0,0,0,0,0,0,0,0,0,0,0,0,0,0,0,0,0,0,0,0,0,0,0,0,0,0,0,0,0,0,False
75,Brian Boucher,,1,USA,1977-07-01,190,73,2,False,False,False,False,True,True,True,False,0,1000000,1000000,0,0,0,0,0,0,0,0,,0,100,0,2,2,2,2,2,2,2,2,2,2,87,72,72,82,88,86,88,87,88,87,80,71,71,99,50,81,0,0,0,0,0,0,0,0,0,0,0,0,0,0,0,0,0,0,0,0,0,0,0,0,0,0,0,0,0,0,0,0,0,0,0,0,0,0,0,0,0,0,0,0,False
76,Joey MacDonald,,12,CAN,1980-07-01,186,68,2,False,False,False,False,True,True,True,False,0,700000,700000,0,0,0,0,0,0,0,0,,0,100,0,3,2,2,2,2,2,2,2,2,2,86,80,80,78,79,85,84,87,87,85,88,64,64,99,50,79,0,0,0,0,0,0,0,0,0,0,0,0,0,0,0,0,0,0,0,0,0,0,0,0,0,0,0,0,0,0,0,0,0,0,0,0,0,0,0,0,0,0,0,0,False
77,Timo Pielmeier,,24,GER,1989-07-01,165,72,3,False,False,False,False,False,True,True,False,0,650000,650000,650000,0,0,0,0,0,0,0,,0,100,0,1,2,2,2,2,2,2,2,2,2,58,56,62,64,59,54,58,56,59,60,57,55,55,50,50,58,0,0,0,0,0,0,0,0,0,0,0,0,0,0,0,0,0,0,0,0,0,0,0,0,0,0,0,0,0,0,0,0,0,0,0,0,0,0,0,0,0,0,0,0,False
78,Cam Ward,,2,CAN,1984-07-01,200,72,2,False,False,False,False,False,True,True,False,0,6000000,6000000,0,0,0,0,0,0,0,0,,0,100,0,2,2,2,2,2,2,2,2,2,2,95,94,94,80,94,93,93,94,95,93,87,75,71,99,50,88,0,0,0,0,0,0,0,0,0,0,0,0,0,0,0,0,0,0,0,0,0,0,0,0,0,0,0,0,0,0,0,0,0,0,0,0,0,0,0,0,0,0,0,0,False
79,Billy Sauer,,25,USA,1988-07-01,180,74,3,False,False,False,False,False,True,True,False,0,550000,550000,550000,0,0,0,0,0,0,0,,0,100,0,0,0,0,0,0,0,0,0,0,0,47,66,55,55,51,65,70,49,61,54,59,55,55,99,50,57,0,0,0,0,0,0,0,0,0,0,0,0,0,0,0,0,0,0,0,0,0,0,0,0,0,0,0,0,0,0,0,0,0,0,0,0,0,0,0,0,0,0,0,0,False
80,Rick DiPietro,,18,USA,1982-07-01,200,72,1,False,False,False,False,True,True,True,False,0,2700000,0,0,0,0,0,0,0,0,0,,0,100,0,2,2,2,2,2,2,2,2,2,2,88,72,72,80,82,82,81,81,81,81,82,73,73,99,50,78,0,0,0,0,0,0,0,0,0,0,0,0,0,0,0,0,0,0,0,0,0,0,0,0,0,0,0,0,0,0,0,0,0,0,0,0,0,0,0,0,0,0,0,0,False
81,Antero Niittymaki,,25,FIN,1980-07-01,195,73,1,False,False,False,False,False,True,True,False,0,2200000,0,0,0,0,0,0,0,0,0,,0,100,0,2,2,2,2,2,2,2,2,2,2,86,79,72,80,87,86,86,89,86,83,88,73,73,25,50,81,0,0,0,0,0,0,0,0,0,0,0,0,0,0,0,0,0,0,0,0,0,0,0,0,0,0,0,0,0,0,0,0,0,0,0,0,0,0,0,0,0,0,0,0,False
82,Ilya Bryzgalov,,6,RUS,1980-07-01,200,72,1,False,False,False,False,False,True,True,False,0,4000000,0,0,0,0,0,0,0,0,0,,0,100,0,2,2,2,2,2,2,2,2,2,2,94,91,91,84,93,94,95,93,95,94,82,78,78,99,30,88,0,0,0,0,0,0,0,0,0,0,0,0,0,0,0,0,0,0,0,0,0,0,0,0,0,0,0,0,0,0,0,0,0,0,0,0,0,0,0,0,0,0,0,0,False
83,Matt Climie,,4,CAN,1983-07-01,185,75,3,True,False,False,False,False,True,True,False,0,875000,875000,875000,0,0,0,0,0,0,0,,0,100,0,1,0,0,0,0,0,0,0,0,0,60,50,65,84,60,60,60,57,60,61,59,55,55,30,50,61,0,0,0,0,0,0,0,0,0,0,0,0,0,0,0,0,0,0,0,0,0,0,0,0,0,0,0,0,0,0,0,0,0,0,0,0,0,0,0,0,0,0,0,0,False
84,Evgeni Nabokov,,0,KAZ,1975-07-01,200,72,0,False,False,False,False,False,True,True,False,0,0,0,0,0,0,0,0,0,0,0,,0,100,0,2,2,2,2,2,2,2,2,2,2,88,87,87,78,90,90,90,91,89,91,82,80,80,99,50,85,0,0,0,0,0,0,0,0,0,0,0,0,0,0,0,0,0,0,0,0,0,0,0,0,0,0,0,0,0,0,0,0,0,0,0,0,0,0,0,0,0,0,0,0,False
85,Allen York,,22,CAN,1989-07-01,185,76,4,True,False,False,False,False,True,True,False,0,550000,550000,550000,550000,0,0,0,0,0,0,,0,100,0,0,0,0,0,0,0,0,0,0,0,64,62,61,61,68,65,66,67,68,65,67,56,55,50,50,63,0,0,0,0,0,0,0,0,0,0,0,0,0,0,0,0,0,0,0,0,0,0,0,0,0,0,0,0,0,0,0,0,0,0,0,0,0,0,0,0,0,0,0,0,False
86,Jimmy Howard,,27,USA,1984-07-01,218,72,3,False,False,False,True,False,True,True,False,0,4250000,4250000,4250000,0,0,0,0,0,0,0,,0,100,0,3,2,2,2,2,2,2,2,2,2,90,88,88,76,91,92,91,93,91,92,96,71,71,41,50,85,0,0,0,0,0,0,0,0,0,0,0,0,0,0,0,0,0,0,0,0,0,0,0,0,0,0,0,0,0,0,0,0,0,0,0,0,0,0,0,0,0,0,0,0,False
87,Michael Garnett,,0,CAN,1982-07-01,205,73,0,False,False,False,False,False,True,True,False,0,0,0,0,0,0,0,0,0,0,0,,0,100,0,0,0,0,0,0,0,0,0,0,0,47,66,65,65,56,66,70,49,62,58,61,50,50,63,50,59,0,0,0,0,0,0,0,0,0,0,0,0,0,0,0,0,0,0,0,0,0,0,0,0,0,0,0,0,0,0,0,0,0,0,0,0,0,0,0,0,0,0,0,0,False
88,Anders Lindback,,19,SWE,1988-07-01,212,78,3,True,False,False,False,False,True,True,False,0,637500,637500,637500,0,0,0,0,0,0,0,,0,100,0,3,2,2,2,2,2,2,2,2,2,87,80,80,91,86,90,90,87,87,89,82,54,54,99,50,82,0,0,0,0,0,0,0,0,0,0,0,0,0,0,0,0,0,0,0,0,0,0,0,0,0,0,0,0,0,0,0,0,0,0,0,0,0,0,0,0,0,0,0,0,False
89,Pekka Rinne,,7,FIN,1982-07-01,207,77,5,False,False,False,False,False,True,True,False,0,6650000,6650000,6650000,6650000,6650000,0,0,0,0,0,,0,100,0,2,2,2,2,2,2,2,2,2,2,93,86,86,88,92,95,96,95,95,95,92,59,59,99,50,87,0,0,0,0,0,0,0,0,0,0,0,0,0,0,0,0,0,0,0,0,0,0,0,0,0,0,0,0,0,0,0,0,0,0,0,0,0,0,0,0,0,0,0,0,False
90,Adam Berkhoel,,0,USA,1981-07-01,200,72,0,False,False,False,False,False,True,True,False,0,0,0,0,0,0,0,0,0,0,0,,0,100,0,0,0,0,0,0,0,0,0,0,0,61,63,63,76,61,61,61,61,61,61,60,55,55,99,50,61,0,0,0,0,0,0,0,0,0,0,0,0,0,0,0,0,0,0,0,0,0,0,0,0,0,0,0,0,0,0,0,0,0,0,0,0,0,0,0,0,0,0,0,0,False
91,Braden Holtby,,2,CAN,1989-07-01,202,73,3,True,False,False,False,False,True,True,False,0,550000,550000,550000,0,0,0,0,0,0,0,,0,100,0,2,2,2,2,2,2,2,2,2,2,87,80,80,78,85,89,88,90,89,89,80,55,55,99,50,80,0,0,0,0,0,0,0,0,0,0,0,0,0,0,0,0,0,0,0,0,0,0,0,0,0,0,0,0,0,0,0,0,0,0,0,0,0,0,0,0,0,0,0,0,False
92,Marc-André Fleury,,28,CAN,1984-06-29,172,73,0,False,False,False,False,False,True,True,False,0,0,0,0,0,0,0,0,0,0,0,,0,100,0,2,2,2,2,2,2,2,2,2,2,94,88,88,82,92,91,94,95,94,93,88,65,65,99,50,86,0,0,0,0,0,0,0,0,0,0,0,0,0,0,0,0,0,0,0,0,0,0,0,0,0,0,0,0,0,0,0,0,0,0,0,0,0,0,0,0,0,0,0,0,False
93,Henrik Lundqvist,,12,SWE,1982-07-01,200,72,1,False,False,False,False,False,True,True,False,0,7800000,0,0,0,0,0,0,0,0,0,,0,100,0,3,2,2,2,2,2,2,2,2,2,96,95,95,80,95,95,95,95,96,95,95,78,78,99,46,89,0,0,0,0,0,0,0,0,0,0,0,0,0,0,0,0,0,0,0,0,0,0,0,0,0,0,0,0,0,0,0,0,0,0,0,0,0,0,0,0,0,0,0,0,False
94,Marc Denis,,0,CAN,1977-07-01,190,75,0,False,False,False,False,False,True,True,False,0,0,0,0,0,0,0,0,0,0,0,,0,100,0,0,0,0,0,0,0,0,0,0,0,68,67,70,84,68,68,68,73,68,68,69,80,75,30,50,70,0,0,0,0,0,0,0,0,0,0,0,0,0,0,0,0,0,0,0,0,0,0,0,0,0,0,0,0,0,0,0,0,0,0,0,0,0,0,0,0,0,0,0,0,False
95,Jonas Hiller,,19,SUI,1982-07-01,181,74,4,False,False,False,False,False,True,True,False,0,3850000,3850000,3850000,3850000,0,0,0,0,0,0,,0,100,0,3,2,2,2,2,2,2,2,2,2,92,77,87,82,92,93,91,92,91,92,96,69,69,99,50,85,0,0,0,0,0,0,0,0,0,0,0,0,0,0,0,0,0,0,0,0,0,0,0,0,0,0,0,0,0,0,0,0,0,0,0,0,0,0,0,0,0,0,0,0,False
174,Mikko Koskinen,,6,FIN,1988-07-01,187,77,3,True,False,False,False,False,True,True,False,0,900000,900000,900000,0,0,0,0,0,0,0,,0,100,0,2,2,2,2,2,2,2,2,2,2,66,63,71,78,66,66,66,65,66,67,66,55,55,50,1,65,0,0,0,0,0,0,0,0,0,0,0,0,0,0,0,0,0,0,0,0,0,0,0,0,0,0,0,0,0,0,0,0,0,0,0,0,0,0,0,0,0,0,0,0,False
96,Jason Labarbera,,6,CAN,1980-07-01,200,72,1,False,False,False,False,False,True,True,False,0,1000000,0,0,0,0,0,0,0,0,0,,0,100,0,2,2,2,2,2,2,2,2,2,2,84,71,71,84,85,86,86,85,85,86,79,71,71,99,50,80,0,0,0,0,0,0,0,0,0,0,0,0,0,0,0,0,0,0,0,0,0,0,0,0,0,0,0,0,0,0,0,0,0,0,0,0,0,0,0,0,0,0,0,0,False
97,Adam Courchaine,,0,CAN,1989-07-01,185,75,0,False,False,False,False,False,True,True,False,0,0,0,0,0,0,0,0,0,0,0,,0,100,0,0,0,0,0,0,0,0,0,0,0,53,50,65,84,53,53,53,56,53,56,54,58,63,60,50,58,0,0,0,0,0,0,0,0,0,0,0,0,0,0,0,0,0,0,0,0,0,0,0,0,0,0,0,0,0,0,0,0,0,0,0,0,0,0,0,0,0,0,0,0,False
98,Marty Turco,,8,CAN,1975-07-01,185,72,1,False,False,False,False,False,True,True,False,0,2000000,0,0,0,0,0,0,0,0,0,,0,100,0,3,2,2,2,2,2,2,2,2,2,85,77,77,76,84,86,84,87,87,86,72,81,81,99,42,81,0,0,0,0,0,0,0,0,0,0,0,0,0,0,0,0,0,0,0,0,0,0,0,0,0,0,0,0,0,0,0,0,0,0,0,0,0,0,0,0,0,0,0,0,False
99,Adam Dennis,,0,CAN,1985-07-01,190,72,0,False,False,False,False,False,True,True,False,0,0,0,0,0,0,0,0,0,0,0,,0,100,0,0,0,0,0,0,0,0,0,0,0,54,57,70,78,54,54,54,57,54,58,55,64,68,45,50,59,0,0,0,0,0,0,0,0,0,0,0,0,0,0,0,0,0,0,0,0,0,0,0,0,0,0,0,0,0,0,0,0,0,0,0,0,0,0,0,0,0,0,0,0,False
100,Adam Munro,,0,CAN,1982-07-01,199,73,0,False,False,False,False,False,True,True,False,0,0,0,0,0,0,0,0,0,0,0,,0,100,0,0,0,0,0,0,0,0,0,0,0,62,62,74,80,62,62,62,60,62,65,62,72,70,50,50,65,0,0,0,0,0,0,0,0,0,0,0,0,0,0,0,0,0,0,0,0,0,0,0,0,0,0,0,0,0,0,0,0,0,0,0,0,0,0,0,0,0,0,0,0,False
101,Al Montoya,,19,USA,1985-07-01,195,74,1,False,False,False,False,False,True,True,False,0,700000,0,0,0,0,0,0,0,0,0,,0,100,0,2,2,2,2,2,2,2,2,2,2,84,78,78,78,85,84,86,88,87,86,83,58,58,60,50,79,0,0,0,0,0,0,0,0,0,0,0,0,0,0,0,0,0,0,0,0,0,0,0,0,0,0,0,0,0,0,0,0,0,0,0,0,0,0,0,0,0,0,0,0,False
102,Barry Brust,,0,CAN,1983-07-01,210,74,0,False,False,False,False,False,True,True,False,0,0,0,0,0,0,0,0,0,0,0,,0,100,0,0,0,0,0,0,0,0,0,0,0,61,62,62,82,60,60,60,61,60,60,59,55,55,99,50,62,0,0,0,0,0,0,0,0,0,0,0,0,0,0,0,0,0,0,0,0,0,0,0,0,0,0,0,0,0,0,0,0,0,0,0,0,0,0,0,0,0,0,0,0,False
103,Bobby Goepfert,,0,USA,1983-07-01,170,70,0,True,False,False,False,False,True,True,False,0,0,0,0,0,0,0,0,0,0,0,,0,100,0,0,0,0,0,0,0,0,0,0,0,54,51,50,74,54,54,54,57,54,53,55,67,68,35,50,57,0,0,0,0,0,0,0,0,0,0,0,0,0,0,0,0,0,0,0,0,0,0,0,0,0,0,0,0,0,0,0,0,0,0,0,0,0,0,0,0,0,0,0,0,False
104,Brent Krahn,,0,CAN,1982-07-01,220,77,0,False,False,False,False,False,True,True,False,0,0,0,0,0,0,0,0,0,0,0,,0,100,0,0,0,0,0,0,0,0,0,0,0,61,57,85,88,61,61,61,55,61,67,60,70,71,55,50,65,0,0,0,0,0,0,0,0,0,0,0,0,0,0,0,0,0,0,0,0,0,0,0,0,0,0,0,0,0,0,0,0,0,0,0,0,0,0,0,0,0,0,0,0,False
105,Cedrick Desjardins,,4,CAN,1985-07-01,183,72,2,False,False,False,False,False,True,True,False,0,575000,575000,0,0,0,0,0,0,0,0,,0,100,0,2,2,2,2,2,2,2,2,2,2,73,76,84,89,76,72,70,75,75,73,76,55,53,53,50,72,0,0,0,0,0,0,0,0,0,0,0,0,0,0,0,0,0,0,0,0,0,0,0,0,0,0,0,0,0,0,0,0,0,0,0,0,0,0,0,0,0,0,0,0,False
106,Chris Beckford-Tseu,,0,CAN,1984-07-01,201,74,0,False,False,False,False,False,True,True,False,0,0,0,0,0,0,0,0,0,0,0,,0,100,0,0,0,0,0,0,0,0,0,0,0,53,60,75,82,53,53,53,55,53,58,53,69,66,40,50,59,0,0,0,0,0,0,0,0,0,0,0,0,0,0,0,0,0,0,0,0,0,0,0,0,0,0,0,0,0,0,0,0,0,0,0,0,0,0,0,0,0,0,0,0,False
107,Chris Holt,,0,CAN,1985-07-01,221,75,0,False,False,False,False,False,True,True,False,0,0,0,0,0,0,0,0,0,0,0,,0,100,0,0,0,0,0,0,0,0,0,0,0,69,60,85,84,69,69,69,64,69,73,68,66,66,45,50,69,0,0,0,0,0,0,0,0,0,0,0,0,0,0,0,0,0,0,0,0,0,0,0,0,0,0,0,0,0,0,0,0,0,0,0,0,0,0,0,0,0,0,0,0,False
108,Craig Kowalski,,0,USA,1981-07-01,190,68,0,False,False,False,False,False,True,True,False,0,0,0,0,0,0,0,0,0,0,0,,0,100,0,0,0,0,0,0,0,0,0,0,0,55,56,70,70,55,55,55,59,55,59,56,69,74,20,50,59,0,0,0,0,0,0,0,0,0,0,0,0,0,0,0,0,0,0,0,0,0,0,0,0,0,0,0,0,0,0,0,0,0,0,0,0,0,0,0,0,0,0,0,0,False
109,Dan LaCosta,,21,CAN,1986-07-01,186,73,1,True,False,False,False,False,True,True,False,0,600000,0,0,0,0,0,0,0,0,0,,0,100,0,0,0,0,0,0,0,0,0,0,0,63,67,66,80,63,63,63,65,63,64,63,63,62,60,50,65,0,0,0,0,0,0,0,0,0,0,0,0,0,0,0,0,0,0,0,0,0,0,0,0,0,0,0,0,0,0,0,0,0,0,0,0,0,0,0,0,0,0,0,0,False
110,Dan Turple,,0,CAN,1985-07-01,220,78,0,True,False,False,False,False,True,True,False,0,0,0,0,0,0,0,0,0,0,0,,0,100,0,0,0,0,0,0,0,0,0,0,0,54,56,85,90,54,54,54,55,54,62,54,66,67,45,50,61,0,0,0,0,0,0,0,0,0,0,0,0,0,0,0,0,0,0,0,0,0,0,0,0,0,0,0,0,0,0,0,0,0,0,0,0,0,0,0,0,0,0,0,0,False
111,Daniel Larsson,,28,CAN,1986-07-01,170,72,2,True,False,False,False,False,True,True,False,0,525000,525000,0,0,0,0,0,0,0,0,,0,100,0,0,0,0,0,0,0,0,0,0,0,69,70,65,76,69,69,69,71,69,68,69,54,54,35,50,67,0,0,0,0,0,0,0,0,0,0,0,0,0,0,0,0,0,0,0,0,0,0,0,0,0,0,0,0,0,0,0,0,0,0,0,0,0,0,0,0,0,0,0,0,False
112,Daniel Manzato,,0,CAN,1984-07-01,178,72,0,False,False,False,False,False,True,True,False,0,0,0,0,0,0,0,0,0,0,0,,0,100,0,0,0,0,0,0,0,0,0,0,0,56,62,58,78,56,56,56,59,56,56,57,68,67,40,50,60,0,0,0,0,0,0,0,0,0,0,0,0,0,0,0,0,0,0,0,0,0,0,0,0,0,0,0,0,0,0,0,0,0,0,0,0,0,0,0,0,0,0,0,0,False
113,Daren Machesney,,0,CAN,1986-07-01,185,72,0,True,False,False,False,False,True,True,False,0,0,0,0,0,0,0,0,0,0,0,,0,100,0,0,0,0,0,0,0,0,0,0,0,54,64,65,78,54,54,54,58,54,57,55,63,67,50,50,59,0,0,0,0,0,0,0,0,0,0,0,0,0,0,0,0,0,0,0,0,0,0,0,0,0,0,0,0,0,0,0,0,0,0,0,0,0,0,0,0,0,0,0,0,False
114,Dave Caruso,,0,USA,1982-07-01,218,71,0,False,False,False,False,False,True,True,False,0,0,0,0,0,0,0,0,0,0,0,,0,100,0,0,0,0,0,0,0,0,0,0,0,50,57,84,76,50,50,50,56,50,58,51,66,70,25,50,58,0,0,0,0,0,0,0,0,0,0,0,0,0,0,0,0,0,0,0,0,0,0,0,0,0,0,0,0,0,0,0,0,0,0,0,0,0,0,0,0,0,0,0,0,False
115,David Brown,,0,CAN,1985-07-01,185,72,0,False,False,False,False,False,True,True,False,0,0,0,0,0,0,0,0,0,0,0,,0,100,0,0,0,0,0,0,0,0,0,0,0,50,51,65,78,50,50,50,55,50,54,51,63,67,45,50,56,0,0,0,0,0,0,0,0,0,0,0,0,0,0,0,0,0,0,0,0,0,0,0,0,0,0,0,0,0,0,0,0,0,0,0,0,0,0,0,0,0,0,0,0,False
116,David Leggio,,0,CAN,1984-07-01,179,71,0,False,False,False,False,False,True,True,False,0,0,0,0,0,0,0,0,0,0,0,,0,100,0,0,0,0,0,0,0,0,0,0,0,50,50,59,76,50,50,50,57,50,52,51,63,60,35,50,55,0,0,0,0,0,0,0,0,0,0,0,0,0,0,0,0,0,0,0,0,0,0,0,0,0,0,0,0,0,0,0,0,0,0,0,0,0,0,0,0,0,0,0,0,False
117,David LeNeveu,,26,CAN,1983-07-01,187,73,3,True,False,False,False,False,True,True,False,0,550000,550000,550000,0,0,0,0,0,0,0,,0,100,0,1,1,1,1,1,1,1,1,1,1,61,68,67,80,61,61,61,64,61,62,62,65,70,50,50,64,0,0,0,0,0,0,0,0,0,0,0,0,0,0,0,0,0,0,0,0,0,0,0,0,0,0,0,0,0,0,0,0,0,0,0,0,0,0,0,0,0,0,0,0,False
118,David Shantz,,0,CAN,1986-07-01,207,73,0,False,False,False,False,False,True,True,False,0,0,0,0,0,0,0,0,0,0,0,,0,100,0,0,0,0,0,0,0,0,0,0,0,56,56,78,80,56,56,56,59,56,62,57,65,68,65,50,61,0,0,0,0,0,0,0,0,0,0,0,0,0,0,0,0,0,0,0,0,0,0,0,0,0,0,0,0,0,0,0,0,0,0,0,0,0,0,0,0,0,0,0,0,False
119,Devan Dubnyk,,1,CAN,1986-07-01,194,77,1,False,False,False,False,False,True,True,False,0,800000,0,0,0,0,0,0,0,0,0,,0,100,0,3,2,2,2,2,2,2,2,2,2,85,73,73,85,84,85,84,84,85,84,78,55,55,99,50,78,0,0,0,0,0,0,0,0,0,0,0,0,0,0,0,0,0,0,0,0,0,0,0,0,0,0,0,0,0,0,0,0,0,0,0,0,0,0,0,0,0,0,0,0,False
120,Drew MacIntyre,,0,CAN,1983-07-01,187,73,0,False,False,False,False,False,True,True,False,0,0,0,0,0,0,0,0,0,0,0,,0,100,0,0,0,0,0,0,0,0,0,0,0,71,70,67,80,71,71,71,61,71,70,69,71,68,40,50,69,0,0,0,0,0,0,0,0,0,0,0,0,0,0,0,0,0,0,0,0,0,0,0,0,0,0,0,0,0,0,0,0,0,0,0,0,0,0,0,0,0,0,0,0,False
121,Gerald Coleman,,0,USA,1985-07-01,215,77,0,False,False,False,False,False,True,True,False,0,0,0,0,0,0,0,0,0,0,0,,0,100,0,0,0,0,0,0,0,0,0,0,0,50,51,82,88,50,50,50,55,50,58,51,64,68,45,50,58,0,0,0,0,0,0,0,0,0,0,0,0,0,0,0,0,0,0,0,0,0,0,0,0,0,0,0,0,0,0,0,0,0,0,0,0,0,0,0,0,0,0,0,0,False
122,Glenn Fisher,,0,CAN,1983-07-01,190,73,0,False,False,False,False,False,True,True,False,0,0,0,0,0,0,0,0,0,0,0,,0,100,0,0,0,0,0,0,0,0,0,0,0,50,51,70,80,50,50,50,56,50,55,51,64,68,35,50,57,0,0,0,0,0,0,0,0,0,0,0,0,0,0,0,0,0,0,0,0,0,0,0,0,0,0,0,0,0,0,0,0,0,0,0,0,0,0,0,0,0,0,0,0,False
123,James Reimer,,5,CAN,1988-07-01,208,74,3,True,False,False,False,False,True,True,False,0,550000,550000,550000,0,0,0,0,0,0,0,,0,100,0,3,2,2,2,2,2,2,2,2,2,89,80,80,83,87,88,88,90,90,89,87,54,54,99,50,81,0,0,0,0,0,0,0,0,0,0,0,0,0,0,0,0,0,0,0,0,0,0,0,0,0,0,0,0,0,0,0,0,0,0,0,0,0,0,0,0,0,0,0,0,False
124,Jean-Philippe Levasseur,,0,CAN,1987-07-01,197,72,0,True,False,False,False,False,True,True,False,0,0,0,0,0,0,0,0,0,0,0,,0,100,0,0,0,0,0,0,0,0,0,0,0,57,66,73,78,57,57,57,58,57,61,57,64,65,55,50,61,0,0,0,0,0,0,0,0,0,0,0,0,0,0,0,0,0,0,0,0,0,0,0,0,0,0,0,0,0,0,0,0,0,0,0,0,0,0,0,0,0,0,0,0,False
125,Jeff Frazee,,0,USA,1987-07-01,193,72,0,False,False,False,False,False,True,True,False,0,0,0,0,0,0,0,0,0,0,0,,0,100,0,0,0,0,0,0,0,0,0,0,0,70,72,71,78,70,70,70,72,70,70,70,60,65,70,50,69,0,0,0,0,0,0,0,0,0,0,0,0,0,0,0,0,0,0,0,0,0,0,0,0,0,0,0,0,0,0,0,0,0,0,0,0,0,0,0,0,0,0,0,0,False
126,Jeff Glass,,0,CAN,1985-07-01,203,75,0,False,False,False,False,False,True,True,False,0,0,0,0,0,0,0,0,0,0,0,,0,100,0,0,0,0,0,0,0,0,0,0,0,58,66,76,84,58,58,58,62,58,62,59,65,67,55,50,63,0,0,0,0,0,0,0,0,0,0,0,0,0,0,0,0,0,0,0,0,0,0,0,0,0,0,0,0,0,0,0,0,0,0,0,0,0,0,0,0,0,0,0,0,False
127,Jeff Jakaitis,,0,USA,1983-07-01,165,70,0,False,False,False,False,False,True,True,False,0,0,0,0,0,0,0,0,0,0,0,,0,100,0,0,0,0,0,0,0,0,0,0,0,53,50,45,74,53,53,53,57,53,51,54,65,61,45,50,56,0,0,0,0,0,0,0,0,0,0,0,0,0,0,0,0,0,0,0,0,0,0,0,0,0,0,0,0,0,0,0,0,0,0,0,0,0,0,0,0,0,0,0,0,False
128,Jeff Zatkoff,,0,USA,1987-07-01,170,75,0,False,False,False,False,False,True,True,False,0,0,0,0,0,0,0,0,0,0,0,,0,100,0,0,0,0,0,0,0,0,0,0,0,54,51,50,84,54,54,54,55,54,53,54,61,65,65,50,58,0,0,0,0,0,0,0,0,0,0,0,0,0,0,0,0,0,0,0,0,0,0,0,0,0,0,0,0,0,0,0,0,0,0,0,0,0,0,0,0,0,0,0,0,False
129,Jhonas Enroth,,16,SWE,1988-07-01,170,70,2,True,False,False,False,False,True,True,False,0,850000,850000,0,0,0,0,0,0,0,0,,0,100,0,3,2,2,2,2,2,2,2,2,2,84,80,80,68,85,86,85,85,87,85,77,53,53,99,50,78,0,0,0,0,0,0,0,0,0,0,0,0,0,0,0,0,0,0,0,0,0,0,0,0,0,0,0,0,0,0,0,0,0,0,0,0,0,0,0,0,0,0,0,0,False
130,Joe Fallon,,0,USA,1985-07-01,190,75,0,False,False,False,False,False,True,True,False,0,0,0,0,0,0,0,0,0,0,0,,0,100,0,0,0,0,0,0,0,0,0,0,0,60,50,70,84,60,60,60,55,60,62,59,62,59,40,50,61,0,0,0,0,0,0,0,0,0,0,0,0,0,0,0,0,0,0,0,0,0,0,0,0,0,0,0,0,0,0,0,0,0,0,0,0,0,0,0,0,0,0,0,0,False
131,Joel Gistedt,,0,SWE,1987-07-01,176,71,0,False,False,False,False,False,True,True,False,0,0,0,0,0,0,0,0,0,0,0,,0,100,0,0,0,0,0,0,0,0,0,0,0,50,50,56,76,50,50,50,56,50,52,51,62,67,70,50,55,0,0,0,0,0,0,0,0,0,0,0,0,0,0,0,0,0,0,0,0,0,0,0,0,0,0,0,0,0,0,0,0,0,0,0,0,0,0,0,0,0,0,0,0,False
132,John DeCaro,,0,USA,1982-07-01,217,75,0,False,False,False,False,False,True,True,False,0,0,0,0,0,0,0,0,0,0,0,,0,100,0,0,0,0,0,0,0,0,0,0,0,54,51,83,84,54,54,54,56,54,61,54,67,62,25,50,60,0,0,0,0,0,0,0,0,0,0,0,0,0,0,0,0,0,0,0,0,0,0,0,0,0,0,0,0,0,0,0,0,0,0,0,0,0,0,0,0,0,0,0,0,False
133,John Murray,,0,USA,1987-07-01,197,72,0,False,False,False,False,False,True,True,False,0,0,0,0,0,0,0,0,0,0,0,,0,100,0,0,0,0,0,0,0,0,0,0,0,50,50,73,78,50,50,50,55,50,56,51,62,57,50,50,56,0,0,0,0,0,0,0,0,0,0,0,0,0,0,0,0,0,0,0,0,0,0,0,0,0,0,0,0,0,0,0,0,0,0,0,0,0,0,0,0,0,0,0,0,False
134,Jonathan Boutin,,0,CAN,1985-07-01,206,74,0,False,False,False,False,False,True,True,False,0,0,0,0,0,0,0,0,0,0,0,,0,100,0,0,0,0,0,0,0,0,0,0,0,50,50,78,82,50,50,50,57,50,57,51,67,67,55,50,57,0,0,0,0,0,0,0,0,0,0,0,0,0,0,0,0,0,0,0,0,0,0,0,0,0,0,0,0,0,0,0,0,0,0,0,0,0,0,0,0,0,0,0,0,False
135,Jordan Pearce,,0,USA,1986-07-01,201,73,0,True,False,False,False,False,True,True,False,0,0,0,0,0,0,0,0,0,0,0,,0,100,0,0,0,0,0,0,0,0,0,0,0,50,50,75,80,50,50,50,57,50,56,51,62,58,45,50,56,0,0,0,0,0,0,0,0,0,0,0,0,0,0,0,0,0,0,0,0,0,0,0,0,0,0,0,0,0,0,0,0,0,0,0,0,0,0,0,0,0,0,0,0,False
136,Julien Ellis,,0,CAN,1986-07-01,177,72,0,False,False,False,False,False,True,True,False,0,0,0,0,0,0,0,0,0,0,0,,0,100,0,0,0,0,0,0,0,0,0,0,0,50,50,57,78,50,50,50,57,50,52,51,67,58,50,50,55,0,0,0,0,0,0,0,0,0,0,0,0,0,0,0,0,0,0,0,0,0,0,0,0,0,0,0,0,0,0,0,0,0,0,0,0,0,0,0,0,0,0,0,0,False
137,Justin Peters,,27,CAN,1986-07-01,205,73,2,False,False,False,False,False,True,True,False,0,525000,525000,0,0,0,0,0,0,0,0,,0,100,0,2,2,2,2,2,2,2,2,2,2,77,77,77,78,77,77,77,77,77,77,73,59,59,99,50,74,0,0,0,0,0,0,0,0,0,0,0,0,0,0,0,0,0,0,0,0,0,0,0,0,0,0,0,0,0,0,0,0,0,0,0,0,0,0,0,0,0,0,0,0,False
138,Karl Goehring,,0,USA,1978-07-01,160,68,0,False,False,False,False,False,True,True,False,0,0,0,0,0,0,0,0,0,0,0,,0,100,0,0,0,0,0,0,0,0,0,0,0,60,62,40,70,60,60,60,59,60,55,60,73,77,5,50,61,0,0,0,0,0,0,0,0,0,0,0,0,0,0,0,0,0,0,0,0,0,0,0,0,0,0,0,0,0,0,0,0,0,0,0,0,0,0,0,0,0,0,0,0,False
139,Kellen Briggs,,0,USA,1983-07-01,188,71,0,False,False,False,False,False,True,True,False,0,0,0,0,0,0,0,0,0,0,0,,0,100,0,0,0,0,0,0,0,0,0,0,0,53,53,68,76,53,53,53,57,53,57,54,66,61,45,50,58,0,0,0,0,0,0,0,0,0,0,0,0,0,0,0,0,0,0,0,0,0,0,0,0,0,0,0,0,0,0,0,0,0,0,0,0,0,0,0,0,0,0,0,0,False
140,Kevin Lalande,,0,CAN,1987-07-01,175,71,0,False,False,False,False,False,True,True,False,0,0,0,0,0,0,0,0,0,0,0,,0,100,0,0,0,0,0,0,0,0,0,0,0,63,60,55,76,63,63,63,57,63,61,62,62,66,55,50,63,0,0,0,0,0,0,0,0,0,0,0,0,0,0,0,0,0,0,0,0,0,0,0,0,0,0,0,0,0,0,0,0,0,0,0,0,0,0,0,0,0,0,0,0,False
141,Kevin Nastiuk,,0,CAN,1985-07-01,170,73,0,False,False,False,False,False,True,True,False,0,0,0,0,0,0,0,0,0,0,0,,0,100,0,0,0,0,0,0,0,0,0,0,0,50,53,50,80,50,50,50,56,50,50,51,67,67,50,50,56,0,0,0,0,0,0,0,0,0,0,0,0,0,0,0,0,0,0,0,0,0,0,0,0,0,0,0,0,0,0,0,0,0,0,0,0,0,0,0,0,0,0,0,0,False
142,Kevin Regan,,0,USA,1984-07-01,190,73,0,False,False,False,False,False,True,True,False,0,0,0,0,0,0,0,0,0,0,0,,0,100,0,0,0,0,0,0,0,0,0,0,0,55,60,70,80,55,55,55,57,55,59,55,64,67,40,50,60,0,0,0,0,0,0,0,0,0,0,0,0,0,0,0,0,0,0,0,0,0,0,0,0,0,0,0,0,0,0,0,0,0,0,0,0,0,0,0,0,0,0,0,0,False
143,Kris Mayotte,,0,USA,1983-07-01,180,72,0,True,False,False,False,False,True,True,False,0,0,0,0,0,0,0,0,0,0,0,,0,100,0,0,0,0,0,0,0,0,0,0,0,50,53,60,78,50,50,50,55,50,52,51,67,68,30,50,56,0,0,0,0,0,0,0,0,0,0,0,0,0,0,0,0,0,0,0,0,0,0,0,0,0,0,0,0,0,0,0,0,0,0,0,0,0,0,0,0,0,0,0,0,False
144,Kyle Jones,,0,CAN,1983-07-01,200,72,0,False,False,False,False,False,True,True,False,0,0,0,0,0,0,0,0,0,0,0,,0,100,0,0,0,0,0,0,0,0,0,0,0,50,51,75,78,50,50,50,55,50,56,51,64,63,30,50,56,0,0,0,0,0,0,0,0,0,0,0,0,0,0,0,0,0,0,0,0,0,0,0,0,0,0,0,0,0,0,0,0,0,0,0,0,0,0,0,0,0,0,0,0,False
145,Leland Irving,,0,CAN,1988-07-01,176,72,0,False,False,False,False,False,True,True,False,0,0,0,0,0,0,0,0,0,0,0,,0,100,0,0,0,0,0,0,0,0,0,0,0,69,68,56,78,69,69,69,67,69,66,69,64,65,80,50,67,0,0,0,0,0,0,0,0,0,0,0,0,0,0,0,0,0,0,0,0,0,0,0,0,0,0,0,0,0,0,0,0,0,0,0,0,0,0,0,0,0,0,0,0,False
146,Len DiCostanzo,,0,USA,1986-07-01,185,70,0,False,False,False,False,False,True,True,False,0,0,0,0,0,0,0,0,0,0,0,,0,100,0,0,0,0,0,0,0,0,0,0,0,50,50,65,74,50,50,50,56,50,54,51,61,59,45,50,55,0,0,0,0,0,0,0,0,0,0,0,0,0,0,0,0,0,0,0,0,0,0,0,0,0,0,0,0,0,0,0,0,0,0,0,0,0,0,0,0,0,0,0,0,False
147,Loic Lacasse,,0,CAN,1986-07-01,175,74,0,True,False,False,False,False,True,True,False,0,0,0,0,0,0,0,0,0,0,0,,0,100,0,0,0,0,0,0,0,0,0,0,0,61,54,55,82,61,61,61,56,61,60,60,65,63,50,50,62,0,0,0,0,0,0,0,0,0,0,0,0,0,0,0,0,0,0,0,0,0,0,0,0,0,0,0,0,0,0,0,0,0,0,0,0,0,0,0,0,0,0,0,0,False
148,Matt Keetley,,29,CAN,1986-07-01,189,74,2,False,False,False,False,False,True,True,False,0,525000,525000,0,0,0,0,0,0,0,0,,0,100,0,0,0,0,0,0,0,0,0,0,0,56,64,69,82,56,56,56,58,56,59,56,64,63,50,49,61,0,0,0,0,0,0,0,0,0,0,0,0,0,0,0,0,0,0,0,0,0,0,0,0,0,0,0,0,0,0,0,0,0,0,0,0,0,0,0,0,0,0,0,0,False
149,Matt Zaba,,0,CAN,1983-07-01,185,73,0,False,False,False,False,False,True,True,False,0,0,0,0,0,0,0,0,0,0,0,,0,100,0,0,0,0,0,0,0,0,0,0,0,67,66,65,80,67,67,67,69,67,66,67,65,69,35,50,67,0,0,0,0,0,0,0,0,0,0,0,0,0,0,0,0,0,0,0,0,0,0,0,0,0,0,0,0,0,0,0,0,0,0,0,0,0,0,0,0,0,0,0,0,False
150,Maxime Daigneault,,0,CAN,1984-07-01,203,75,0,False,False,False,False,False,True,True,False,0,0,0,0,0,0,0,0,0,0,0,,0,100,0,0,0,0,0,0,0,0,0,0,0,50,51,76,84,50,50,50,55,50,56,51,68,69,55,50,58,0,0,0,0,0,0,0,0,0,0,0,0,0,0,0,0,0,0,0,0,0,0,0,0,0,0,0,0,0,0,0,0,0,0,0,0,0,0,0,0,0,0,0,0,False
151,Michael Mole,,0,CAN,1982-07-01,178,71,0,True,False,False,False,False,True,True,False,0,0,0,0,0,0,0,0,0,0,0,,0,100,0,0,0,0,0,0,0,0,0,0,0,50,65,58,76,50,50,50,74,50,52,55,68,70,25,50,59,0,0,0,0,0,0,0,0,0,0,0,0,0,0,0,0,0,0,0,0,0,0,0,0,0,0,0,0,0,0,0,0,0,0,0,0,0,0,0,0,0,0,0,0,False
152,Michael Teslak,,0,CAN,1985-07-01,192,74,0,False,False,False,False,False,True,True,False,0,0,0,0,0,0,0,0,0,0,0,,0,100,0,0,0,0,0,0,0,0,0,0,0,54,53,71,82,54,54,54,57,54,58,55,61,62,61,50,59,0,0,0,0,0,0,0,0,0,0,0,0,0,0,0,0,0,0,0,0,0,0,0,0,0,0,0,0,0,0,0,0,0,0,0,0,0,0,0,0,0,0,0,0,False
153,Michal Neuvirth,,30,CZE,1988-07-01,199,73,1,True,False,False,False,False,True,True,False,0,600000,0,0,0,0,0,0,0,0,0,,0,100,0,3,2,2,2,2,2,2,2,2,2,90,83,83,80,92,91,91,92,92,91,87,57,57,99,50,83,0,0,0,0,0,0,0,0,0,0,0,0,0,0,0,0,0,0,0,0,0,0,0,0,0,0,0,0,0,0,0,0,0,0,0,0,0,0,0,0,0,0,0,0,False
154,Miika Wiikman,,0,CAN,1984-07-01,177,71,0,True,False,False,False,False,True,True,False,0,0,0,0,0,0,0,0,0,0,0,,0,100,0,0,0,0,0,0,0,0,0,0,0,62,67,57,76,62,62,62,64,62,61,62,64,69,64,50,64,0,0,0,0,0,0,0,0,0,0,0,0,0,0,0,0,0,0,0,0,0,0,0,0,0,0,0,0,0,0,0,0,0,0,0,0,0,0,0,0,0,0,0,0,False
155,Mike Brodeur,,1,CAN,1983-07-01,186,74,1,False,False,False,False,False,True,True,False,0,525000,0,0,0,0,0,0,0,0,0,,0,100,0,1,2,2,2,2,2,2,2,2,2,70,70,70,70,70,70,70,70,70,70,71,73,73,70,48,69,0,0,0,0,0,0,0,0,0,0,0,0,0,0,0,0,0,0,0,0,0,0,0,0,0,0,0,0,0,0,0,0,0,0,0,0,0,0,0,0,0,0,0,0,False
156,Mike McKenna,,0,USA,1984-07-01,187,75,0,True,False,False,False,False,True,True,False,0,0,0,0,0,0,0,0,0,0,0,,0,100,0,0,0,0,0,0,0,0,0,0,0,64,62,67,84,64,64,64,68,64,65,65,62,67,62,50,66,0,0,0,0,0,0,0,0,0,0,0,0,0,0,0,0,0,0,0,0,0,0,0,0,0,0,0,0,0,0,0,0,0,0,0,0,0,0,0,0,0,0,0,0,False
157,Mitch OKeefe,,0,CAN,1984-07-01,210,74,0,False,False,False,False,False,True,True,False,0,0,0,0,0,0,0,0,0,0,0,,0,100,0,0,0,0,0,0,0,0,0,0,0,59,51,80,82,59,59,59,56,59,64,58,61,63,61,50,62,0,0,0,0,0,0,0,0,0,0,0,0,0,0,0,0,0,0,0,0,0,0,0,0,0,0,0,0,0,0,0,0,0,0,0,0,0,0,0,0,0,0,0,0,False
158,Nathan Lawson,,23,CAN,1983-07-01,191,74,2,False,False,False,False,False,True,True,False,0,575000,575000,0,0,0,0,0,0,0,0,,0,100,0,3,0,0,0,0,0,0,0,0,0,66,63,70,82,66,66,66,67,66,67,66,63,63,63,50,67,0,0,0,0,0,0,0,0,0,0,0,0,0,0,0,0,0,0,0,0,0,0,0,0,0,0,0,0,0,0,0,0,0,0,0,0,0,0,0,0,0,0,0,0,False
159,Nolan Schaefer,,0,CAN,1980-07-01,195,74,0,True,False,False,False,False,True,True,False,0,0,0,0,0,0,0,0,0,0,0,,0,100,0,0,0,0,0,0,0,0,0,0,0,65,68,72,82,65,65,65,63,65,67,65,68,73,68,50,67,0,0,0,0,0,0,0,0,0,0,0,0,0,0,0,0,0,0,0,0,0,0,0,0,0,0,0,0,0,0,0,0,0,0,0,0,0,0,0,0,0,0,0,0,False
160,Ray Jean,,0,USA,1982-07-01,175,67,0,False,False,False,False,False,True,True,False,0,0,0,0,0,0,0,0,0,0,0,,0,100,0,0,0,0,0,0,0,0,0,0,0,50,50,55,72,50,50,50,57,50,51,51,63,60,63,50,55,0,0,0,0,0,0,0,0,0,0,0,0,0,0,0,0,0,0,0,0,0,0,0,0,0,0,0,0,0,0,0,0,0,0,0,0,0,0,0,0,0,0,0,0,False
161,Rejean Beauchemin,,0,CAN,1985-07-01,195,73,0,True,False,False,False,False,True,True,False,0,0,0,0,0,0,0,0,0,0,0,,0,100,0,0,0,0,0,0,0,0,0,0,0,50,50,72,80,50,50,50,55,50,56,51,64,65,64,50,56,0,0,0,0,0,0,0,0,0,0,0,0,0,0,0,0,0,0,0,0,0,0,0,0,0,0,0,0,0,0,0,0,0,0,0,0,0,0,0,0,0,0,0,0,False
162,Riku Helenius,,0,FIN,1988-07-01,202,75,0,True,False,False,False,False,True,True,False,0,0,0,0,0,0,0,0,0,0,0,,0,100,0,0,0,0,0,0,0,0,0,0,0,68,50,76,84,68,68,68,62,68,70,67,61,65,61,50,67,0,0,0,0,0,0,0,0,0,0,0,0,0,0,0,0,0,0,0,0,0,0,0,0,0,0,0,0,0,0,0,0,0,0,0,0,0,0,0,0,0,0,0,0,False
163,Rob Lemelin,,0,USA,1982-07-01,205,73,0,False,False,False,False,False,True,True,False,0,0,0,0,0,0,0,0,0,0,0,,0,100,0,0,0,0,0,0,0,0,0,0,0,55,50,77,80,55,55,55,55,55,60,55,63,60,63,50,59,0,0,0,0,0,0,0,0,0,0,0,0,0,0,0,0,0,0,0,0,0,0,0,0,0,0,0,0,0,0,0,0,0,0,0,0,0,0,0,0,0,0,0,0,False
164,Robert Gherson,,0,CAN,1983-07-01,175,73,0,True,False,False,False,False,True,True,False,0,0,0,0,0,0,0,0,0,0,0,,0,100,0,0,0,0,0,0,0,0,0,0,0,54,59,55,80,54,54,54,57,54,54,55,69,65,69,50,59,0,0,0,0,0,0,0,0,0,0,0,0,0,0,0,0,0,0,0,0,0,0,0,0,0,0,0,0,0,0,0,0,0,0,0,0,0,0,0,0,0,0,0,0,False
165,Scott Munroe,,0,CAN,1982-07-01,210,74,0,False,False,False,False,False,True,True,False,0,0,0,0,0,0,0,0,0,0,0,,0,100,0,0,0,0,0,0,0,0,0,0,0,71,71,80,82,71,71,71,73,71,73,71,64,68,64,50,71,0,0,0,0,0,0,0,0,0,0,0,0,0,0,0,0,0,0,0,0,0,0,0,0,0,0,0,0,0,0,0,0,0,0,0,0,0,0,0,0,0,0,0,0,False
166,Sebastian Dahm,,0,DEN,1987-07-01,175,71,0,False,False,False,False,False,True,True,False,0,0,0,0,0,0,0,0,0,0,0,,0,100,0,0,0,0,0,0,0,0,0,0,0,56,60,55,76,56,56,56,60,56,56,57,61,62,61,50,59,0,0,0,0,0,0,0,0,0,0,0,0,0,0,0,0,0,0,0,0,0,0,0,0,0,0,0,0,0,0,0,0,0,0,0,0,0,0,0,0,0,0,0,0,False
167,Taylor Dakers,,0,CAN,1986-07-01,170,74,0,False,False,False,False,False,True,True,False,0,0,0,0,0,0,0,0,0,0,0,,0,100,0,0,0,0,0,0,0,0,0,0,0,55,61,50,82,55,55,55,57,55,54,55,61,61,61,50,58,0,0,0,0,0,0,0,0,0,0,0,0,0,0,0,0,0,0,0,0,0,0,0,0,0,0,0,0,0,0,0,0,0,0,0,0,0,0,0,0,0,0,0,0,False
168,Thomas Greiss,,14,GER,1986-07-01,210,73,2,False,False,False,False,False,True,True,False,0,550000,550000,0,0,0,0,0,0,0,0,,0,100,0,2,2,2,2,2,2,2,2,2,2,79,73,73,80,78,80,79,81,81,80,75,58,58,99,50,75,0,0,0,0,0,0,0,0,0,0,0,0,0,0,0,0,0,0,0,0,0,0,0,0,0,0,0,0,0,0,0,0,0,0,0,0,0,0,0,0,0,0,0,0,False
169,Tuukka Rask,,21,FIN,1987-07-01,169,75,2,False,False,False,False,False,True,True,False,0,700000,700000,0,0,0,0,0,0,0,0,,0,100,0,2,2,2,2,2,2,2,2,2,2,88,83,83,84,90,91,90,91,91,91,82,63,63,99,50,84,0,0,0,0,0,0,0,0,0,0,0,0,0,0,0,0,0,0,0,0,0,0,0,0,0,0,0,0,0,0,0,0,0,0,0,0,0,0,0,0,0,0,0,0,False
170,Tyler Plante,,0,USA,1987-07-01,191,75,0,False,False,False,False,False,True,True,False,0,0,0,0,0,0,0,0,0,0,0,,0,100,0,0,0,0,0,0,0,0,0,0,0,54,59,70,84,54,54,54,56,54,58,54,60,62,60,50,59,0,0,0,0,0,0,0,0,0,0,0,0,0,0,0,0,0,0,0,0,0,0,0,0,0,0,0,0,0,0,0,0,0,0,0,0,0,0,0,0,0,0,0,0,False
171,Tyler Sims,,0,GER,1985-07-01,190,72,0,False,False,False,False,False,True,True,False,0,0,0,0,0,0,0,0,0,0,0,,0,100,0,0,0,0,0,0,0,0,0,0,0,50,50,70,78,50,50,50,56,50,55,51,61,57,61,50,56,0,0,0,0,0,0,0,0,0,0,0,0,0,0,0,0,0,0,0,0,0,0,0,0,0,0,0,0,0,0,0,0,0,0,0,0,0,0,0,0,0,0,0,0,False
172,Tyler Weiman,,0,CAN,1984-07-01,180,71,0,True,False,False,False,False,True,True,False,0,0,0,0,0,0,0,0,0,0,0,,0,100,0,0,0,0,0,0,0,0,0,0,0,66,67,60,76,66,66,66,66,66,64,66,66,65,66,50,66,0,0,0,0,0,0,0,0,0,0,0,0,0,0,0,0,0,0,0,0,0,0,0,0,0,0,0,0,0,0,0,0,0,0,0,0,0,0,0,0,0,0,0,0,False
173,Wade Dubielewicz,,0,CAN,1979-07-01,185,70,0,False,False,False,False,False,True,True,False,0,0,0,0,0,0,0,0,0,0,0,,0,100,0,0,0,0,0,0,0,0,0,0,0,71,50,65,74,70,70,70,72,73,70,71,69,72,69,50,69,0,0,0,0,0,0,0,0,0,0,0,0,0,0,0,0,0,0,0,0,0,0,0,0,0,0,0,0,0,0,0,0,0,0,0,0,0,0,0,0,0,0,0,0,False
175,Alex Stalock,,26,USA,1987-07-01,180,72,3,True,False,False,False,False,True,True,False,0,625000,625000,625000,0,0,0,0,0,0,0,,0,100,0,1,2,2,2,2,2,2,2,2,2,63,65,63,78,63,63,63,65,63,63,63,72,63,40,1,64,0,0,0,0,0,0,0,0,0,0,0,0,0,0,0,0,0,0,0,0,0,0,0,0,0,0,0,0,0,0,0,0,0,0,0,0,0,0,0,0,0,0,0,0,False
180,Christobal Huet,,0,CAN,1967-07-01,194,72,1,False,False,False,False,False,True,True,False,0,4600000,0,0,0,0,0,0,0,0,0,,0,100,0,0,0,0,0,0,0,0,0,0,0,82,78,78,80,83,83,83,85,85,84,83,77,77,99,50,80,0,0,0,0,0,0,0,0,0,0,0,0,0,0,0,0,0,0,0,0,0,0,0,0,0,0,0,0,0,0,0,0,0,0,0,0,0,0,0,0,0,0,0,0,False
181,Mike Dunham,,0,USA,1962-07-01,195,75,0,False,False,False,False,False,True,True,False,0,0,0,0,0,0,0,0,0,0,0,,0,100,0,0,0,0,0,0,0,0,0,0,0,83,82,82,77,82,83,82,82,83,82,82,82,82,99,50,80,0,0,0,0,0,0,0,0,0,0,0,0,0,0,0,0,0,0,0,0,0,0,0,0,0,0,0,0,0,0,0,0,0,0,0,0,0,0,0,0,0,0,0,0,False
182,Manny Legace,,0,CAN,1963-07-01,162,69,1,False,False,False,False,False,True,True,False,0,3000000,0,0,0,0,0,0,0,0,0,,0,100,0,0,0,0,0,0,0,0,0,0,0,78,64,64,74,80,81,80,78,78,80,80,83,90,99,50,76,0,0,0,0,0,0,0,0,0,0,0,0,0,0,0,0,0,0,0,0,0,0,0,0,0,0,0,0,0,0,0,0,0,0,0,0,0,0,0,0,0,0,0,0,False
183,Chris Osgood,,0,CAN,1964-07-01,175,70,1,False,False,False,False,False,True,True,False,0,2400000,0,0,0,0,0,0,0,0,0,,0,100,0,0,0,0,0,0,0,0,0,0,0,81,73,73,74,78,78,77,79,78,78,82,97,98,99,50,78,0,0,0,0,0,0,0,0,0,0,0,0,0,0,0,0,0,0,0,0,0,0,0,0,0,0,0,0,0,0,0,0,0,0,0,0,0,0,0,0,0,0,0,0,False
184,Hannu Toivonen,,0,FIN,1976-07-01,200,74,1,False,False,False,False,False,True,True,False,0,2036644,0,0,0,0,0,0,0,0,0,,0,100,0,0,0,0,0,0,0,0,0,0,0,77,83,83,70,78,79,77,75,80,77,74,62,62,99,50,74,0,0,0,0,0,0,0,0,0,0,0,0,0,0,0,0,0,0,0,0,0,0,0,0,0,0,0,0,0,0,0,0,0,0,0,0,0,0,0,0,0,0,0,0,False
185,Jean-Sebastien Aubin,,0,CAN,1968-07-01,200,72,0,False,False,False,False,False,True,True,False,0,0,0,0,0,0,0,0,0,0,0,,0,100,0,0,0,0,0,0,0,0,0,0,0,77,82,82,63,78,79,77,75,80,77,78,82,73,99,50,75,0,0,0,0,0,0,0,0,0,0,0,0,0,0,0,0,0,0,0,0,0,0,0,0,0,0,0,0,0,0,0,0,0,0,0,0,0,0,0,0,0,0,0,0,False
186,Trevor Kidd,,0,CAN,1962-07-01,190,74,0,False,False,False,False,False,True,True,False,0,0,0,0,0,0,0,0,0,0,0,,0,100,0,0,0,0,0,0,0,0,0,0,0,75,83,83,77,72,75,77,77,75,76,77,82,82,99,50,76,0,0,0,0,0,0,0,0,0,0,0,0,0,0,0,0,0,0,0,0,0,0,0,0,0,0,0,0,0,0,0,0,0,0,0,0,0,0,0,0,0,0,0,0,False
187,Patrick Lalime,,0,CAN,1965-07-01,170,74,2,False,False,False,False,False,True,True,False,0,1650000,1650000,0,0,0,0,0,0,0,0,,0,100,0,0,0,0,0,0,0,0,0,0,0,75,71,71,84,75,75,75,75,75,75,76,82,75,99,50,74,0,0,0,0,0,0,0,0,0,0,0,0,0,0,0,0,0,0,0,0,0,0,0,0,0,0,0,0,0,0,0,0,0,0,0,0,0,0,0,0,0,0,0,0,False
188,Jason Bacashihua,,0,CAN,1974-07-01,177,71,1,False,False,False,False,False,True,True,False,0,643700,0,0,0,0,0,0,0,0,0,,0,100,0,0,0,0,0,0,0,0,0,0,0,83,79,79,54,79,80,80,81,80,80,77,63,63,99,50,74,0,0,0,0,0,0,0,0,0,0,0,0,0,0,0,0,0,0,0,0,0,0,0,0,0,0,0,0,0,0,0,0,0,0,0,0,0,0,0,0,0,0,0,0,False
