Team Number,Prospect Name,Year,Overall Pick
22,Rasmus Dahlin,2018,1
31,Andrei Svechnikov,2018,2
21,Spencer Watson,2014,101
2,Miro Heiskanen,2017,3
24,Brady Tkachuk,2018,3
28,Cody Glass,2017,4
22,Jesperi Kotkaniemi,2018,4
19,Cale Makar,2017,5
22,Filip Zadina,2018,5
13,Alexander Nylander,2016,6
9,Quinn Hughes,2018,6
13,Michael Dal Colle,2014,5
18,Hunter Drew,2018,188
25,Adam Boqvist,2018,7
2,Olli Juolevi,2016,9
30,Gabriel Vilardi,2017,6
26,Oliver Wahlstrom,2018,8
22,Barrett Hayton,2018,9
19,Evan Bouchard,2018,10
11,Owen Tippett,2017,7
7,Logan Brown,2016,11
14,Timothy Liljegren,2017,8
29,Michael McLeod,2016,12
9,Elias Pettersson,2017,9
8,Logan Stanley,2016,14
11,Lias Andersson,2017,10
27,Vitali Kravtsov,2018,11
12,Luke Kunin,2016,16
24,Michael Rasmussen,2017,11
5,Jake Bean,2016,17
1,Noah Dobson,2018,12
28,Brett Howden,2016,18
6,Casey Mittelstadt,2017,12
24,Dante Fabbro,2016,19
1,Kieffer Bellows,2016,20
1,German Rubtsov,2016,21
17,Dennis Cholowski,2016,22
1,Juuso Valimaki,2017,13
25,Julien Gauthier,2016,23
23,Tanner Richard,2012,99
2,Rasmus Kupari,2018,13
24,Adam Mascherin,2016,24
29,Joel Farabee,2018,14
24,Joe Veleno,2018,15
1,Adam Ruzicka,2017,93
1,Josh Wesley,2014,103
29,Riley Tufte,2016,26
12,Ty Dellandrea,2018,16
6,Nick Suzuki,2017,14
13,Jake Oettinger,2017,15
5,Samuel Morin,2013,14
13,Erik Brannstrom,2017,16
9,Conner Bleackley,2014,17
16,Lucas Johansen,2016,27
22,Andrew Peeke,2016,28
13,Martin Necas,2017,17
11,Evan Fitzpatrick,2016,64
23,Filip Chytil,2017,18
16,Henrik Borgstrom,2016,29
24,Croix Evingson,2017,215
14,J.C. Lipon,2013,93
10,Jerome Gauthier-Leduc,2010,97
1,Grigori Denisenko,2018,17
22,Kailer Yamamoto,2017,19
21,Pascal Laberge,2016,30
14,Tyler Biggs,2011,23
11,Urho Vaakanainen,2017,20
12,Josh Norris,2017,21
2,Max Jones,2016,31
22,Serron Noel,2018,18
12,Reilly Walsh,2017,94
8,Tyler Benson,2016,33
7,Steven Shipley,2010,100
1,Martin Kaut,2018,19
2,Ty Smith,2018,20
14,Adam Janosik,2010,101
10,Cal Foote,2017,22
25,Nicolas Beaudin,2018,21
4,Thomas Vannelli,2013,61
11,Libor Hajek,2016,34
1,Trent Frederic,2016,35
24,Jonatan Berggren,2018,22
26,Robert Thomas,2017,23
18,Jakob Stukel,2016,170
26,Kristian Vesalainen,2017,24
6,Dominik Bokk,2018,23
19,Jasper Weatherby,2018,120
5,Rasmus Asplund,2016,36
22,Cameron Morrison,2016,37
1,K'Andre Miller,2018,24
30,Klim Kostin,2017,26
31,Nick Henry,2017,95
31,Liam Foudy,2018,25
10,Ryan Poehling,2017,27
17,Morgan Frost,2017,28
30,Kale Clague,2016,38
9,Sam Steel,2016,39
6,Yegor Korshkov,2016,40
16,Carter Hart,2016,41
5,Ryan Merkley,2018,26
2,Nicolas Hague,2017,29
6,Markus Phillips,2017,96
19,Austin Levi,2010,107
9,Kole Lind,2017,30
31,Pierre-Olivier Joseph,2017,31
11,Filip Gustavsson,2016,43
5,Vitaly Abramov,2016,44
1,Jordan Kyrou,2016,45
1,Tyler Parsons,2016,46
11,Isaac Ratcliffe,2017,32
31,Henri Jokiharju,2017,33
28,Conor Timmins,2017,34
31,Shane Bowers,2017,35
2,Eetu Luostarinen,2017,36
2,Lukas Elvenes,2017,97
7,Igor Shesterkin,2014,105
5,Jason Robertson,2017,37
29,Mario Lucia,2011,45
1,Dillon Dube,2016,47
10,Isac Lundestrom,2018,27
22,Maxime Comtois,2017,38
30,Jaret Anderson-Dolan,2017,39
7,Jesper Boqvist,2017,40
19,William Bitten,2016,48
1,Dylan Samberg,2017,41
25,Nils Lundkvist,2018,28
2,Akil Thomas,2018,29
18,Jay O'Brien,2018,30
24,Luke Martin,2017,42
31,Aleksi Heponiemi,2017,43
29,Michael Downing,2013,96
6,Rasmus Sandin,2018,31
22,Jett Woo,2018,32
9,Jonah Gadjovich,2017,44
30,Dylan Gambrell,2016,50
5,Ukko-Pekka Luukkonen,2017,45
6,Ryan McLeod,2018,33
15,Jacob Olofsson,2018,34
29,Boris Katchouk,2016,51
11,Joni Ikonen,2017,46
30,Carl Grundstrom,2016,52
8,Nathan Bastian,2016,53
2,Taylor Raddysh,2016,54
19,Keaton Thompson,2013,98
28,Marcus Davidsson,2017,47
19,Jared McIsaac,2018,35
1,Wade Allison,2016,55
6,Jonathan Dahlen,2016,56
7,Artur Kayumov,2016,57
1,Alexander Volkov,2017,48
16,Eric Roy,2013,102
11,Jan Kostalek,2013,103
9,Thatcher Demko,2014,29
23,Filip Westerlund,2017,49
9,Zachary Lauzon,2017,50
15,Adam Fox,2016,58
4,Anthony Florentino,2013,105
17,Joseph Woll,2016,59
27,Janne Kuokkanen,2016,60
19,Ryan Graves,2013,106
2,Ryan Lindgren,2016,61
31,Gustav Lindstrom,2017,51
12,Michael DiPietro,2017,52
6,Bode Wilde,2018,36
6,Alexander Alexeyev,2018,37
21,Martin Reway,2013,109
8,Santeri Virtanen,2017,98
13,Josh Anderson,2016,84
2,Simon Johansson,2018,121
19,Rasmus Bengtsson,2011,56
27,Samu Perhonen,2011,57
2,Alexandre Texier,2017,53
24,Ian Mitchell,2017,54
25,Jacob Bernard-Docker,2018,38
31,Filip Johansson,2018,39
6,Mattias Samuelsson,2018,40
3,Philip Nyberg,2016,171
6,Yegor Rykov,2016,172
29,Alex Formenton,2017,55
12,Joseph Anderson,2016,62
23,Linus Soderstrom,2014,107
2,Markus Niemelainen,2016,63
8,Evgeny Svechnikov,2015,14
1,Grant Mismash,2017,56
8,James Greenway,2016,85
15,Dmitri Samorukov,2017,99
7,Jake Leschyshyn,2017,57
6,Chad Krys,2016,65
21,Daniel Audette,2014,108
27,Jesse Ylonen,2018,41
4,Ilya Samsonov,2015,16
2,John Quenneville,2014,32
31,Tyler Tucker,2018,200
27,Alexander Romanov,2018,42
14,Daniel Catenacci,2011,68
22,Scott Perunovich,2018,43
19,Anatoli Golyshev,2016,66
19,Ludwig Bystrom,2012,36
9,Daniil Tarasov,2017,58
1,Cam Dineen,2016,67
14,Eemeli Rasanen,2017,59
25,Denis Guryanov,2015,17
7,Jack Drury,2018,44
23,Matthew Hellickson,2017,216
1,Cliff Pu,2016,68
1,Luke Green,2016,69
5,Mario Ferraro,2017,60
15,Jordan Binnington,2011,72
19,Michael Paliotta,2011,73
15,Jayce Hawryluk,2014,34
18,Adam Ginning,2018,45
8,Carson Soucy,2013,164
5,Nick Merkley,2015,18
1,Mason McDonald,2014,35
4,Will Reilly,2017,217
9,William Lockwood,2016,70
27,Robin Salo,2017,61
1,Givani Smith,2016,71
10,Benoit-Olivier Groulx,2018,46
24,Roland McKeown,2014,37
11,Jack Dougherty,2014,38
2,Kasper Bjorkqvist,2016,72
6,Dmitry Sokolov,2016,86
1,Alexei Lipanov,2017,62
31,Calen Addison,2018,47
28,Sean Day,2016,73
13,Fabian Zetterlund,2017,63
27,Wouter Peeters,2016,74
31,Josh Brook,2017,64
18,Antoine Morand,2017,65
31,Morgan Geekie,2017,66
5,Kody Clark,2018,48
28,Jack Studnicka,2017,67
7,Ville Pokka,2012,42
18,Connor Hall,2016,75
21,Brandon Gormley,2010,16
2,Matt Filipe,2016,76
19,Sebastian Aho,2017,68
11,Cale Fleury,2017,69
29,Jonathan Kovacevic,2017,70
6,Ruslan Iskhakov,2018,49
7,Matthew Strome,2017,71
29,Frederic Allard,2016,77
25,Jakub Zboril,2015,20
6,Rem Pitlick,2016,78
8,Alban Eriksson,2018,50
23,Scott Kosmachuk,2012,44
21,Jonas Rondbjerg,2017,72
22,Trey Fix-Wolansky,2018,189
11,Evan Barratt,2017,100
15,Filip Hallander,2018,51
1,Zach Senyshyn,2015,21
3,Olof Lindbom,2018,52
11,Joshua Mahura,2016,79
8,Andreas Englund,2014,42
18,Nathan Noel,2016,80
19,Hudson Elynuik,2016,87
19,Louis Belpedio,2014,111
11,Noah Gregor,2016,81
8,Jack Lafontaine,2016,88
2,Linus Lindstrom,2016,82
15,Adam Brooks,2016,83
17,Brandon Gignac,2016,89
24,Nikita Popugaev,2017,73
18,Joe Wegwerth,2014,112
18,Tom Nilsson,2011,92
1,Keith Petruzzelli,2017,74
27,Andrei Altybarmakyan,2017,75
30,Jacob Moverare,2016,90
21,Jack Kopacka,2016,91
1,Max Gildon,2017,76
6,Jonny Tychonick,2018,53
6,Jake Wise,2018,54
9,Felix Girard,2013,110
22,Mason Shaw,2017,77
18,Kirill Marchenko,2018,55
17,Julius Bergman,2014,43
6,Stelio Mattheos,2017,78
20,Anthony Camara,2011,98
2,Carsen Twarynski,2016,93
11,Jordan Sambrook,2016,94
3,Matthew Cairns,2016,95
10,Olivier Archambault,2011,100
5,David Gustafsson,2018,56
26,Eric Cornel,2014,44
21,Scott Walford,2017,79
1,Ryan MacInnis,2014,45
5,Kevin Bahl,2018,57
10,Jonathan Racine,2011,103
21,Jonathan Ang,2016,96
10,Gabriel Fortier,2018,58
16,Matthew Phillips,2016,97
28,Jack McBain,2018,59
29,Linus Nassen,2016,98
23,Dominik Masin,2014,46
19,Ivan Morozov,2018,60
8,Brian Hart,2012,52
22,Radim Salda,2018,190
23,Sean Durzi,2018,61
9,Nicolas Aube-Kubel,2014,47
1,Eetu Tuulola,2016,99
4,Josiah Didier,2011,107
16,Adam Tambellini,2013,62
26,David Farrance,2017,80
15,Niklas Nordgren,2018,62
31,Lane Zablocki,2017,81
13,Ivan Lodnia,2017,82
8,MacKenzie Entwistle,2017,83
26,Connor Hurley,2013,43
12,Kasper Kotkansalo,2017,84
4,Nikolay Prokhorkin,2012,78
29,Jakub Lauko,2018,63
2,Connor Ingram,2016,101
15,Ostap Safin,2017,85
21,Cole Candella,2016,102
31,Axel Andersson,2018,64
7,Colton Point,2016,103
19,Martin Fehervary,2018,65
4,Jonas Johansson,2014,49
9,Tyler Madden,2018,66
13,Casey Fitzgerald,2016,104
3,Otto Koivula,2016,105
27,Matthew Villalta,2017,86
9,Dylan Blujus,2012,58
26,Stuart Skinner,2017,87
17,Connor Bunnaman,2016,109
12,Scott Reedy,2017,88
24,Dakota Joshua,2014,154
22,Ross Colton,2016,106
9,Joel Lowry,2011,114
7,Samuel Kurker,2012,62
20,Colin White,2015,26
2,Brett Pollock,2014,50
2,Fredrik Karlstrom,2016,107
18,Jan Jenik,2018,67
16,Cameron Crotty,2017,101
4,Nick Sorensen,2013,47
9,Troy Bourke,2012,65
16,Austen Brassard,2011,115
27,Anton Rodin,2009,37
29,Emil Molin,2011,116
27,Otto Somppi,2016,108
6,Alexander Khovanov,2018,68
27,Kirill Kabanov,2010,24
31,Zachary Gallant,2017,89
27,Marcel Noebels,2011,117
26,Eric Comrie,2013,48
19,Zach Nastasiuk,2013,49
26,Tarmo Reunanen,2016,110
9,Chase Perry,2014,113
13,Vladimir Ruzicka,0,0
29,Mackenzie MacEachern,2012,79
26,Blake McLaughlin,2018,69
8,Marco Roy,2013,50
11,Theodor Blueger,2012,71
31,Cam Hillis,2018,70
26,Maksim Zhukov,2017,90
28,Olivier Rodrigue,2018,71
19,Paul Bittner,2015,27
9,Seth Barton,2018,72
27,Sampo Ranta,2018,73
8,Nate Schnarr,2017,91
10,Matia Marcantuoni,2012,73
20,Ryan Donato,2014,54
14,Mikhail Maltsev,2016,112
11,Bulat Shafigullin,2018,74
6,Alec Regula,2018,75
30,Drake Rymsha,2017,92
19,Brandon Halverson,2014,55
2,Jarret Tyszka,2017,102
1,Mikhail Berdin,2016,113
22,Liam Kirk,2018,76
8,Garrett Noonan,2011,119
9,Kale Howarth,2017,103
29,Garrett Pilon,2016,114
20,Vaclav Karabacek,2014,56
9,Jakub Skarek,2018,77
24,Tyler Inamoto,2017,104
26,Jack Glover,2014,57
20,Aapeli Rasanen,2016,115
6,Tyler Steenbergen,2017,105
6,Allan McShane,2018,78
5,Vladimir Bobylev,2016,116
11,Jordan Stallard,2016,117
14,Joonas Lehtivuori,0,0
27,Alexei Toropchenko,2017,106
26,Mitchell Mattson,2016,118
8,Chris Calnan,2012,76
19,Alexandre Mallet,2012,77
26,Filip Berglund,2016,120
29,Maxim Shalunov,2011,122
9,Parker Foo,2017,107
4,Ivan Chekhovich,2017,108
22,Emil Bemstrom,2017,109
20,Bradley Ross,2010,33
21,David Quenneville,2016,121
17,Noel Hoefenmayer,2017,110
18,Igor Shvyrev,2017,112
20,Dillon Heatherington,2013,58
6,Philipp Kurashev,2018,79
22,Brandon Duhaime,2016,122
2,Max Zimmer,2016,123
11,Brett Murray,2016,124
22,Keegan Kanzig,2013,65
1,Brandon Hickey,2014,58
8,Joshua Jacobs,2014,59
20,Nicholas Caamano,2016,125
16,Patrick Harper,2016,126
27,Noah Rod,2014,60
14,Ryan Kujawinski,2013,66
5,Lukas Dostal,2018,80
23,Philippe Desrosiers,2013,68
16,Tyler Soy,2016,127
19,Kirill Ustimenko,2017,113
11,Ben Mirageas,2017,114
22,Linus Arnesson,2013,72
16,Chase Priskie,2016,128
27,Nick Ebert,2012,84
3,Todd Burgess,2016,129
8,Oskar Back,2018,81
6,Matej Pekar,2018,82
22,Nolan Stevens,2016,130
3,Semyon Der-Arguchintsev,2018,83
31,Kyle Olson,2017,115
6,Michael Anderson,2017,116
11,Graham McPhee,2016,131
9,Justin Kirkland,2014,61
6,Sasha Chmelevski,2017,117
11,Nicolas Mattinen,2016,132
19,Yan Pavel Laplante,2013,74
1,Linus Hogberg,2016,133
7,Linus Karlsson,2018,84
1,Noah Cates,2017,118
5,Jacob Cederholm,2016,134
6,Jack Badini,2017,119
13,Ilya Sorokin,2014,63
9,Lars Volden,2011,129
23,Peter Diliberatore,2018,191
4,Justus Annunen,2018,85
22,Denis Smirnov,2017,120
30,Jacob Larsson,2015,32
15,Mathias From,2016,135
10,Magnus Nygren,2011,133
6,Jeremy Roy,2015,33
3,Ryan Collins,2014,64
15,Slava Demin,2018,86
19,Brian Ferlin,2011,135
15,Jonathan Gruden,2018,87
3,Joel Hofer,2018,88
12,Rhett Gardner,2016,136
8,Blake Pietila,2011,138
24,Thomas Novak,2015,34
13,Garrett Meurs,2011,139
5,Oskari Laaksonen,2017,121
6,Danila Zhuravlyov,2018,122
24,Cole Fonstad,2018,89
23,Yaroslav Kosov,2011,143
14,John Persson,2011,144
12,Jakob Ragnarsson,2018,90
26,Timothy Gettinger,2016,137
6,Ty Emberson,2018,91
23,Nico Gross,2018,92
2,Jansen Harkins,2015,36
10,Alex Lepkowski,2011,149
6,Sebastian Repo,2017,122
28,Keaton Middleton,2016,138
15,Dmitry Zavgorodniy,2018,93
6,Kirill Maksimov,2017,123
2,Roman Durny,2018,94
25,Dominik Uher,2011,152
6,Pavel Koltygin,2017,124
10,Anton Zlobin,2012,91
14,Adam Gilmour,2012,92
14,Carter Verhaeghe,2013,76
13,Alexander Delnov,2012,93
1,Johnathan MacLeod,2014,67
9,Mason Geertsen,2013,77
14,Kenny Ryan,2009,58
8,Maxim Letunov,2014,68
20,Tanner Laczynski,2016,139
29,Clayton Phillips,2017,125
21,Keegan Iverson,2014,69
18,Lucas Carlsson,2016,140
31,Drake Batherson,2017,126
27,James Melindy,2012,96
2,Alex Lintuniemi,2014,71
8,Connor Chatham,2014,72
4,Michael Eyssimont,2016,141
5,Evan Cormier,2016,142
29,Igor Bobkov,2009,63
27,Austin Poganski,2014,73
19,Ludvig Rensfeldt,2010,42
6,Cayden Primeau,2017,127
8,Alfons Malmstrom,2016,143
28,Liam Gorman,2018,192
14,Ryan Mantha,2014,115
8,Daniel Altshuller,2012,102
19,Rinat Valiev,2014,74
13,Hardy Haman-Aktell,2016,144
18,Mark Friedman,2014,75
6,D'Artagnan Joly,2017,128
31,Riley Stotts,2018,95
10,Olivier Roy,2009,65
18,Christopher Paquette,2016,145
29,Gabriel Carlsson,2015,38
24,Malte Setkov,2017,129
15,Brycen Martin,2014,76
5,Alex Dostie,2016,146
22,Olle Eriksson-Ek,2017,130
11,Dylan Ferguson,2017,131
29,Tanner Kaspick,2016,147
28,Jeremy Bracco,2015,39
28,Dylan Wells,2016,148
22,Milos Roman,2018,96
17,Brandon Hagel,2016,149
27,David Bernhardt,2016,150
28,Jack Rathbone,2017,132
8,Damien Riat,2016,173
12,Elvis Merzlikins,2014,78
30,Ville Husso,2014,79
23,Kaapo Kahkonen,2014,80
2,Veini Vehvilainen,2018,97
30,Nikita Gusev,2012,109
18,Ben Thomson,2012,110
26,Austin Wong,2018,193
3,Manuel Wiederer,2016,151
11,Travis Barron,2016,152
15,Gustav Possler,2013,111
16,Felix Sandstrom,2015,40
19,Jacob Bryson,2017,133
2,Jeremy Helvig,2016,153
30,Aidan Dudas,2018,98
22,Dylan Sadowy,2014,81
6,Riley Sutter,2018,99
2,Juho Lammikko,2014,82
5,Eetu Makiniemi,2017,134
24,Cole Fraser,2017,135
5,Jordan Subban,2013,78
27,Petr Kvaca,2017,136
6,Xavier Bernard,2018,100
4,Tim Soderlund,2017,137
26,Joey LaLeggia,2012,120
5,Jordan Harris,2018,101
28,Jeremy Swayman,2017,138
31,David Noel,2017,139
11,Ty Ronning,2016,154
11,Jake Paterson,2012,122
31,Logan Hutsko,2018,102
20,Mattias Elfstrom,2016,155
22,Nathan Clurman,2016,156
23,Maksim Sushko,2017,140
28,Jonathan Walker,2016,157
15,Curtis Hall,2018,103
26,Bryce Misley,2017,141
21,Nick Moutrey,2013,80
19,Austin Wuthrich,2012,128
8,Samuel Montembeault,2015,41
7,Fredrik Olofsson,2014,117
15,Jake Ryczek,2016,158
15,Jake Walman,2014,83
14,Nikolai Chebykin,2016,159
3,Axel Jonsson-Fjallby,2016,160
3,Markus Nurmi,2016,161
27,Marcus Karlberg,2018,104
11,Luke Henman,2018,105
9,Artur Gavrus,2012,133
25,Jesper Eliasson,2018,106
15,Thomas di Pauli,2012,136
21,Vojtech Budik,2016,162
25,Peter Thome,2016,163
21,Niklas Hansson,2013,82
1,Mitchell Stephens,2015,42
20,Joshua Brown,2013,167
23,Eamon McAdam,2013,83
27,Francois Brassard,2012,139
23,Joey Keane,2018,107
22,Tyler Wall,2016,164
21,Michael Bunting,2014,86
11,Marcus Hogberg,2013,84
1,Martin Pospisil,2018,108
28,Oleg Sosunov,2016,165
27,Axel Holmström,2014,87
9,Rourke Chartier,2014,118
23,Roope Laavainen,2017,142
14,Alexis Pepin,2014,88
12,Oskar Steen,2016,166
27,William Lagesson,2014,90
14,Gabriel Beaupre,2011,158
29,Nick Pastujov,2016,174
12,Marian Studenic,2017,143
15,Hudson Fasching,2013,86
2,Joona Koppanen,2016,167
29,Nathan Smith,2018,109
19,Evan Cowley,2013,112
9,Michael Prapavessis,2014,119
8,Brendan Woods,2012,145
15,Kyle Wood,2014,91
21,Miles Gendron,2014,92
21,Blake Siebenaler,2014,93
4,Ryan Fitzgerald,2013,87
18,Leon Gawanke,2017,144
8,Liam Hawel,2017,145
28,Jeremy Davies,2016,168
28,Stepan Falkovsky,2016,169
6,Filip Kral,2018,110
16,Alex Schoenborn,2014,94
3,Cameron Clarke,2016,175
26,Andrei Svetlakov,2017,146
28,Konstantin Volkov,2016,176
2,Toni Utunen,2018,111
10,Matt Mahalak,2011,160
8,Daniel Pribyl,2011,161
2,Petrus Palmu,2017,147
8,Dmitri Semykin,2018,112
3,Adam Werner,2016,177
20,Sondre Olden,2010,59
15,Riley Barber,2012,152
27,Jan Drozg,2017,148
23,Jacob Peterson,2017,149
1,Vasily Glotov,2016,178
1,Cole Cassels,2013,89
12,Linus Olund,2017,150
3,Connor Dewar,2018,113
9,Brian Cooper,2012,155
30,Blade Jenkins,2018,114
7,Brett McKenzie,2016,179
10,Mac Bennett,2009,84
2,Matheson Iacopelli,2014,97
8,Ben Thomas,2014,98
11,Jacob Paquette,2017,151
27,Rodrigo Abols,2016,180
28,Curtis Douglas,2018,115
15,Casey Staum,2016,181
18,Ryan O'Reilly,2018,116
22,Joseph Masonius,2016,182
23,Jonathan Dugan,2017,152
8,Kurtis Gabriel,2013,90
10,Jase Weslosky,0,0
21,Dysin Mayo,2014,99
4,Logan Cockerill,2017,153
18,Tomas Vomacka,2017,154
17,Jason Kasdorf,2011,166
4,Jocktan Chainey,2017,155
10,Brent Pedersen,2013,113
31,Demetrios Koumontzis,2018,117
31,Matthew Thiessen,2018,194
30,Riley Damiani,2018,118
29,Michael Karow,2017,156
31,Tobias Geisser,2017,157
13,Christopher Clapperton,2013,115
5,Tyrell Goulbourne,2013,116
11,Collin Adams,2016,183
15,Beau Starrett,2014,100
5,Jake Pivonka,2018,119
28,Brandon Crawley,2017,158
8,Matej Stransky,2011,168
22,Olle Lycksell,2017,159
6,Giovanni Vallati,2018,123
26,Patrik Westerholm,2011,170
2,Beck Malenstyn,2016,185
27,Richard Nejezchleb,2014,120
19,Vladislav Kara,2017,160
5,Ryan Jones,2016,186
8,Andrew O'Brien,2012,165
21,Gilles Senn,2017,161
21,Reece Scarlett,2011,173
27,Jakob Stenqvist,2016,187
11,Reece Willcox,2012,166
14,Tyler Bird,2014,121
22,Linus Weissbach,2017,162
27,Matt Tomkins,2012,168
20,Garret Ross,2012,169
9,Henrik Tommernes,2011,174
29,Max Gortz,2012,170
4,Samuel Fejes,2012,171
14,Fedor Gordeev,2017,163
31,Arnaud Durandeau,2017,164
31,Justin Almeida,2018,124
6,Jack Adams,2017,165
26,Luc Snuggerud,2014,122
5,Shane Eiserman,2014,123
21,Alexander Kadeikin,2014,124
21,Grant Besse,2013,118
29,C.J. Suess,2014,155
20,Joachim Blichfeld,2016,188
1,Anthony Salinitri,2016,189
24,Aarne Talvitte,2017,166
14,Jordan Hollett,2017,167
25,Niclas Almari,2016,190
23,Filip Larsson,2016,191
29,Michael Pezzetta,2016,192
3,Gabriel Fontaine,2016,193
29,John McCarron,2012,180
27,Ryan Tesink,2011,177
19,Mac Hollowell,2018,125
6,Tyler Weiss,2018,126
12,Paul Cotter,2018,127
19,Colin Smith,2012,181
25,Petteri Lindbohm,2012,183
15,Mikael Wikstrand,2012,184
22,Zach Fischer,2017,168
24,Skyler Brind'Amour,2017,169
3,Brandon Saigeon,2018,128
30,Mattias Lindstrom,2009,91
9,Aaron Irving,2014,127
5,Patrick Kudla,2016,194
29,Santeri Saari,2013,169
15,Jachym Kondelik,2018,129
14,Arvid Holm,2017,170
22,Alexis Gravel,2018,130
3,Calvin Thurkauf,2016,195
8,Dominik Lakatos,2017,171
29,Pavel Kraskovsky,2014,128
14,Noah Carroll,2016,196
22,Nick Swaney,2017,172
14,Ryan O'Connell,2017,173
18,Filip Sveningsson,2017,174
10,Gleason Fournier,2009,92
12,John St. Ivany,2018,131
10,Mark Shoemaker,2016,197
31,Lenni Killinen,2018,132
2,Clark Bishop,2014,130
13,Miguel Fidler,2014,156
24,Calle Sjalin,2017,175
21,Henri Ikonen,2013,120
14,Peter Ceresnak,2011,184
8,Merrick Madsen,2013,174
20,Francis Perron,2014,131
25,Saku Maenalanen,2013,123
28,Akira Schmid,2018,133
17,Dennis Robertson,2011,185
23,Dean Stewart,2016,198
1,Angus Crookshank,2018,134
8,Julien Pelletier,2014,132
18,Ryan Lohin,2016,200
22,Jermaine Loewen,2018,195
13,David Pope,2013,121
5,Christoffer Ehn,2014,133
5,Devon Toews,2014,134
3,Nikolaj Krag Christensen,2016,201
11,Jake Bischoff,2012,196
27,Mikael Hakkarainen,2018,135
3,Dmitriy Zaitsev,2016,202
22,Spencer Stastney,2018,136
8,Brett Davis,2017,176
3,Jacob Golden,2017,177
10,Teemu Eronen,2011,193
8,Vincent Desharnais,2016,203
31,Cole Guttman,2017,178
5,Colin Blackwell,2011,195
17,Zac Larraza,2011,196
22,Lauri Pajuniemi,2018,137
27,Jakub Galvas,2017,179
13,Filip Helt,2016,204
18,Linus Lindstrand Kronholm,2018,138
6,Nikolai Kovalenko,2018,139
26,Arvid Henrikson,2016,205
2,Adam Smith,2016,206
26,Edgars Kulda,2014,136
29,Sam Lafferty,2014,137
6,Yegor Sharangovich,2018,140
14,Fabrice Herzog,2013,122
24,Colton Hargrove,2012,202
29,Clifford Watson,2012,203
15,Jordan Fransoo,2011,199
12,Samuel Ersson,2018,141
19,Jackson Perbix,2018,142
12,Maxwell Willman,2014,139
28,Sebastian Walfridsson,2017,180
10,Jamie Phillips,2012,205
2,Joonas Lyytinen,2014,140
3,Erik Walli-Walterholm,2017,181
26,Austin Osmanski,2016,207
3,Victor Berglund,2017,182
28,Jiri Patera,2017,183
21,Benjamin Finkelstein,2016,208
17,Brayden Chizen,2016,209
8,Reid Duke,2014,142
4,Jacob Friend,2016,210
29,Jacob McGrew,2017,184
12,David Hrenak,2018,143
24,Morgan Barron,2017,185
28,Nick Campoli,2017,186
14,Antoine Bibeau,2013,126
28,Brendan De Jong,2017,187
29,Cole Ully,2013,127
31,Cole Hults,2017,188
2,Patrik Virta,2017,189
27,Matthew Berkovitz,2014,144
30,Nicolas Meloche,2015,49
7,Andrei Popov,0,0
30,Reilly Webb,2017,190
15,Kyle Platzer,2013,131
17,Zachary Pochiro,2013,132
20,Vladislav Yeryomenko,2018,144
5,Benton Maass,2017,191
30,Calvin Petersen,2013,134
15,Teemu Kivihalme,2013,135
21,Jeremy Gregoire,2013,136
15,Gage Ausmus,2013,137
1,Mattias Emilio Pettersen,2018,145
19,Nikolas Koberstein,2014,145
7,Skyler McKenzie,2017,192
14,Marc McNulty,2013,138
11,Robin Kovacs,2015,51
19,Tyler Ganly,2013,139
14,Nolan Vesey,2014,146
11,Kristoffer Gunnarsson,2017,193
15,Aaron Haydon,2014,147
15,Shane Gersich,2014,148
27,Michael Brodzinski,2013,141
25,Mathias Laferriere,2018,146
22,Carson Meyer,2017,194
22,Kristian Roykas-Marthinsen,2017,195
28,Jonathan Davidsson,2017,196
24,Brady Gilmour,2017,197
15,Xavier Bouchard,2018,147
19,Rushan Rafikov,2013,145
14,Jack Gorniak,2018,148
15,Quentin Shore,2013,146
31,Nicklaus Perbix,2017,198
31,Philip Kemp,2017,199
3,Robbie Stucker,2017,200
3,Ryan McGregor,2017,201
3,Ivan Nalimov,2014,150
25,Daniel Bukac,2017,202
5,Damian Giroux,2018,149
5,Alex Green,2018,150
19,Jordan Greenway,2015,52
27,Maxim Kitsyn,2010,81
28,Cedric Pare,2017,203
6,Connor Corcoran,2018,151
14,Pierre Engvall,2014,151
25,Dillon Donnelly,2011,207
6,Dennis Busby,2018,152
23,Trenton Bourque,2017,204
6,Wyatte Wylie,2018,153
2,Ville Rasanen,2017,205
17,Aaron Harstad,2011,209
23,Ivan Prosvetov,2018,154
20,Robin Norell,2013,152
3,Antti Palojarvi,2017,206
28,Nick Leivermann,2017,207
9,Dane Birks,2013,155
20,Louis-Marc Aubry,2010,84
27,Patrick McNally,2010,85
17,Anton Andersson,2017,208
4,Sean Malone,2013,156
2,Ryan Gropp,2015,53
9,Kelly Summers,2014,153
21,Jakov Novak,2018,196
27,Yegor Zaitsev,2017,209
17,Terrance Amorosa,2013,159
24,Gabriel Gagne,2015,54
5,Liam Coughlin,2014,159
31,Brandon Kruse,2018,155
27,Josh Ess,2017,210
28,Matt Brassard,2017,211
28,Samuel Walker,2017,212
7,Wyatt Kalynuk,2017,213
6,Ben Jones,2017,214
29,Declan Chisholm,2018,156
9,Wiley Sherman,2013,179
10,Danny Biega,2010,86
24,Pontus Holmberg,2018,157
12,Johan Sodergran,2018,158
29,Brian Pinho,2013,181
2,Victor Brattstrom,2018,159
31,Samuel Houde,2018,160
27,Patrick Cehlin,2010,88
17,Blake Heinrich,2013,185
6,Marcus Westfalt,2018,161
11,Connor Clifton,2013,187
26,Kevin Mandolese,2018,162
17,Dominik Kubalik,2013,189
29,Zachary Leslie,2013,190
31,Dawson Barteaux,2018,163
17,David Drake,2013,192
20,Anthony Brodeur,2013,193
24,Janne Juvonen,2013,194
12,Mike Callahan,2018,164
21,Blaine Byron,2013,196
24,Jacob Jackson,2013,197
7,Hugh McGing,2018,165
24,Chris Leblanc,2013,199
19,Anthony Louis,2013,200
27,Shamil Shmakov,2018,197
24,Mitchell Dempsey,2013,202
27,Cole Koepke,2018,166
29,Emil Galimov,2013,204
30,Alexander Dergachyov,2015,55
13,Mike Williamson,2013,205
13,Yakov Trenin,2015,56
15,Jacob Ingham,2018,167
3,Shawn Boudrias,2018,168
7,Aleksi Makela,2013,206
10,Kyle Burroughs,2013,207
7,Alex Kannok-Leipert,2018,169
29,Troy Josephs,2013,209
15,Victor Olofsson,2014,161
17,Erik Cernak,2015,57
7,Dustyn McFaul,2018,170
4,Mitchell Gibson,2018,171
21,Matt Spencer,2015,58
3,Magnus Chrona,2018,172
14,John Nyberg,2014,164
19,Michael Kesselring,2018,173
9,Brandon Baddock,2014,165
8,Miska Kukkonen,2018,174
22,Tim Berni,2018,175
15,Julien Nantel,2014,166
28,Emil Johansson,2014,167
20,Joey Dudek,2014,168
12,Christopher Brown,2014,169
3,Jesper Sellgren,2018,176
3,Jacob Middleton,2014,170
3,William Worge-Kreu,2018,177
29,Mitchell Hoelscher,2018,178
9,Artyom Manukyan,2018,179
31,Justin Schutz,2018,180
26,John Leonard,2018,181
8,David Tendeck,2018,182
31,Gavin Hain,2018,183
3,Anthony Angello,2014,173
17,Hayden Hawkey,2014,174
4,Eric Florchuk,2018,184
28,Simon Kjellberg,2018,185
9,Radel Fazleev,2014,175
31,Jake Evans,2014,176
28,Jake Marchment,2014,177
17,Tyler Vesel,2014,178
30,Cameron Darcy,2014,179
29,Zachary Emond,2018,186
22,Sam Hentges,2018,198
3,Jared Moe,2018,187
2,Eetu Pakkila,2018,199
15,Geoffrey Schemitsch,2010,115
14,Josiah Slavin,2018,201
8,Brett Stapley,2018,202
21,Daniel Walcott,2014,184
29,Tyler Nanne,2014,185
5,Otto Kivenmaki,2018,203
29,Kyle Schempp,2014,186
11,Christian Krygier,2018,204
7,Cristiano Digiacinto,2014,187
8,Luke Loheit,2018,205
20,Steven Spinner,2014,189
11,Cole Krygier,2018,206
31,Hugo Fagerblom,2014,190
23,Patrik Siikanen,2018,207
19,David Westlund,2014,192
7,Riley Hughes,2018,208
28,Santtu Kinnunen,2018,209
17,Zachary Bouthillier,2018,210
31,Jordan Kooy,2018,211
31,Ty Taylor,2018,212
25,Jack Ramsey,2014,195
8,Jake Kucharski,2018,213
2,Roope Hintz,2015,59
12,Pavel Shen,2018,214
25,Milan Kloucek,2018,215
3,Semyon Kizimov,2018,216
24,Kevin Bouchard,2014,198
11,Sam Brittain,2010,123
17,Maximilian Pajpach,2014,200
24,Jared Fiegl,2014,201
5,Benjamin Gallacher,2010,127
17,Jesper Pettersson,2014,204
24,Kevin Elgestal,2014,205
17,MacKenze Stewart,2014,208
20,Patrick Sanvido,2014,209
29,Dennis Yan,2015,60
30,A.J. Greer,2015,61
12,Jeremy Lauzon,2015,63
7,Mitch Vande Sompel,2015,64
11,Erik Foley,2015,65
2,Guillaume Brisebois,2015,66
21,Graham Knott,2015,68
30,Kyle Capobianco,2015,69
8,Jonas Siegenthaler,2015,70
1,Julius Nattinen,2015,71
13,Daniel Vladar,2015,72
19,Conor Garland,2015,73
18,Blake Speers,2015,74
1,Callum Booth,2015,75
2,Vili Saarijarvi,2015,76
18,Thomas Schemitsch,2015,77
27,Nikita Korostelev,2015,78
11,Austin Wagner,2015,79
17,Deven Sideroff,2015,80
14,Dmytro Timashov,2015,81
24,Matej Tomek,2015,82
1,Aleksi Saarela,2015,83
27,Glenn Gawdin,2015,84
3,Jens Looke,2015,85
25,Lukas Vejdemo,2015,86
3,Jesper Lindgren,2015,87
11,Filip Ahl,2015,88
11,Brad Morrison,2015,89
17,Jean-Christophe Beaudin,2015,90
14,Nicolas Roy,2015,91
30,Andrei Mironov,2015,92
13,Parker Wotherspoon,2015,93
1,Kevin Stenlund,2015,94
1,Andrew Nielsen,2015,95
9,Dmitri Zhukenov,2015,96
19,Daniel Bernhardt,2015,98
17,Chris Martenet,2015,99
5,Martins Dzierkals,2015,100
11,Andrew Mangiapane,2015,101
17,Adam Musil,2015,102
12,Dennis Gilbert,2015,104
13,Joren van Pottelberghe,2015,105
1,Jesse Gabrielle,2015,106
17,Luke Opilka,2015,107
19,Ryan Pilon,2015,108
4,Keegan Kolesar,2015,109
11,Anthony Richard,2015,110
14,Benjamin Marshall,2010,143
19,Veeti Vainio,2015,111
23,Ethan Bear,2015,113
10,Nick Petersen,2009,143
8,Sergey Zborovskiy,2015,114
27,Radovan Bondra,2015,115
29,Mikhail Vorobyov,2015,116
10,Rob Flick,2010,150
15,Sam Carrick,2010,151
2,Ales Stezka,2015,117
11,Mathieu Joseph,2015,118
27,Chase Pearson,2015,120
23,Kirill Kaprizov,2015,121
31,Caleb Jones,2015,122
13,Stephen Desrocher,2015,123
18,Brent Gates,2015,124
2,Vladislav Gavrikov,2015,125
28,Brendan Warren,2015,126
27,Pavel Karnaukhov,2015,127
12,Adam Huska,2015,128
26,Mike Robinson,2015,129
3,Colton White,2015,130
4,Michael Spacek,2015,131
3,Devante Stephens,2015,132
2,David Kase,2015,133
8,Will Borgen,2015,134
11,David Cotton,2015,135
1,Troy Terry,2015,136
13,Chris Wilkie,2015,138
9,Lukas Jasek,2015,139
3,Giorgio Estephan,2015,141
26,Sam Dove-McFalls,2015,142
26,Adam Helewka,2015,143
13,Ziyat Paygin,2015,144
2,Simon Bourque,2015,145
13,Cooper Marody,2015,146
29,Gustav Bouramman,2015,147
12,Adam Gaudette,2015,148
28,Spencer Smallman,2015,149
27,Adam Marsh,2015,150
20,Luke Stevens,2015,151
14,Christian Wolanin,2015,152
20,John Marino,2015,153
18,Ryan Shea,2015,154
18,Niko Mikkola,2015,155
2,Markus Ruusu,2015,156
29,Rudolfs Balcers,2015,157
12,Karel Vejmelka,2015,158
10,Matt Bradley,2015,159
28,Tate Olson,2015,161
11,Roy Radke,2015,162
23,Erik Kallgren,2015,163
2,Joni Tuulola,2015,164
17,Jeremiah Addison,2015,165
26,Karlis Cukste,2015,166
12,Ryan Zuhlsdorf,2015,167
11,Chaz Reddekopp,2015,168
13,Karch Bachman,2015,169
1,Cameron Hughes,2015,170
30,Frederik Tiffels,2015,171
21,Patrick Holway,2015,172
9,Sami Niku,2015,173
13,Sergei Boikov,2015,174
20,Garrett Metcalf,2015,175
29,Liam Dunda,2015,176
28,Joe Cecconi,2015,177
19,Kris Oldham,2015,178
27,Nikita Pavlychev,2015,180
29,Joel Daccord,2015,182
16,Connor Hobbs,2015,183
7,Gustav Olhaver,2015,184
20,Matt Schmalz,2015,185
2,Nick Boka,2015,186
11,Jack Sadek,2015,187
22,Brett Seney,2015,188
29,Carl Neill,2015,189
18,Jake Massie,2015,191
3,Tyler Moy,2015,193
22,Andong Song,2015,195
26,Colby Williams,2015,196
20,Bokondji Imama,2015,197
14,Evan Smith,2015,198
26,Ivan Chukarov,2015,200
28,Steven Lorentz,2015,201
14,Adam Comrie,0,0
26,Patrick Shea,2015,203
29,John Dahlstrom,2015,204
14,Jake Kupsky,2015,205
25,Matteo Gennaro,2015,206
11,Miroslav Svoboda,2015,207
10,Thomas Larkin,2009,153
10,Jack Becker,2015,209
18,Riley Bruce,2015,210
30,Dmitri Kugryshev,0,0
13,A.J. Jenks,0,0
10,Kelsey Tessier,0,0
7,Nikita Filatov,0,0
10,Nicolas Deschamps,0,0
10,Corey Cowick,2009,192
7,Gus Young,2009,194
20,Ben Sexton,2009,203
8,Martin Ouellette,2010,181
4,Brendan Ranford,2010,192
29,Reid McNeill,2010,198
