Name,Number,Team,Country,Age,Weight,Height,Contract,Rookie,Protected,Available for Trade,No Apply Rerate,No Trade,Salary,Injury,Number Of Injury,Condition,Suspension,Status,SK,DU,ST,SZ,AG,RB,SC,HS,RT,EX,LD,MO,PO,OV,Pro GP,Pro Minutes Played,Pro W,Pro L,Pro OTL,Pro Shutouts,Pro GA,Pro SA,Pro PIM,Pro A,Pro PenalityShots Shots, Pro PenalityShots Goals,Pro Empty Net Goal,Farm GP,Farm Minutes Played,Farm W,Farm L,Farm OTL,Farm Shutouts,Farm GA,Farm SA,Farm PIM,Farm A,Farm PenalityShots Shots, Farm PenalityShots Goals,Farm Empty Net Goal
Jonas Gustavsson,1,Rangers,SWE,26,180,75,2,False,False,False,False,False,5000000,,0,100,0,1,82,79,66,79,85,87,84,83,83,66,64,50,50,68,1,62,1,0,0,0,2,23,0,0,0,0,0,0,0,0,0,0,0,0,0,0,0,0,0,0
Ondrej Pavelec,2,Sabres,CZE,22,200,74,1,True,False,False,False,False,750000,,0,100,0,2,82,76,75,82,86,83,82,85,85,64,59,50,63,68,0,0,0,0,0,0,0,0,0,0,0,0,0,0,0,0,0,0,0,0,0,0,0,0,0,0
Nikolai Khabibulin,3,Blues,RUS,37,209,73,3,False,False,False,False,True,3000000,,0,100,0,2,85,80,79,80,84,90,86,88,86,90,87,50,89,74,7,399,5,1,0,1,15,176,0,0,0,0,0,0,0,0,0,0,0,0,0,0,0,0,0,0
Ray Emery,4,Avalanche,CAN,28,196,74,1,False,False,False,False,False,1750000,,0,100,0,2,85,76,78,79,84,86,85,87,85,74,63,50,50,70,0,0,0,0,0,0,0,0,0,0,0,0,0,0,0,0,0,0,0,0,0,0,0,0,0,0
Miikka Kiprusoff,5,Ducks,FIN,33,184,73,4,False,False,False,False,False,7900000,,0,100,0,2,93,97,64,80,92,94,93,94,94,90,84,50,50,77,8,453,6,1,0,0,22,186,0,1,4,1,0,0,0,0,0,0,0,0,0,0,0,0,0,0
Alexander Salak,6, ,CZK,23,180,73,0,True,False,False,False,False,750000,,0,100,0,2,60,50,65,75,60,60,60,57,60,47,47,50,50,51,0,0,0,0,0,0,0,0,0,0,0,0,0,0,0,0,0,0,0,0,0,0,0,0,0,0
Jonathan Bernier,7,Blues,CAN,22,184,72,2,False,False,False,False,False,1150000,,0,100,0,0,74,70,64,78,76,77,74,73,72,64,62,50,80,62,0,0,0,0,0,0,0,0,0,0,0,0,0,7,419,5,2,0,0,19,216,0,0,0,0,0
Curtis McElhinney,8,Flyers,CAN,26,193,74,1,True,False,False,False,False,500000,,0,100,0,0,78,66,71,82,78,81,80,79,80,63,68,50,40,65,0,0,0,0,0,0,0,0,0,0,0,0,0,1,48,1,0,0,0,0,20,0,0,3,0,0
Kari Lehtonen,9,Sharks,FIN,27,215,76,2,False,False,False,False,False,2900000,,0,100,0,2,87,83,82,85,87,88,87,90,90,72,76,50,50,73,6,352,5,1,0,0,16,162,0,0,0,0,0,0,0,0,0,0,0,0,0,0,0,0,0,0
Martin Biron,10,Predators,CAN,33,180,75,2,False,False,False,False,False,4850000,,0,100,0,2,84,79,60,84,85,86,86,89,88,78,85,50,30,72,2,93,1,0,0,0,5,39,0,0,0,0,0,0,0,0,0,0,0,0,0,0,0,0,0,0
Dan Ellis,11,Thrashers,CAN,29,188,72,1,False,False,False,False,False,2000000,,0,100,0,2,86,76,68,78,85,83,84,86,85,67,75,50,40,69,0,0,0,0,0,0,0,0,0,0,0,0,0,0,0,0,0,0,0,0,0,0,0,0,0,0
Ryan Miller,12,Sabres,USA,29,172,74,6,False,False,False,False,False,7950000,,0,100,0,2,96,94,71,82,94,95,94,97,98,79,80,50,82,78,8,485,7,1,0,1,19,193,0,0,2,0,0,0,0,0,0,0,0,0,0,0,0,0,0,0
Erik Ersberg,13,Hurricanes,SWE,28,168,72,1,False,False,False,False,False,850000,,0,100,0,2,82,71,48,78,82,80,80,83,83,62,62,50,25,65,1,37,0,0,0,0,0,10,0,0,0,0,0,0,0,0,0,0,0,0,0,0,0,0,0,0
Jonathan Quick,14,Canucks,USA,24,216,73,1,True,False,False,False,False,500000,,0,100,0,2,89,93,84,82,92,89,93,90,93,60,60,50,59,73,8,479,4,4,0,0,21,213,0,1,0,0,1,0,0,0,0,0,0,0,0,0,0,0,0,0
Jeff Drouin-Deslauriers,15,Wild,CAN,26,200,76,1,True,False,False,False,False,750000,,0,100,0,2,81,80,75,87,82,81,83,81,83,49,49,50,30,66,5,261,1,3,1,0,14,151,0,1,3,1,0,0,0,0,0,0,0,0,0,0,0,0,0,0
Dwayne Roloson,16,Blackhawks,CAN,41,180,73,1,False,False,False,False,False,4000000,,0,100,0,2,88,82,60,80,86,88,87,92,87,86,91,50,1,73,6,207,1,2,0,0,10,76,0,0,0,0,0,0,0,0,0,0,0,0,0,0,0,0,0,0
Steve Mason,17,Canadiens,CAN,22,212,76,1,True,False,False,False,False,750000,,0,100,0,2,89,92,81,86,88,91,90,87,88,62,62,50,47,72,8,476,3,4,1,0,25,207,0,0,9,1,0,0,0,0,0,0,0,0,0,0,0,0,0,0
Brent Johnson,18,Wild,USA,33,199,75,2,False,False,False,False,False,1800000,,0,100,0,2,79,72,74,84,80,79,81,78,81,74,70,50,5,67,4,223,1,2,0,0,16,108,0,1,0,0,0,0,0,0,0,0,0,0,0,0,0,0,0,0
Ben Bishop,19,Kings,USA,23,205,79,1,True,False,False,False,False,850000,,0,100,0,0,61,54,77,92,61,61,61,60,61,49,49,50,60,53,0,0,0,0,0,0,0,0,0,0,0,0,0,0,0,0,0,0,0,0,0,0,0,0,0,0
Peter Mannino,20,Hurricanes,USA,26,195,72,1,True,False,False,False,False,550000,,0,100,0,0,58,55,72,78,58,58,58,63,58,70,65,50,52,53,0,0,0,0,0,0,0,0,0,0,0,0,0,0,0,0,0,0,0,0,0,0,0,0,0,0
Tim Thomas,21,Thrashers,USA,36,201,71,2,False,False,False,False,False,5250000,,0,100,0,2,92,85,75,76,93,90,91,93,93,84,83,50,80,76,8,480,5,3,0,3,15,204,0,0,0,0,0,0,0,0,0,0,0,0,0,0,0,0,0,0
Corey Crawford,22,Stars,CAN,26,188,74,3,False,False,False,False,False,900000,,1,100,0,0,72,69,68,82,73,73,77,74,76,67,64,50,55,63,3,178,1,2,0,0,9,71,0,0,0,0,0,4,237,2,1,0,0,15,186,0,0,0,0,0
Johan Backlund,23,Islanders,SWE,29,198,74,2,False,False,False,False,False,805000,,0,100,0,0,66,61,68,81,64,65,64,66,67,68,48,50,50,56,2,120,0,2,0,0,10,59,0,0,0,0,0,0,0,0,0,0,0,0,0,0,0,0,0,0
Simeon Varlamov,24,Capitals,CAN,22,183,71,1,False,False,False,False,False,850000,,0,100,0,2,88,80,63,76,89,90,90,89,89,58,64,50,47,70,7,395,4,3,0,0,20,180,0,0,0,0,0,0,0,0,0,0,0,0,0,0,0,0,0,0
Michael Leighton,25,Sharks,CAN,29,186,75,1,False,False,False,False,False,800000,,0,100,0,2,83,72,66,84,85,81,86,86,86,70,66,50,25,69,3,129,2,0,0,1,3,38,15,1,0,0,0,0,0,0,0,0,0,0,0,0,0,0,0,0
Anton Kudobin,26,Capitals,KZA,24,176,71,3,True,False,False,False,False,600000,,0,100,0,0,64,62,61,61,68,65,66,67,68,56,45,50,50,54,0,0,0,0,0,0,0,0,0,0,0,0,0,8,446,5,3,0,0,24,225,0,0,0,0,0
Peter Budaj,27,Kings,SVK,27,200,73,1,False,False,False,False,False,1500000,,0,100,0,2,70,87,75,80,70,70,70,70,70,71,70,50,69,62,1,30,0,0,0,0,0,7,0,0,0,0,0,0,0,0,0,0,0,0,0,0,0,0,0,0
John Curry,28,Coyotes,USA,26,185,71,1,False,False,False,False,False,775000,,0,100,0,0,69,70,65,76,69,69,69,71,69,54,54,50,35,58,6,232,1,4,1,0,21,123,0,0,0,0,0,1,19,0,0,0,0,4,13,0,1,0,0,0
Andrew Raycroft,29,Panthers,CAN,30,185,72,3,False,False,False,False,False,720000,,0,100,0,2,77,72,65,78,76,78,80,77,78,72,76,50,20,65,4,182,0,3,0,0,12,62,0,0,0,0,0,0,0,0,0,0,0,0,0,0,0,0,0,0
Ryan Munce,30,Kings,CAN,25,185,74,1,False,False,False,False,False,500000,,0,100,0,0,53,51,65,82,53,53,53,56,53,65,66,50,42,50,0,0,0,0,0,0,0,0,0,0,0,0,0,1,24,0,0,0,0,1,11,0,0,0,0,0
Mark Dekanich,31,Wild,CAN,24,192,72,3,False,False,False,False,False,900000,,0,100,0,0,66,63,71,78,66,66,66,65,66,34,34,50,50,53,0,0,0,0,0,0,0,0,0,0,0,0,0,5,169,2,1,0,0,22,137,0,1,8,2,0
Patrick Lalime,32,Blackhawks,CAN,36,189,75,1,False,False,False,False,False,2300000,,0,100,0,1,78,70,69,84,78,80,77,82,80,78,77,50,76,67,2,41,0,0,0,0,6,18,0,0,0,0,0,0,0,0,0,0,0,0,0,0,0,0,0,0
Mike Smith,33,Hurricanes,CAN,28,218,76,5,False,False,False,False,False,2500000,,0,100,0,2,87,82,83,85,87,91,90,88,88,68,71,50,66,73,8,453,4,2,2,0,18,165,0,0,5,2,0,0,0,0,0,0,0,0,0,0,0,0,0,0
Niklas Backstrom,34,Stars,FIN,32,189,73,4,False,False,False,False,False,6200000,,0,100,0,2,91,95,69,80,93,93,93,93,92,73,78,50,69,76,4,210,1,2,0,0,12,86,0,0,0,0,0,0,0,0,0,0,0,0,0,0,0,0,0,0
Chris Carrozzi,35,Red Wings,USA,20,185,74,3,False,False,False,False,False,650000,,0,100,0,2,58,56,62,64,59,54,58,56,59,40,40,50,50,48,2,41,0,0,0,0,2,25,0,0,0,0,0,0,0,0,0,0,0,0,0,0,0,0,0,0
Justin Pogge,36,Blue Jackets,CAN,24,204,75,1,True,False,False,False,False,850000,,0,98,0,0,80,72,74,82,78,78,77,77,79,53,53,50,50,64,2,74,1,0,0,0,1,23,0,0,0,0,0,3,180,3,0,0,0,9,126,0,0,0,0,0
Cory Schneider,37,Thrashers,USA,24,195,74,1,True,False,False,False,False,850000,,1,100,0,0,67,58,72,82,67,67,67,72,67,49,49,50,70,57,0,0,0,0,0,0,0,0,0,0,0,0,0,3,69,1,1,0,0,8,65,0,0,0,0,0
Curtis Sanford,38,Maple Leafs,CAN,31,187,70,1,False,False,False,False,False,863155,,0,100,0,2,73,63,67,74,73,73,73,73,73,72,69,50,15,61,0,0,0,0,0,0,0,0,0,0,0,0,0,0,0,0,0,0,0,0,0,0,0,0,0,0
Manny Legace,39,Coyotes,CAN,37,200,70,2,False,False,False,False,False,1000000,,1,100,0,2,81,64,75,74,81,86,83,81,80,90,89,50,1,69,2,47,0,0,0,0,2,20,0,0,0,0,0,0,0,0,0,0,0,0,0,0,0,0,0,0
Mathieu Garon,40,Canadiens,CAN,32,192,74,1,False,False,False,False,False,2300000,,0,100,0,2,81,73,71,82,81,84,84,83,82,78,80,50,25,69,1,19,0,0,0,0,0,7,0,0,0,0,0,0,0,0,0,0,0,0,0,0,0,0,0,0
Yann Danis,41, ,CAN,29,181,72,0,False,False,False,False,False,600000,,0,100,0,1,78,72,61,78,80,81,78,82,79,67,71,50,67,66,0,0,0,0,0,0,0,0,0,0,0,0,0,0,0,0,0,0,0,0,0,0,0,0,0,0
Marek Schwarz,42, ,CZE,24,180,72,0,True,False,False,False,False,750000,,0,100,0,0,64,57,60,78,64,64,64,57,64,69,61,50,70,56,0,0,0,0,0,0,0,0,0,0,0,0,0,0,0,0,0,0,0,0,0,0,0,0,0,0
Morgan Clark,43,Red Wings,USA,20,162,72,3,True,False,False,False,False,650000,,0,100,0,1,59,56,52,58,59,57,60,52,58,40,40,50,50,47,0,0,0,0,0,0,0,0,0,0,0,0,0,0,0,0,0,0,0,0,0,0,0,0,0,0
Roberto Luongo,44,Panthers,CAN,32,205,75,5,False,False,False,False,False,7250000,,0,100,0,2,94,97,77,84,94,92,93,95,94,81,81,50,74,78,6,302,3,2,0,0,16,128,0,0,3,0,0,0,0,0,0,0,0,0,0,0,0,0,0,0
Craig Andersson,45,Red Wings,USA,29,180,74,2,False,False,False,False,False,6525000,,0,100,0,2,91,83,67,82,92,90,91,93,92,62,62,50,74,73,8,444,4,3,1,0,20,177,0,0,5,2,0,0,0,0,0,0,0,0,0,0,0,0,0,0
Johan Hedberg,46,Avalanche,SWE,37,190,72,2,False,False,False,False,False,1100000,,0,100,0,2,86,72,70,78,86,86,86,87,87,86,75,50,1,71,8,490,6,1,1,0,26,196,0,1,9,4,0,0,0,0,0,0,0,0,0,0,0,0,0,0
Seamus Kotyk,47,Sharks,CAN,30,180,71,1,False,False,False,False,False,475000,,0,100,0,0,55,79,55,55,55,55,55,55,55,32,32,50,50,45,0,0,0,0,0,0,0,0,0,0,0,0,0,0,0,0,0,0,0,0,0,0,0,0,0,0
Tobias Stephan,48,Stars,CHE,26,180,74,1,True,False,False,False,False,550000,,1,100,0,0,66,59,60,82,66,66,66,63,66,70,65,50,68,58,0,0,0,0,0,0,0,0,0,0,0,0,0,2,38,0,0,0,0,4,31,0,0,0,0,0
Antti Niemi,49,Coyotes,FIN,27,204,74,2,True,False,False,False,False,750000,,0,100,0,2,89,80,77,82,90,86,89,92,93,49,49,50,41,70,6,206,0,1,1,0,13,127,0,0,4,2,0,0,0,0,0,0,0,0,0,0,0,0,0,0
Jean-Sébastien Giguère,50,Flames,CAN,33,201,73,3,False,False,False,False,False,7600000,,0,100,0,2,84,83,75,80,84,90,87,86,85,82,81,50,30,72,8,492,4,3,1,0,22,229,0,0,6,1,1,0,0,0,0,0,0,0,0,0,0,0,0,0
Carey Price,51,Predators,CAN,23,219,75,1,False,False,False,False,False,850000,,0,100,0,2,87,81,84,84,90,86,87,88,89,68,72,50,80,73,8,386,3,4,0,0,16,185,0,1,0,0,0,0,0,0,0,0,0,0,0,0,0,0,0,0
Cristobal Huet,52, ,FRA,35,205,73,0,False,False,False,False,False,5500000,,0,100,0,1,84,78,77,80,84,86,86,89,86,83,77,50,1,71,0,0,0,0,0,0,0,0,0,0,0,0,0,0,0,0,0,0,0,0,0,0,0,0,0,0
Jaroslav Halak,53,Kings,SVK,25,182,71,1,False,False,False,False,False,3750000,,0,100,0,2,92,85,72,68,92,91,94,93,95,70,61,50,51,73,8,449,4,4,0,0,23,208,0,1,0,0,0,0,0,0,0,0,0,0,0,0,0,0,0,0
Ty Conklin,54,Penguins,USA,34,184,72,1,False,False,False,False,True,3350000,,0,100,0,2,86,77,64,78,83,85,86,86,84,77,75,50,72,70,2,120,1,1,0,0,6,62,0,0,0,0,0,0,0,0,0,0,0,0,0,0,0,0,0,0
Chris Osgood,55,Canucks,CAN,38,178,70,1,False,False,False,False,False,1600000,,0,100,0,2,83,73,58,74,79,84,84,83,83,90,85,50,1,69,0,0,0,0,0,0,0,0,0,0,0,0,0,0,0,0,0,0,0,0,0,0,0,0,0,0
Brian Finley,56, ,CAN,29,205,75,0,False,False,False,False,False,525000,,0,100,0,0,62,72,68,68,65,69,73,62,68,49,49,50,56,56,0,0,0,0,0,0,0,0,0,0,0,0,0,0,0,0,0,0,0,0,0,0,0,0,0,0
Vesa Toskala,57,Avalanche,FIN,32,195,70,3,False,False,False,False,False,4750000,,0,100,0,1,82,82,72,74,81,79,81,82,83,83,79,50,82,69,0,0,0,0,0,0,0,0,0,0,0,0,0,0,0,0,0,0,0,0,0,0,0,0,0,0
Scott Clemmensen,59,Blue Jackets,USA,33,205,75,1,False,False,False,False,False,1500000,,0,100,0,2,83,71,77,84,79,82,83,82,83,71,74,50,66,69,5,291,4,1,0,0,16,143,0,0,5,1,0,0,0,0,0,0,0,0,0,0,0,0,0,0
Martin Brodeur,60,Devils,CAN,38,215,74,3,False,False,False,False,True,7000000,,0,100,0,2,95,97,82,82,93,97,94,94,95,99,99,50,1,80,4,202,1,3,0,0,8,92,0,0,0,0,0,0,0,0,0,0,0,0,0,0,0,0,0,0
Tomas Vokoun,61,Lightning,CZE,33,195,72,4,False,False,False,False,False,7000000,,0,100,0,2,93,94,72,78,92,93,91,92,93,82,82,50,80,76,4,138,0,2,0,0,9,52,0,1,0,0,0,0,0,0,0,0,0,0,0,0,0,0,0,0
Pascal Leclaire,62,Ducks,CAN,28,200,74,2,False,False,False,False,False,2000000,,0,100,0,2,82,87,75,82,81,82,81,79,82,70,73,50,69,69,1,32,0,1,0,0,3,14,0,0,0,0,0,0,0,0,0,0,0,0,0,0,0,0,0,0
Ian Kerserich,64,Avalanche,USA,24,200,74,2,True,False,False,False,False,525000,,0,100,0,0,55,75,55,55,55,55,55,55,55,29,29,50,50,45,0,0,0,0,0,0,0,0,0,0,0,0,0,1,47,1,0,0,0,2,24,0,0,5,2,0
Stephen Valiquette,66, ,CAN,33,210,78,0,False,False,False,False,False,650000,,0,100,0,0,73,63,80,90,74,80,79,76,77,76,75,50,74,66,0,0,0,0,0,0,0,0,0,0,0,0,0,0,0,0,0,0,0,0,0,0,0,0,0,0
Josh Tordjman,67,Oilers,CAN,26,155,73,3,False,False,False,False,False,600000,,0,100,0,0,67,70,35,80,67,67,67,68,67,49,49,50,40,55,0,0,0,0,0,0,0,0,0,0,0,0,0,0,0,0,0,0,0,0,0,0,0,0,0,0
Alex Auld,68,Flyers,CAN,29,223,76,3,False,False,False,False,False,1200000,,0,100,0,2,83,79,85,85,84,86,85,84,86,74,72,50,40,71,3,161,1,0,1,0,10,67,0,0,3,1,0,0,0,0,0,0,0,0,0,0,0,0,0,0
Brian Elliott,69,Flames,CAN,25,202,74,1,True,False,False,False,False,1250000,,0,100,0,2,86,83,76,82,86,87,89,91,90,49,49,50,45,69,0,0,0,0,0,0,0,0,0,0,0,0,0,0,0,0,0,0,0,0,0,0,0,0,0,0
Josh Harding,70,Stars,CAN,26,197,73,2,False,False,False,False,False,2500000,,0,100,0,2,80,52,73,80,79,83,83,85,83,70,71,50,60,67,2,89,0,2,0,0,5,48,0,0,0,0,0,0,0,0,0,0,0,0,0,0,0,0,0,0
Dany Sabourin,71,Lightning,CAN,30,200,76,2,False,False,False,False,False,850000,,2,100,0,0,73,57,75,86,72,75,72,74,73,73,72,50,25,63,0,0,0,0,0,0,0,0,0,0,0,0,0,4,191,3,1,0,0,10,108,2,0,0,0,0
Chris Mason,72,Flyers,CAN,34,195,72,2,False,False,False,False,False,3000000,,0,100,0,2,91,87,72,78,91,90,91,93,90,76,76,50,1,74,6,328,3,2,1,0,8,134,0,0,2,1,0,0,0,0,0,0,0,0,0,0,0,0,0,0
José Théodore,73,Senators,CAN,34,182,71,2,False,False,False,False,False,2000000,,0,100,0,2,87,84,62,76,87,85,87,91,92,80,86,50,50,73,8,390,1,4,3,0,26,156,0,0,7,2,0,0,0,0,0,0,0,0,0,0,0,0,0,0
Manny Fernandez,74, ,CAN,36,207,72,0,False,False,False,False,False,1500000,,0,100,0,1,74,74,78,78,72,75,75,73,75,84,82,50,5,65,0,0,0,0,0,0,0,0,0,0,0,0,0,0,0,0,0,0,0,0,0,0,0,0,0,0
Brian Boucher,75,Bruins,USA,33,200,74,1,False,False,False,False,False,2225000,,0,100,0,2,82,67,75,82,85,84,85,83,85,80,73,50,25,70,1,22,0,0,0,0,1,13,2,0,0,0,0,0,0,0,0,0,0,0,0,0,0,0,0,0
Joey MacDonald,76,Oilers,CAN,30,197,72,1,False,False,False,False,False,1250000,,0,100,0,2,79,86,73,78,80,81,79,81,80,70,65,50,15,67,3,187,1,1,1,0,11,76,0,0,6,3,0,0,0,0,0,0,0,0,0,0,0,0,0,0
Cam Ward,78,Penguins,CAN,26,200,73,3,False,False,False,False,False,6000000,,0,100,0,2,91,94,75,80,91,90,92,93,92,70,85,50,60,75,6,369,5,1,0,1,14,163,0,0,6,1,0,0,0,0,0,0,0,0,0,0,0,0,0,0
Billy Sauer,79,Blues,USA,22,180,74,4,False,False,False,False,False,550000,,0,100,0,0,47,66,55,55,51,65,70,49,61,29,29,50,99,47,0,0,0,0,0,0,0,0,0,0,0,0,0,1,51,0,1,0,0,4,43,0,0,0,0,0
Rick Dipietro,80,Bruins,USA,28,210,73,1,False,False,False,False,False,5000000,,0,100,0,2,89,72,80,80,83,83,82,83,83,76,78,50,75,70,8,467,3,4,1,0,22,195,0,0,5,2,1,0,0,0,0,0,0,0,0,0,0,0,0,0
Antero Niittymaki,81,Blues,FIN,30,195,73,2,False,False,False,False,False,2200000,,0,100,0,2,86,79,72,80,87,86,86,89,86,78,73,50,25,71,2,81,0,2,0,0,7,35,0,0,0,0,0,0,0,0,0,0,0,0,0,0,0,0,0,0
Ilja Bryzgalov,82,Oilers,RUS,30,199,75,2,False,False,False,False,False,4000000,,0,100,0,2,93,91,75,84,92,94,94,93,93,75,75,50,40,76,5,300,3,2,0,0,13,121,2,0,0,0,0,0,0,0,0,0,0,0,0,0,0,0,0,0
Matt Climie,83,Sabres,CAN,28,185,75,1,True,False,False,False,False,875000,,1,100,0,0,60,50,65,84,60,60,60,57,60,49,49,50,30,51,0,0,0,0,0,0,0,0,0,0,0,0,0,7,419,5,2,0,0,33,264,0,0,0,0,0
Evgeni Nabokov,84, ,KAZ,35,200,72,0,False,False,False,False,False,6150000,,0,100,0,2,93,94,75,78,93,94,94,93,94,97,81,50,1,78,0,0,0,0,0,0,0,0,0,0,0,0,0,0,0,0,0,0,0,0,0,0,0,0,0,0
Allen York,85,Flyers,CAN,21,185,76,1,True,False,False,False,False,863155,,0,100,0,0,70,65,70,80,70,70,70,70,70,29,29,50,50,55,0,0,0,0,0,0,0,0,0,0,0,0,0,0,0,0,0,0,0,0,0,0,0,0,0,0
Jimmy Howard,86,Lightning,USA,26,205,72,1,True,False,True,False,False,800000,,0,100,0,2,91,86,80,77,91,91,92,92,92,60,55,50,41,72,6,345,3,3,0,0,19,141,0,0,3,0,0,0,0,0,0,0,0,0,0,0,0,0,0,0
Michael Garnett,87, ,CAN,28,205,73,0,False,False,False,False,False,550000,,0,100,0,0,47,66,65,65,56,66,70,49,62,50,50,50,63,51,0,0,0,0,0,0,0,0,0,0,0,0,0,0,0,0,0,0,0,0,0,0,0,0,0,0
Pekka Rinne,89,Blackhawks,FIN,27,206,77,1,False,False,False,False,False,500000,,0,100,0,2,91,85,78,88,89,91,93,92,91,67,71,50,64,74,5,231,0,5,0,0,20,123,0,0,0,0,0,0,0,0,0,0,0,0,0,0,0,0,0,0
Adam Berkhoel,90, ,USA,29,185,71,0,False,False,False,False,False,600000,,0,100,0,0,61,63,65,76,61,61,61,61,61,70,73,50,25,55,0,0,0,0,0,0,0,0,0,0,0,0,0,0,0,0,0,0,0,0,0,0,0,0,0,0
Marc-André Fleury,92,Maple Leafs,CAN,26,180,74,1,False,False,False,False,False,3850000,,0,100,0,2,92,96,60,82,91,89,92,93,92,73,71,50,75,74,8,482,6,1,1,1,17,202,0,0,0,0,0,0,0,0,0,0,0,0,0,0,0,0,0,0
Henrik Lundqvist,93,Blue Jackets,SWE,28,195,73,2,False,False,False,False,False,7800000,,0,100,0,2,96,96,72,80,93,97,96,95,97,81,78,50,30,78,2,120,1,1,0,0,4,57,0,0,0,0,0,0,0,0,0,0,0,0,0,0,0,0,0,0
Marc Denis,94, ,CAN,33,190,75,0,False,False,False,False,False,750000,,0,100,0,0,68,67,70,84,68,68,68,73,68,80,75,50,30,61,0,0,0,0,0,0,0,0,0,0,0,0,0,0,0,0,0,0,0,0,0,0,0,0,0,0
Jonas Hiller,95,Islanders,CHE,28,193,74,5,False,False,False,False,False,3850000,,0,100,0,2,89,87,71,82,89,91,90,91,89,68,65,50,25,72,2,120,1,1,0,0,5,46,0,0,0,0,0,0,0,0,0,0,0,0,0,0,0,0,0,0
Jason LaBarbera,97,Rangers,CAN,30,225,75,2,False,False,False,False,False,1000000,,0,100,0,2,79,71,87,84,83,80,84,83,83,74,80,50,30,69,1,22,1,0,0,0,2,8,0,0,0,0,0,0,0,0,0,0,0,0,0,0,0,0,0,0
Adam Courchaine,98, ,CAN,21,185,75,0,False,False,False,False,False,600000,,0,100,0,0,53,50,65,84,53,53,53,56,53,58,63,50,60,49,0,0,0,0,0,0,0,0,0,0,0,0,0,0,0,0,0,0,0,0,0,0,0,0,0,0
Marty Turco,99,Rangers,CAN,35,185,71,2,False,False,False,False,False,2000000,,0,100,0,2,90,89,65,76,90,92,90,91,91,78,88,50,1,74,7,397,3,3,0,0,21,184,0,0,0,0,0,0,0,0,0,0,0,0,0,0,0,0,0,0
Adam Dennis,100, ,CAN,25,190,72,0,False,False,False,False,False,600000,,0,100,0,0,54,57,70,78,54,54,54,57,54,64,68,50,45,51,0,0,0,0,0,0,0,0,0,0,0,0,0,0,0,0,0,0,0,0,0,0,0,0,0,0
Adam Munro,101, ,CAN,28,199,73,0,False,False,False,False,False,600000,,0,100,0,0,62,62,74,80,62,62,62,60,62,72,70,50,50,56,0,0,0,0,0,0,0,0,0,0,0,0,0,0,0,0,0,0,0,0,0,0,0,0,0,0
Al Montoya,102,Islanders,USA,25,193,73,2,True,False,False,False,False,700000,,0,100,0,0,69,66,71,80,69,69,69,60,69,66,70,50,70,59,2,79,0,0,2,0,5,38,0,0,3,1,0,1,60,1,0,0,0,1,39,2,0,0,0,0
Barry Brust,103, ,CAN,27,216,74,0,True,False,False,False,False,600000,,0,100,0,0,60,62,83,82,60,60,60,61,60,72,65,50,45,55,0,0,0,0,0,0,0,0,0,0,0,0,0,0,0,0,0,0,0,0,0,0,0,0,0,0
Bobby Goepfert,104, ,USA,27,170,70,0,True,False,False,False,False,600000,,0,100,0,0,54,51,50,74,54,54,54,57,54,67,68,50,35,50,0,0,0,0,0,0,0,0,0,0,0,0,0,0,0,0,0,0,0,0,0,0,0,0,0,0
Brent Krahn,105, ,CAN,28,220,77,0,False,False,False,False,False,600000,,0,100,0,0,61,57,85,88,61,61,61,55,61,70,71,50,55,56,0,0,0,0,0,0,0,0,0,0,0,0,0,0,0,0,0,0,0,0,0,0,0,0,0,0
Cedrick Desjardins,106, ,CAN,25,183,72,0,False,False,False,False,False,600000,,0,100,0,0,63,65,63,78,63,63,63,65,63,72,63,50,40,56,0,0,0,0,0,0,0,0,0,0,0,0,0,0,0,0,0,0,0,0,0,0,0,0,0,0
Chris Beckford-Tseu,107, ,CAN,26,201,74,0,False,False,False,False,False,600000,,0,100,0,0,53,60,75,82,53,53,53,55,53,69,66,50,40,51,0,0,0,0,0,0,0,0,0,0,0,0,0,0,0,0,0,0,0,0,0,0,0,0,0,0
Chris Holt,108, ,CAN,25,221,75,0,False,False,False,False,False,600000,,0,100,0,0,69,60,85,84,69,69,69,64,69,66,66,50,45,60,0,0,0,0,0,0,0,0,0,0,0,0,0,0,0,0,0,0,0,0,0,0,0,0,0,0
Craig Kowalski,109, ,USA,29,190,68,0,False,False,False,False,False,600000,,0,100,0,0,55,56,70,70,55,55,55,59,55,69,74,50,20,51,0,0,0,0,0,0,0,0,0,0,0,0,0,0,0,0,0,0,0,0,0,0,0,0,0,0
Dan LaCosta,110,Senators,CAN,24,186,73,2,True,False,False,False,False,600000,,0,100,0,0,63,67,66,80,63,63,63,65,63,63,62,50,60,56,0,0,0,0,0,0,0,0,0,0,0,0,0,0,0,0,0,0,0,0,0,0,0,0,0,0
Dan Turple,111, ,CAN,25,220,78,0,True,False,False,False,False,600000,,0,100,0,0,54,56,85,90,54,54,54,55,54,66,67,50,45,52,0,0,0,0,0,0,0,0,0,0,0,0,0,0,0,0,0,0,0,0,0,0,0,0,0,0
Daniel Larsson,112, ,CAN,24,170,72,0,True,False,False,False,False,600000,,0,100,0,0,60,65,50,78,60,60,60,64,60,62,66,50,60,54,0,0,0,0,0,0,0,0,0,0,0,0,0,0,0,0,0,0,0,0,0,0,0,0,0,0
Daniel Manzato,113, ,CAN,26,178,72,0,False,False,False,False,False,600000,,0,100,0,0,56,62,58,78,56,56,56,59,56,68,67,50,40,52,0,0,0,0,0,0,0,0,0,0,0,0,0,0,0,0,0,0,0,0,0,0,0,0,0,0
Daren Machesney,114, ,CAN,24,185,72,0,True,False,False,False,False,600000,,0,100,0,0,54,64,65,78,54,54,54,58,54,63,67,50,50,51,0,0,0,0,0,0,0,0,0,0,0,0,0,0,0,0,0,0,0,0,0,0,0,0,0,0
Dave Caruso,115, ,USA,28,218,71,0,False,False,False,False,False,600000,,0,100,0,0,50,57,84,76,50,50,50,56,50,66,70,50,25,49,0,0,0,0,0,0,0,0,0,0,0,0,0,0,0,0,0,0,0,0,0,0,0,0,0,0
David Brown,116, ,CAN,25,185,72,0,False,False,False,False,False,600000,,0,100,0,0,50,51,65,78,50,50,50,55,50,63,67,50,45,48,0,0,0,0,0,0,0,0,0,0,0,0,0,0,0,0,0,0,0,0,0,0,0,0,0,0
David Leggio,117, ,CAN,26,179,71,0,False,False,False,False,False,600000,,0,100,0,0,50,50,59,76,50,50,50,57,50,63,60,50,35,47,0,0,0,0,0,0,0,0,0,0,0,0,0,0,0,0,0,0,0,0,0,0,0,0,0,0
David LeNeveu,118, ,CAN,27,187,73,0,True,False,False,False,False,600000,,0,100,0,0,61,68,67,80,61,61,61,64,61,65,70,50,50,55,0,0,0,0,0,0,0,0,0,0,0,0,0,0,0,0,0,0,0,0,0,0,0,0,0,0
David Shantz,119, ,CAN,24,207,73,0,False,False,False,False,False,600000,,0,100,0,0,56,56,78,80,56,56,56,59,56,65,68,50,65,53,0,0,0,0,0,0,0,0,0,0,0,0,0,0,0,0,0,0,0,0,0,0,0,0,0,0
Devan Dubnyk,120,Flames,CAN,24,185,77,1,False,False,False,False,False,600000,,0,100,0,0,74,73,70,85,73,77,73,74,73,64,68,50,70,63,0,0,0,0,0,0,0,0,0,0,0,0,0,8,321,2,1,1,0,34,198,0,0,5,3,0
Drew MacIntyre,121, ,CAN,27,187,73,0,False,False,False,False,False,600000,,0,100,0,0,71,70,67,80,71,71,71,61,71,71,68,50,40,61,0,0,0,0,0,0,0,0,0,0,0,0,0,0,0,0,0,0,0,0,0,0,0,0,0,0
Gerald Coleman,122, ,USA,25,215,77,0,False,False,False,False,False,600000,,0,100,0,0,50,51,82,88,50,50,50,55,50,64,68,50,45,50,0,0,0,0,0,0,0,0,0,0,0,0,0,0,0,0,0,0,0,0,0,0,0,0,0,0
Glenn Fisher,123, ,CAN,27,190,73,0,False,False,False,False,False,600000,,0,100,0,0,50,51,70,80,50,50,50,56,50,64,68,50,35,48,0,0,0,0,0,0,0,0,0,0,0,0,0,0,0,0,0,0,0,0,0,0,0,0,0,0
James Reimer,124, ,CAN,22,208,75,0,False,False,False,False,False,600000,,0,100,0,0,50,51,79,84,50,50,50,55,50,60,60,50,65,49,0,0,0,0,0,0,0,0,0,0,0,0,0,0,0,0,0,0,0,0,0,0,0,0,0,0
Jean-Philippe Levasseur,125, ,CAN,23,197,72,0,True,False,False,False,False,600000,,0,100,0,0,57,66,73,78,57,57,57,58,57,64,65,50,55,53,0,0,0,0,0,0,0,0,0,0,0,0,0,0,0,0,0,0,0,0,0,0,0,0,0,0
Jeff Frazee,126, ,USA,23,193,72,0,False,False,False,False,False,600000,,0,100,0,0,70,72,71,78,70,70,70,72,70,60,65,50,70,60,0,0,0,0,0,0,0,0,0,0,0,0,0,0,0,0,0,0,0,0,0,0,0,0,0,0
Jeff Glass,127, ,CAN,25,203,75,0,False,False,False,False,False,600000,,0,100,0,0,58,66,76,84,58,58,58,62,58,65,67,50,55,54,0,0,0,0,0,0,0,0,0,0,0,0,0,0,0,0,0,0,0,0,0,0,0,0,0,0
Jeff Jakaitis,128, ,USA,27,165,70,0,False,False,False,False,False,600000,,0,100,0,0,53,50,45,74,53,53,53,57,53,65,61,50,45,48,0,0,0,0,0,0,0,0,0,0,0,0,0,0,0,0,0,0,0,0,0,0,0,0,0,0
Jeff Zatkoff,129, ,USA,23,170,75,0,False,False,False,False,False,600000,,0,100,0,0,54,51,50,84,54,54,54,55,54,61,65,50,65,50,0,0,0,0,0,0,0,0,0,0,0,0,0,0,0,0,0,0,0,0,0,0,0,0,0,0
Jhonas Enroth,130,Canadiens,SWE,22,174,70,3,True,False,False,False,False,850000,,0,100,0,1,68,72,50,74,68,68,68,71,68,61,65,50,75,58,0,0,0,0,0,0,0,0,0,0,0,0,0,0,0,0,0,0,0,0,0,0,0,0,0,0
Joe Fallon,131, ,USA,25,190,75,0,False,False,False,False,False,600000,,0,100,0,0,60,50,70,84,60,60,60,55,60,62,59,50,40,53,0,0,0,0,0,0,0,0,0,0,0,0,0,0,0,0,0,0,0,0,0,0,0,0,0,0
Joel Gistedt,132, ,SWE,23,176,71,0,False,False,False,False,False,600000,,0,100,0,0,50,50,56,76,50,50,50,56,50,62,67,50,70,48,0,0,0,0,0,0,0,0,0,0,0,0,0,0,0,0,0,0,0,0,0,0,0,0,0,0
John DeCaro,133, ,USA,28,217,75,0,False,False,False,False,False,600000,,0,100,0,0,54,51,83,84,54,54,54,56,54,67,62,50,25,51,0,0,0,0,0,0,0,0,0,0,0,0,0,0,0,0,0,0,0,0,0,0,0,0,0,0
John Murray,134, ,USA,23,197,72,0,False,False,False,False,False,600000,,0,100,0,0,50,50,73,78,50,50,50,55,50,62,57,50,50,48,0,0,0,0,0,0,0,0,0,0,0,0,0,0,0,0,0,0,0,0,0,0,0,0,0,0
Jonathan Boutin,135, ,CAN,25,206,74,0,False,False,False,False,False,600000,,0,100,0,0,50,50,78,82,50,50,50,57,50,67,67,50,55,49,0,0,0,0,0,0,0,0,0,0,0,0,0,0,0,0,0,0,0,0,0,0,0,0,0,0
Jordan Pearce,136, ,USA,24,201,73,0,True,False,False,False,False,600000,,0,100,0,0,50,50,75,80,50,50,50,57,50,62,58,50,45,48,0,0,0,0,0,0,0,0,0,0,0,0,0,0,0,0,0,0,0,0,0,0,0,0,0,0
Julien Ellis,137, ,CAN,24,177,72,0,False,False,False,False,False,600000,,0,100,0,0,50,50,57,78,50,50,50,57,50,67,58,50,50,48,0,0,0,0,0,0,0,0,0,0,0,0,0,0,0,0,0,0,0,0,0,0,0,0,0,0
Justin Peters,138,Lightning,CAN,24,213,73,3,True,False,False,False,False,500000,,0,100,0,0,64,66,71,72,61,60,60,62,64,55,45,50,65,53,0,0,0,0,0,0,0,0,0,0,0,0,0,3,109,1,0,0,0,6,46,0,0,0,0,0
Karl Goehring,139, ,USA,32,160,68,0,False,False,False,False,False,600000,,0,100,0,0,60,62,40,70,60,60,60,59,60,73,77,50,5,53,0,0,0,0,0,0,0,0,0,0,0,0,0,0,0,0,0,0,0,0,0,0,0,0,0,0
Kellen Briggs,140, ,USA,27,188,71,0,False,False,False,False,False,600000,,0,100,0,0,53,53,68,76,53,53,53,57,53,66,61,50,45,50,0,0,0,0,0,0,0,0,0,0,0,0,0,0,0,0,0,0,0,0,0,0,0,0,0,0
Kevin Lalande,141, ,CAN,23,175,71,0,False,False,False,False,False,600000,,0,100,0,0,63,60,55,76,63,63,63,57,63,62,66,50,55,54,0,0,0,0,0,0,0,0,0,0,0,0,0,0,0,0,0,0,0,0,0,0,0,0,0,0
Kevin Nastiuk,142, ,CAN,25,170,73,0,False,False,False,False,False,600000,,0,100,0,0,50,53,50,80,50,50,50,56,50,67,67,50,50,48,0,0,0,0,0,0,0,0,0,0,0,0,0,0,0,0,0,0,0,0,0,0,0,0,0,0
Kevin Regan,143, ,USA,26,190,73,0,False,False,False,False,False,600000,,0,100,0,0,55,60,70,80,55,55,55,57,55,64,67,50,40,51,0,0,0,0,0,0,0,0,0,0,0,0,0,0,0,0,0,0,0,0,0,0,0,0,0,0
Kris Mayotte,144, ,USA,27,180,72,0,True,False,False,False,False,600000,,0,100,0,0,50,53,60,78,50,50,50,55,50,67,68,50,30,48,0,0,0,0,0,0,0,0,0,0,0,0,0,0,0,0,0,0,0,0,0,0,0,0,0,0
Kyle Jones,145, ,CAN,27,200,72,0,False,False,False,False,False,600000,,0,100,0,0,50,51,75,78,50,50,50,55,50,64,63,50,30,48,0,0,0,0,0,0,0,0,0,0,0,0,0,0,0,0,0,0,0,0,0,0,0,0,0,0
Leland Irving,146, ,CAN,22,176,72,0,False,False,False,False,False,600000,,0,100,0,0,69,68,56,78,69,69,69,67,69,64,65,50,80,59,0,0,0,0,0,0,0,0,0,0,0,0,0,0,0,0,0,0,0,0,0,0,0,0,0,0
Len DiCostanzo,147, ,USA,24,185,70,0,False,False,False,False,False,600000,,0,100,0,0,50,50,65,74,50,50,50,56,50,61,59,50,45,47,0,0,0,0,0,0,0,0,0,0,0,0,0,0,0,0,0,0,0,0,0,0,0,0,0,0
Loic Lacasse,148, ,CAN,24,175,74,0,True,False,False,False,False,600000,,0,100,0,0,61,54,55,82,61,61,61,56,61,65,63,50,50,54,0,0,0,0,0,0,0,0,0,0,0,0,0,0,0,0,0,0,0,0,0,0,0,0,0,0
Matt Keetley,149,Ducks,CAN,24,189,74,3,False,False,False,False,False,500000,,0,100,0,0,56,64,69,82,56,56,56,58,56,64,63,50,50,52,0,0,0,0,0,0,0,0,0,0,0,0,0,0,0,0,0,0,0,0,0,0,0,0,0,0
Matt Zaba,150,Penguins,CAN,27,185,73,3,False,False,False,False,False,600000,,0,100,0,1,67,66,65,80,67,67,67,69,67,65,69,50,35,58,0,0,0,0,0,0,0,0,0,0,0,0,0,0,0,0,0,0,0,0,0,0,0,0,0,0
Maxime Daigneault,151,Rangers,CAN,26,203,75,3,False,False,False,False,False,600000,,0,100,0,1,50,51,76,84,50,50,50,55,50,68,69,50,55,49,0,0,0,0,0,0,0,0,0,0,0,0,0,0,0,0,0,0,0,0,0,0,0,0,0,0
Michael Mole,152, ,CAN,28,178,71,0,True,False,False,False,False,600000,,0,100,0,0,50,65,58,76,50,50,50,74,50,68,70,50,25,50,0,0,0,0,0,0,0,0,0,0,0,0,0,0,0,0,0,0,0,0,0,0,0,0,0,0
Michael Teslak,153, ,CAN,25,192,74,0,False,False,False,False,False,600000,,0,100,0,0,54,53,71,82,54,54,54,57,54,61,62,50,61,50,0,0,0,0,0,0,0,0,0,0,0,0,0,0,0,0,0,0,0,0,0,0,0,0,0,0
Michal Neuvirth,154,Capitals,CZE,22,197,72,2,True,False,False,False,False,600000,,0,100,0,2,78,72,73,78,82,83,83,82,82,62,59,50,62,66,2,84,1,0,0,0,2,34,0,0,0,0,0,0,0,0,0,0,0,0,0,0,0,0,0,0
Miika Wiikman,155, ,CAN,26,177,71,0,True,False,False,False,False,600000,,0,100,0,0,62,67,57,76,62,62,62,64,62,64,69,50,64,55,0,0,0,0,0,0,0,0,0,0,0,0,0,0,0,0,0,0,0,0,0,0,0,0,0,0
Mike Brodeur,156,Islanders,CAN,27,167,74,2,True,False,False,False,False,500000,,1,100,0,2,72,65,47,82,76,79,74,73,74,74,67,50,65,63,3,173,0,1,1,0,9,120,0,2,3,2,0,0,0,0,0,0,0,0,0,0,0,0,0,0
Mike McKenna,157, ,USA,26,187,75,0,True,False,False,False,False,600000,,0,100,0,0,64,62,67,84,64,64,64,68,64,62,67,50,62,57,0,0,0,0,0,0,0,0,0,0,0,0,0,0,0,0,0,0,0,0,0,0,0,0,0,0
Mitch OKeefe,158, ,CAN,26,210,74,0,False,False,False,False,False,600000,,0,100,0,0,59,51,80,82,59,59,59,56,59,61,63,50,61,53,0,0,0,0,0,0,0,0,0,0,0,0,0,0,0,0,0,0,0,0,0,0,0,0,0,0
Nathan Lawson,159, ,CAN,27,191,74,0,False,False,False,False,False,600000,,0,100,0,0,66,63,70,82,66,66,66,67,66,63,63,50,63,58,0,0,0,0,0,0,0,0,0,0,0,0,0,0,0,0,0,0,0,0,0,0,0,0,0,0
Nolan Schaefer,160, ,CAN,30,195,74,0,True,False,False,False,False,600000,,0,100,0,0,65,68,72,82,65,65,65,63,65,68,73,50,68,58,0,0,0,0,0,0,0,0,0,0,0,0,0,0,0,0,0,0,0,0,0,0,0,0,0,0
Ray Jean,161, ,USA,28,175,67,0,False,False,False,False,False,600000,,0,100,0,0,50,50,55,72,50,50,50,57,50,63,60,50,63,47,0,0,0,0,0,0,0,0,0,0,0,0,0,0,0,0,0,0,0,0,0,0,0,0,0,0
Rejean Beauchemin,162, ,CAN,25,195,73,0,True,False,False,False,False,600000,,0,100,0,0,50,50,72,80,50,50,50,55,50,64,65,50,64,49,0,0,0,0,0,0,0,0,0,0,0,0,0,0,0,0,0,0,0,0,0,0,0,0,0,0
Riku Helenius,163, ,FIN,22,202,75,0,True,False,False,False,False,600000,,0,100,0,0,68,50,76,84,68,68,68,62,68,61,65,50,61,58,0,0,0,0,0,0,0,0,0,0,0,0,0,0,0,0,0,0,0,0,0,0,0,0,0,0
Rob Lemelin,164, ,USA,28,205,73,0,False,False,False,False,False,600000,,0,100,0,0,55,50,77,80,55,55,55,55,55,63,60,50,63,51,0,0,0,0,0,0,0,0,0,0,0,0,0,0,0,0,0,0,0,0,0,0,0,0,0,0
Robert Gherson,165, ,CAN,27,175,73,0,True,False,False,False,False,600000,,0,100,0,0,54,59,55,80,54,54,54,57,54,69,65,50,69,51,0,0,0,0,0,0,0,0,0,0,0,0,0,0,0,0,0,0,0,0,0,0,0,0,0,0
Scott Munroe,166, ,CAN,28,210,74,0,False,False,False,False,False,600000,,0,100,0,0,71,71,80,82,71,71,71,73,71,64,68,50,64,62,0,0,0,0,0,0,0,0,0,0,0,0,0,0,0,0,0,0,0,0,0,0,0,0,0,0
Sebastian Dahm,167, ,DEN,23,175,71,0,False,False,False,False,False,600000,,0,100,0,0,56,60,55,76,56,56,56,60,56,61,62,50,61,51,0,0,0,0,0,0,0,0,0,0,0,0,0,0,0,0,0,0,0,0,0,0,0,0,0,0
Taylor Dakers,168, ,CAN,24,170,74,0,False,False,False,False,False,600000,,0,100,0,0,55,61,50,82,55,55,55,57,55,61,61,50,61,50,0,0,0,0,0,0,0,0,0,0,0,0,0,0,0,0,0,0,0,0,0,0,0,0,0,0
Thomas Greiss,169,Kings,GER,24,190,73,3,True,False,False,False,False,550000,,0,100,0,0,78,73,70,80,77,80,78,81,81,62,63,50,62,65,0,0,0,0,0,0,0,0,0,0,0,0,0,0,0,0,0,0,0,0,0,0,0,0,0,0
Tuukka Rask,170,Senators,FIN,23,169,75,3,True,False,False,False,False,700000,,0,100,0,2,89,83,53,84,91,92,90,93,93,69,67,50,69,73,4,101,0,0,0,0,1,32,0,0,0,0,0,0,0,0,0,0,0,0,0,0,0,0,0,0
Tyler Plante,171, ,USA,23,191,75,0,False,False,False,False,False,600000,,0,100,0,0,54,59,70,84,54,54,54,56,54,60,62,50,60,51,0,0,0,0,0,0,0,0,0,0,0,0,0,0,0,0,0,0,0,0,0,0,0,0,0,0
Tyler Sims,172, ,GER,25,190,72,0,False,False,False,False,False,600000,,0,100,0,0,50,50,70,78,50,50,50,56,50,61,57,50,61,48,0,0,0,0,0,0,0,0,0,0,0,0,0,0,0,0,0,0,0,0,0,0,0,0,0,0
Tyler Weiman,173, ,CAN,26,180,71,0,True,False,False,False,False,600000,,0,100,0,0,66,67,60,76,66,66,66,66,66,66,65,50,66,57,0,0,0,0,0,0,0,0,0,0,0,0,0,0,0,0,0,0,0,0,0,0,0,0,0,0
Wade Dubielewicz,174,Devils,CAN,31,185,70,2,False,False,False,False,False,525000,,0,100,0,2,71,50,65,74,70,70,70,72,73,69,72,50,69,60,6,286,3,1,0,0,17,149,15,0,6,0,0,0,0,0,0,0,0,0,0,0,0,0,0,0
